date,year,category,record_type,stage,amount_stolen,amount_recouped,title,amount_stolen_context,amount_recouped_context,pdf_url
2026-09-23,2026,Theft,Enforcement action,Indicted,128000.0,,"Manhattan D.A., D.O.I, Announce Indictment In $128K NYCERS Theft","Manhattan D.A., D.O.I, Announce Indictment In $128K NYCERS Theft",,https://www.nyc.gov/assets/doi/press-releases/2026/September/Rumley.DANY.09.23.2026.pdf
2026-09-17,2026,Contracting and procurement fraud,Enforcement action,Pleaded guilty,,100000.0,"D.A. Bragg: Final ""Valor Security"" Defendant Pleads Guilty for Operating Sham Safety School with Approx. 20K 'Students'",,"is the final defendant to be convicted in this case . On June 11, 2025, Instructor ELLIOT SOSINOV was sentenced to forfeiture of $100,000. On October 3, 2025, President ALEXANDER SHAPOROV was sentenced to 1 year in jail, 100 hours of community service, and",https://www.nyc.gov/assets/doi/press-releases/2026/September/Marini.Valor.DANY.09.17.2026.pdf
2026-09-15,2026,"Fraud, other",Enforcement action,Sentenced,80298.0,80297.0,"Former City Correction Officer Sentenced to Two Years' Probation and $80,297 in Restitution for Fraudulently Collecting Tens of Thousands of Dollars of Military Leave Pay From The City She Was Not Entitled to Receive",", illegally obtained military leave pay from the DOC between December 2022 and March 2024, totaling approximately $80,297.90. MATHIEU was employed by DOC beginning in December 2016. As a result of this investigation, MATHIEU was suspended on April 9,","Former City Correction Officer Sentenced to Two Years' Probation and $80,297 in Restitution for Fraudulently Collecting Tens of Thousands of Dollars of Military Leave Pay From The City She Was Not Entitled to Receive",https://www.nyc.gov/assets/doi/press-releases/2026/September/27Mathieu.Sentencing.09.15.2026.pdf
2026-09-09,2026,Uncategorised,Enforcement action,Pleaded guilty,,,Joseph and Anthony Livreri Guilty Pleas,,,https://www.nyc.gov/assets/doi/press-releases/2026/September/25guiltypleas09.09.2026.pdf
2026-09-08,2026,Forgery and fake credentials,Enforcement action,Indicted,,,Two Individuals and Company Indicted for Making and Selling Fake OSHA and Buildings Department Site Safety Cards,,,https://www.nyc.gov/assets/doi/press-releases/2026/September/KCDA%20Redcode%2009082026.pdf
2026-09-01,2026,"Fraud, other",Enforcement action,Sentenced,,7687583.0,"Co-Defendant in Multi-Million-Dollar Fraud Scheme Involving a Former NYC-Funded Nonprofit Homeless Services Provider Sentenced to Three Years of Supervised Release, Including Two Years of Home Confinement",,"sentenced WEISER to three years of supervised release, including two years of home confinement, and ordered WEISER to pay $7,687,583 in forfeiture and $7,687,583 in restitution. Judge Broderick sentenced BRANSKY on June 22, 2026 to six months in prison, followed",https://www.nyc.gov/assets/doi/press-releases/2026/September/24Weiser.Sentencing.09.01.2026.pdf
2026-09-01,2026,Uncategorised,DOI statement,,,,DOI Commissioner Nadia I. Shihata Updates the Public on the City Council-Mandated Investigation into What the City May Have Known About the Toxins Produced by the September 11th Terrorist Attacks,,,https://www.nyc.gov/assets/doi/press-releases/2026/September/23Sept11Inv09.01.2026.pdf
2026-08-20,2026,"Fraud, other",Enforcement action,Pleaded guilty,1000000.0,,Candidate for New York City Public Advocate Pleads Guilty to Wire Fraud,"CITY PUBLIC ADVOCATE PLEADS GUILTY TO WIRE FRAUD Angela Aquino Attempted to Defraud the New York City Campaign Finance Board of $1 Million in Public Matching Funds Earlier today in federal court in Brooklyn, Angela Aquino, a 2025 candidate for New York City Public",,https://www.nyc.gov/assets/doi/press-releases/2026/August/Aquino%20Guilty%20Plea%20PR.pdf
2026-08-20,2026,Workers' compensation fraud,Enforcement action,,,,DOI's Workers' Compensation Investigation Involving City Correction Officers' Claims Contributes to $175 Million in Cost Savings for the City Over Last Two Fiscal Years,,,https://www.nyc.gov/assets/doi/press-releases/2026/August/22LawDeptWCEval08.20.2026FINAL.pdf
2026-08-13,2026,Theft,Enforcement action,Indicted,,,"Manhattan D.A., DOI Commissioner Announce Indictment of Former IBO Employee For Computer Trespass, File Theft",,,https://www.nyc.gov/assets/doi/press-releases/2026/August/Fernandez.IBO.DANY.08.13.2026.pdf
2026-08-03,2026,Theft,Enforcement action,Charged or arrested,,,NYCHA Waste Management Superintendent Charged with Time Theft After Allegedly Going Home When She Should Have Been Working at a NYCHA Facility,,,https://www.nyc.gov/assets/doi/press-releases/2026/August/21Watson.Arrest.08.03.2026.pdf
2026-07-28,2026,Embezzlement,Enforcement action,Sentenced,400000.0,656350.0,Former Executive Director and Former Employee of Queens Defenders Legal Services Non-Profit Sentenced to Prison for Embezzling Funds,"DEFENDERS LEGAL SERVICES NON-PROFIT SENTENCED TO PRISON FOR EMBEZZLING FUNDS Defendants Lori Zeno and Rashad Ruhani Stole Over $400,000 for Personal Vacations, Luxury Shopping, and a Penthouse Apartment Earlier today, in federal court in Brooklyn, Lori Zeno, the","Kovner sentenced Zeno to 43 months’ imprisonment and Ruhani to 57 months’ imprisonment. The defendants were also ordered to pay $656,349.57 in restitution to Queens Defenders and forfeiture money judgments of $187,014.24 (Zeno) and $102,534.27 (Ruhani). Joseph Nocella,",https://www.nyc.gov/assets/doi/press-releases/2026/July/Zeno Ruhani Sentencings Press Release.pdf
2026-07-22,2026,Racketeering and violent crime,Enforcement action,Sentenced,,,"Enforcer for Brooklyn-Based ""Bully Gang"" Sentenced to 52 Years in Prison",,,https://www.nyc.gov/assets/doi/press-releases/2026/July/Gillespie%20Bully%20Gang%20Sentencing%20Press%20Release.pdf
2026-07-20,2026,"Fraud, other",Enforcement action,Charged or arrested,,,"Eight Defendants, Including Current and Former New York City Correction Officers, a Texas Parole Officer, and a New York City Transit Authority Employee, Charged in Check Fraud Scheme",,,https://www.nyc.gov/assets/doi/press-releases/2026/July/Vieux%20et%20al.%20Indictment%20Press%20Release.pdf
2026-07-14,2026,Workers' compensation fraud,Enforcement action,Sentenced,,370337.0,Former City Correction Officer Sentenced to 15 Months in Prison for Submitting False Information Related to a Workers' Compensation Claim,,"supervised release and as part of his plea agreement was ordered to pay both restitution and forfeiture, each in the amount of $370,336.79. He is scheduled to surrender on September 22, 2026. DOI Commissioner Nadia I. Shihata said, “This defendant betrayed his",https://www.nyc.gov/assets/doi/press-releases/2026/July/20.FaustinSentencing07.14.2026.pdf
2026-07-10,2026,Assault and cover-ups,Enforcement action,,,3000000.0,Four Defendants Ordered to Pay Over $3 Million in Restitution and Forfeiture for Participating in Kickback Schemes Involving a City-Funded Nonprofit,,Four Defendants Ordered to Pay Over $3 Million in Restitution and Forfeiture for Participating in Kickback Schemes Involving a City-Funded Nonprofit,https://www.nyc.gov/assets/doi/press-releases/2026/July/19nfp.kickback.07.10.2026.pdf
2026-07-01,2026,Benefits fraud,Enforcement action,Charged or arrested,,,Brooklyn Woman Charged with Using False Information to Receive Affordable Housing,,,https://www.nyc.gov/assets/doi/press-releases/2026/July/18Hodges07.01.2026.pdf
2026-07-01,2026,"Fraud, other",Enforcement action,Charged or arrested,592000.0,,"NYC Supervising Probation Officer Charged with Allegedly Filing a Fraudulent Loan Application Through the SBA's Paycheck Protection Program (""PPP"") to Illegally Obtain a $592K Government Loan","NYC Supervising Probation Officer Charged with Allegedly Filing a Fraudulent Loan Application Through the SBA's Paycheck Protection Program (""PPP"") to Illegally Obtain a $592K Government Loan",,https://www.nyc.gov/assets/doi/press-releases/2026/July/17Copeland.Arrest.07.01.2026.pdf
2026-06-25,2026,Workers' compensation fraud,Enforcement action,Charged or arrested,,,NYC Correction Officer Charged with Allegedly Filing Fraudulent Sick Leave Documentation for Medical Treatment She Did Not Receive,,,https://www.nyc.gov/assets/doi/press-releases/2026/June/16Coakley.Arrest.06.25.2026.pdf
2026-06-24,2026,Bribery and kickbacks,Enforcement action,Charged or arrested,,,Former NYC Mayoral Chief-of-Staff and Three Others Charged in Bribery Scheme Related to NYC Migrant Shelter Contract,,,https://www.nyc.gov/assets/doi/press-releases/2026/June/FC et al. Indictment Press Release.pdf
2026-06-24,2026,Theft,Enforcement action,Charged or arrested,63000.0,,"NYC Health + Hospitals Electrician Charged with Stealing High-Grade Copper Wire From South Brooklyn Health and Selling It For More Than $63,000","NYC Health + Hospitals Electrician Charged with Stealing High-Grade Copper Wire From South Brooklyn Health and Selling It For More Than $63,000",,https://www.nyc.gov/assets/doi/press-releases/2026/June/15Bacchus06.24.2026.pdf
2026-06-22,2026,Uncategorised,Enforcement action,Sentenced,50000000.0,7690000.0,Former CEO at City-Funded Nonprofit Homeless Services Provider Sentenced to Six Months in Prison,"DOI Commissioner Nadia I. Shihata said, “These defendants used false statements to defraud the City of New York of more than $50 million, money that went toward paying inflated prices and unreasonable mark-ups for goods and services that should have been used to","BRANSKY today to six months in prison, followed by three years supervised release. BRANSKY was also ordered to pay approximately $7.69 million in r estitution and $1.2 million in forfeiture. He is scheduled to surrender on September 29, 2026. In October 2025, BRANSKY",https://www.nyc.gov/assets/doi/press-releases/2026/June/14Bransky.Sentencing.06.22.2026.pdf
2026-06-11,2026,Extortion,Enforcement action,Indicted,,,New York City Department of Correction Captain Indicted for Extortion and Wage Fraud Scheme,,,https://www.nyc.gov/assets/doi/press-releases/2026/June/Latanya%20Brown%20Indictment%20Press%20Release.pdf
2026-06-08,2026,Uncategorised,Agency announcement,,,,"NYS Legislature Passes Bill that Will Provide Full, Independent Oversight of the NYC Administration for Children's Services (ACS) by Granting DOI Access to Critical ACS Records",,,https://www.nyc.gov/assets/doi/press-releases/2026/June/12ACSBill06.08.2026.pdf
2026-06-03,2026,Tenant harassment and eviction,Enforcement action,Indicted,,,Bronx Landlord Indicted for Filing False Permit Request,,,https://www.nyc.gov/assets/doi/press-releases/2026/June/BXDA%20Letter%20Head%202026%20joel%20grunbaum%20indicted%20filing%20false%20building%20permit.pdf
2026-06-02,2026,Contraband smuggling,Enforcement action,Charged or arrested,,,Former Staff Member Charged with Smuggling Contraband into Juvenile Detention Center in Exchange for Bribes,,,https://www.nyc.gov/assets/doi/press-releases/2026/June/Smith%20Arrest%20PR.pdf
2026-06-01,2026,Workers' compensation fraud,Enforcement action,Pleaded guilty,,232427.0,Former City Correction Officer Pleads Guilty to False Statement Charge Relating to Workers' Compensation Claim,,"of New York; he is scheduled to be sentenced on September 10, 2026 . CONCEPCION agreed to pay forfeiture in the amount of $232,427, which represents proceeds from the commission of the offense; and restitution in the amount of $232,427. According to the",https://www.nyc.gov/assets/doi/press-releases/2026/June/11Concepcion.Guilty.Plea.06.01.2026.pdf
2026-05-28,2026,Theft,Enforcement action,Indicted,222000.0,,D.A. Bragg Announces Indictments of OCME Employees for $222K Time Theft,D.A. Bragg Announces Indictments of OCME Employees for $222K Time Theft,,https://www.nyc.gov/assets/doi/press-releases/2026/May/5.28.26 OCME Time Theft DANY.pdf
2026-05-26,2026,Theft,Enforcement action,Indicted,,,D.A. Bragg Announces Indictment in $188K Pension Theft,,,https://www.nyc.gov/assets/doi/press-releases/2026/May/5.26.26%20Budreau%20NYCERS%20fraud%20SCA%20release.pdf
2026-05-21,2026,Contraband smuggling,Enforcement action,Indicted,,,NYC Department of Correction Officer Indicted for Taking Bribes to Smuggle Contraband,,,https://www.nyc.gov/assets/doi/press-releases/2026/May/46-2026-Eric-Rivera-indicted.pdf
2026-05-14,2026,"Fraud, other",Enforcement action,Charged or arrested,1000000.0,,Candidate for New York City Public Advocate Charged with Wire Fraud,"PUBLIC ADVOCATE CHARGED WITH WIRE FRAUD Defendant Allegedly Attempted to Defraud the New York City Campaign Finance Board of $1 Million in Public Matching Funds Earlier today in federal court in Brooklyn, a criminal complaint was unsealed charging Angela Aquino, a",,https://www.nyc.gov/assets/doi/press-releases/2026/May/Angela%20Aquino%20Arrest%20Press%20Release.pdf
2026-05-06,2026,Forgery and fake credentials,Enforcement action,,,,Attorney General James Stops Forged Temporary License Plate Scheme Operating in Brooklyn,,,https://www.nyc.gov/assets/doi/press-releases/2026/May/2025.05.06%20Tyheem%20Evans%20Arrest%20Release.pdf
2026-04-30,2026,Workers' compensation fraud,Enforcement action,Charged or arrested,,,Former Correction Officer Charged with Filing Phony Documentation for Medical Treatment,,,https://www.nyc.gov/assets/doi/press-releases/2026/April/wilson_james_04_30_2026_cmp.pdf
2026-04-30,2026,Racketeering and violent crime,Enforcement action,Sentenced,,,"Leader of Brooklyn-Based ""Bully Gang"" Sentenced to 60 Years in Prison",,,https://www.nyc.gov/assets/doi/press-releases/2026/April/2026.04.30%20Moeleek%20Harrell%20Sentencing%20Press%20Release.pdf
2026-04-29,2026,Assault and cover-ups,Enforcement action,Indicted,,,Two NYC DOC Officers Indicted for Official Misconduct Related to Pepper Spraying Inmates,,,https://www.nyc.gov/assets/doi/press-releases/2026/April/37-2026-DOC-officers-Houlder-and-Hawkins-indicted.pdf
2026-04-23,2026,Uncategorised,Commissioner remarks,,,,DOI Commissioner Nadia I. Shihata Marks First Day at DOI,,,https://www.nyc.gov/assets/doi/press-releases/2026/April/09FirstDayNS.04.23.2026.Final.pdf
2026-04-15,2026,Theft,Enforcement action,Indicted,228989.0,,"NYC DOC Captain, 10 Correction Officers Indicted for Corruption and Grand Larceny","they were working regular hours or overtime, when in fact they were not at work. The total allegedly stolen by the defendants is $228,989.23. The amounts allegedly stolen by each defendant are as follows: William Newlin: $50,083.46 Raymond Espino: $30, 817.17 Jason",,https://www.nyc.gov/assets/doi/press-releases/2026/April/35-2026-DOC-Officers-indicted-for-corruption.pdf
2026-04-09,2026,"Fraud, other",Enforcement action,Pleaded guilty,80298.0,,Navy Reservist Pleads Guilty to Fraudulently Obtaining Tens of Thousands of Dollars of Military Leave Pay from the Department of Correction,"MATHIEU fraudulently obtained military leave pay from the DOC fr om December 2022 through March 2024, totaling approximately $80,297.90. * * * 2 MATHIEU, 34, of Freeport, New York, pled guilty to one count of wire fraud, which carries a maximum sentence of 20",,https://www.nyc.gov/assets/doi/press-releases/2026/April/Mathieu Plea PR.pdf
2026-03-31,2026,Assault and cover-ups,Enforcement action,Indicted,1300000.0,,"Former Board Chairman and Executive Director of Healthcare Non-Profit Indicted for Embezzlement, Bribery and Kickback Schemes","INDICTED FOR EMBEZZLEMENT, BRIBERY AND KICKBACK SCHEMES Defendants Allegedly Abused Their Positions to Obtain More Than $1.3 Million in Stolen Funds and Kickbacks from Vendors Earlier today, in federal court in Brooklyn, an indictment was unsealed charging Jean",,https://www.nyc.gov/assets/doi/press-releases/2026/March/Tirelus%20et%20al.%20Indictment%20Press%20Release.pdf
2026-03-31,2026,Unlicensed operation,Enforcement action,,14000.0,,"Joint DOI-DOB Investigative Unit Issues Violations to Unlicensed Hempstead, N.Y. Man Whose Company Illegally Hung Storefront Sign in Queens that was Part of a Collapse that Injured Three People","records show that Rico Creative Art LLC had been hired to create a 48-by-four-foot metaland-canvas sign with LED lighting for $14,000; however, did not hold a DOB license to hang signs, did not obtain the required permits to hang the sign, and did not submit the",,https://www.nyc.gov/assets/doi/press-releases/2026/March/07Barthol.03.31.2026.pdf
2026-03-30,2026,Bribery and kickbacks,Enforcement action,Indicted,,,"Manhattan D.A., Department of Investigation Announce Bribery Indictment of Department of Buildings Supervisor",,,https://www.nyc.gov/assets/doi/press-releases/2026/March/ManDA.Udeh.03.30.2026.pdf
2026-03-27,2026,Theft,Enforcement action,Indicted,20000.0,,Former NYCHA Employee Indicted for Corruption in Scheme to Steal from Current and Prospective Tenants,"EMPLOYEE INDICTED FOR CORRUPTION IN SCHEME TO STEAL FROM CURRENT AND PROSPECTIVE TENANTS Defendant Allegedly Took More Than $20,000 from Victims Bronx District Attorney Darcel D. Clark today announced that a former employee of New York City Housing Authority’s",,https://www.nyc.gov/assets/doi/press-releases/2026/March/30-2026-Former-NYCHA-Employee-indicted-for-bribery.pdf
2026-03-17,2026,Workers' compensation fraud,Enforcement action,Pleaded guilty,,,City Correction Officer Pleads Guilty to False Statement Charge Relating to Workers' Compensation Claim,,,https://www.nyc.gov/assets/doi/press-releases/2026/March/06Faustin.Guilty.Plea.03.17.2026.pdf
2026-03-12,2026,Contracting and procurement fraud,Enforcement action,Pleaded guilty,325000.0,325000.0,D.A. Bragg Announces Guilty Plea in $325K Wage Theft by School Construction Authority Subcontractor,D.A. Bragg Announces Guilty Plea in $325K Wage Theft by School Construction Authority Subcontractor,"false documents in an attempt to conceal the theft. Today’s guilty pleas hold accountable those responsible and also result in $325,000 in restitution that will return the stolen wages to the workers. I thank the Manhattan District Attorney’s Office and the School",https://www.nyc.gov/assets/doi/press-releases/2026/March/DANY.SCA.WageTheft.Guilty.Plea.03.12.2026.pdf
2026-03-06,2026,"Fraud, other",Enforcement action,Pleaded guilty,1600000.0,514818.0,"D.A. Bragg, Acting DOI Commissioner Ryan Announce Guilty Pleas of Real Estate Developers Who Defrauded New York's 421-A Program","New York State’s 421-a tax exemption program meant to promote affordable housing, and collectively obtaining more than $1.6 million in illegal property tax benefits. “Access to affordable housing in Manhattan is scarce. These defendants scammed the system to","additional affordable units, GOLD will pay $275,000 in restitution and create one additional affordable unit, and KOHN will pay $514,818 in restitution and create one additional affordable unit. There will also be a three-year period of monitoring by DOI by an",https://www.nyc.gov/assets/doi/press-releases/2026/March/DANY.421a.Developers.03.06.26.pdf
2026-02-27,2026,Contraband smuggling,Enforcement action,Sentenced,,3000.0,"Former NYC DOC Officer Sentenced for Smuggling Contraband Worth $15,000 into Rikers Island",,"by smuggling valuable commodities that fuel violence. He tarnished Correction Officers reputation and broke his oath for $3,000. Now, he’s on probation for three years and must pay restitution.” Acting NYC Department of Investigation Commissioner",https://www.nyc.gov/assets/doi/press-releases/2026/February/23-2026-Kendell%20Felix-sentenced-for%20bribe-receiving.pdf
2026-02-18,2026,Uncategorised,Agency announcement,,3000.0,5070000.0,"DOI Calendar Year 2025 by the Numbers: 174 Arrests, An Active Caseload of 1,402 Investigations; and More Than $6 Million in Financial Recoveries Collected for the City","Brooklyn charity who was sentenced to 21 months’ imprisonment for embezzlement. • A Queens man pleaded guilty to accepting over $3,000 from two undercover DOI investigators posing as City Taxi and Limousine Commission (“TLC”) license candidates in exchange for","made 372* arrests. • Received 12,979 complaints, approximately 12% fewer than the 14,817* received in CY 2024. • Saved the City $5.07 million in public funds that were recovered as a result of DOI’s Asylum Seeker Monitorship, which found an array of vendor invoicing",https://www.nyc.gov/assets/doi/press-releases/2026/February/04CYend2025.02.18.2026.Visual.Release.pdf
2026-02-12,2026,Bribery and kickbacks,Enforcement action,Charged or arrested,,,Former NYPD Official and Florida Businessman Charged with Bribery Offenses,,,https://www.nyc.gov/assets/doi/press-releases/2026/February/Taylor%20and%20Roefaro%20Arrest%20PR.pdf
2026-02-06,2026,Theft,Enforcement action,Charged or arrested,9332.0,,"DOI Investigation Leads to Former City Correction Officer Charged with Submitting False Documents to Steal $9,332","DOI Investigation Leads to Former City Correction Officer Charged with Submitting False Documents to Steal $9,332",,https://www.nyc.gov/assets/doi/press-releases/2026/February/Sosa.Arrest.02.05.2026%20Corrected.pdf
2026-02-03,2026,"Fraud, other",Enforcement action,Pleaded guilty,100000.0,,Former Executive Director of Legal Services Non-Profit in Queens Pleads Guilty to Fraud,"RELEASE FORMER EXECUTIVE DIRECTOR OF LEGAL SERVICES NON-PROFIT IN QUEENS PLEADS GUILTY TO FRAUD Lori Zeno Admits Embezzling Over $100,000 for Personal Vacations, Luxury Shopping, and Penthouse Apartment Earlier today, in federal court in Brooklyn, Lori Zeno, the",,https://www.nyc.gov/assets/doi/press-releases/2026/February/Zeno%20Guilty%20Plea%20PR.pdf
2026-01-23,2026,Contraband smuggling,Enforcement action,Sentenced,7392.0,,Former Civilian Program Counselor at City Department of Correction Sentenced to Three Months' Imprisonment for Accepting Bribes to Smuggle Contraband into Rikers Island,"two years of supervised release, of which the first three months will be served on home detention, for accepting approximately $ 7,392 in bribes in exchange for smuggling contraband - marijuana, tobacco and drug-soaked papers - to persons in custody at the Rose M.",,https://www.nyc.gov/assets/doi/press-releases/2026/January/02Henry.Sentencing.01.23.2026.pdf
2026-01-21,2026,Theft,Enforcement action,Sentenced,38471.0,10000.0,"Bronx Man Sentenced for Stealing $38,471 in City-Administered Adoption Subsidies","Bronx Man Sentenced for Stealing $38,471 in City-Administered Adoption Subsidies","the case. TRAVON TAYLOR, 30, of Bronx, N.Y., was sentenced today to three years’ probation, 50 days of community service, and $10,000 in restitution, as part of a plea agreement in November 2025 in which TAYLOR entered a guilty plea to Petit Larceny, a class A",https://www.nyc.gov/assets/doi/press-releases/2026/January/01Travon.Taylor.Sentencing.01.21.2026.pdf
2026-01-14,2026,Contraband smuggling,Enforcement action,Indicted,5000.0,,"NYC DOC Officer, Rikers Island Inmate and His Wife Indicted for Smuggling Security Tools, Other Contraband Into Jail; Officer Allegedly Took Over $5,000 in Bribes","NYC DOC Officer, Rikers Island Inmate and His Wife Indicted for Smuggling Security Tools, Other Contraband Into Jail; Officer Allegedly Took Over $5,000 in Bribes",,https://www.nyc.gov/assets/doi/press-releases/2026/January/5-2026-Rikers%20CO-Inmate-wife-indicted-for-contraband.pdf
2026-01-13,2026,Bribery and kickbacks,Enforcement action,Charged or arrested,16000.0,,Former New York City Official Charged With Bribery and Fraud,"DOI Commissioner Jocelyn E. Strauber. “He allegedly exploited this position of trust and influence to enrich himself, accepting $16,000 in bribes and kickbacks in return for favors, including pressuring other government officials to give City contracts to one",,https://www.nyc.gov/assets/doi/press-releases/2026/January/Herbert%20Arrest%20PR%20nq.pdf
2025-12-18,2025,Drug offenses,Enforcement action,Sentenced,,535989.0,Two Pharmacists Sentenced to Years in Prison for Illegal Distribution of Oxycodone,,"Ennab to 30 months’ imprisonment. As part of their sentences, Mathis and Ennab were ordered to pay forfeiture in the amount of $535,989.12 and $13,472.76, respectively, and Hassan was ordered to pay forfeiture in an amount to be determined at a future date. Ennab and",https://www.nyc.gov/assets/doi/press-releases/2025/december/Ennab%20and%20Hassan%20Oxycodone%20Sentencing%20Press%20Release.pdf
2025-12-11,2025,Bribery and kickbacks,Enforcement action,Charged or arrested,5000000.0,,"CEO of Telecommunications Construction Company Charged with Commercial Bribery, Fraud, and Witness Tampering Offenses","schemes, TEPEDINO and others formed shell companies, created fake invoices, and loot ed the Construction Company of more than $5 million. TEPEDINO then used some of those proceeds to bribe an employee of the Victim Company and to make millions of dollars in",,https://www.nyc.gov/assets/doi/press-releases/2025/december/TepedinoIndictmentPR.pdf
2025-11-25,2025,Bribery and kickbacks,Enforcement action,Convicted,,2000000.0,"All 70 NYCHA Employees Charged in February 2024 Sweep Convicted of Bribery, Fraud, or Extortion Offenses",,"result of the convictions, the defendants will collectively pay over $2.1 million in restitution to NYCHA and will forfeit over $2 million in criminal proceeds. “Today’s plea of the 70th and final NYCHA pay-for-play contracting scheme defendant marks an important",https://www.nyc.gov/assets/doi/press-releases/2025/November/NYCHA%20Convictions%20PR.pdf
2025-11-24,2025,Embezzlement,Enforcement action,Pleaded guilty,1900000.0,1025648.0,Four Individuals Plead Guilty to Conspiracies to Misappropriate Funds of Non-Profit Organization Serving the Homeless,"and Velazquez authorized approximately $1.6 million in payments from the Organization to Camarena’s business and approximately $1.9 million from the Organization to Nigam’s business during the operation of the schemes. As part of the pleas, DSilva and Velazquez each","years’ imprisonment at their respective sentencings. The defendants have also agreed as part of their pleas to pay a total of $1,025,647.78 in restitution to the Organization. Joseph Nocella, Jr., United States Attorney for the Eastern District of New York; Jocelyn E.",https://www.nyc.gov/assets/doi/press-releases/2025/November/Camarena%20Guilty%20Plea%20PR.pdf
2025-11-11,2025,Contraband smuggling,Enforcement action,Sentenced,,,Former NYC DOC Officer Sentenced to 90 Days in Jail for Planting Makeshift Weapon in Rikers Island Cell,,,https://www.nyc.gov/assets/doi/press-releases/2025/November/106-2025-Dionisio-Rosario-sentenced--planted-evidence-Rikers%20.pdf
2025-11-11,2025,Uncategorised,Commissioner remarks,,,330000.0,"Keynote Remarks of DOI Commissioner Jocelyn E. Strauber for the Association of Inspectors General Conference: ""Chasing Facts, Not Headlines: Navigating Obstacles While Staying the Course""",,"the absence of guidance and standards around security details, and a settlement in which the former Mayor agreed to pay nearly $330,000 in fines. During my tenure over the past three-and-a-half years, with our prosecutorial and law enforcement partners, we arrested",https://www.nyc.gov/assets/doi/press-releases/2025/November/AIGRemarks11.11.2025.pdf
2025-11-10,2025,"Fraud, other",Enforcement action,Pleaded guilty,7774.0,8000.0,"Brooklyn Man Pleads Guilty and Must Pay Restitution in Connection with Fraudulently Submitting Online Health Surveys to Illegally Obtain Nearly $8,000in City-funded Gift Cards","a computer program that performs automatic repetitive tasks , to answer hundreds of online health surveys in order to steal $7,774 in e lectronic gift card (“e-gift card”) fund s from the C ity Department of Health and Mental Hygiene (“DOHMH”). The e-gift","Brooklyn Man Pleads Guilty and Must Pay Restitution in Connection with Fraudulently Submitting Online Health Surveys to Illegally Obtain Nearly $8,000in City-funded Gift Cards",https://www.nyc.gov/assets/doi/press-releases/2025/November/46Chai.GP.11.10.2025updated.pdf
2025-11-10,2025,Assault and cover-ups,Enforcement action,Charged or arrested,,,City Health + Hospitals Behavioral Health Associate Charged with Felony Assault of a Patient,,,https://www.nyc.gov/assets/doi/press-releases/2025/November/47Cooke.Roberts.Arrest.11.10.2025.pdf
2025-11-05,2025,Contraband smuggling,Enforcement action,Charged or arrested,,,Three ACS Youth Development Specialists -- Including a Supervisor -- Charged With Conspiring to Smuggle Contraband into Brooklyn Juvenile Detention Center,,,https://www.nyc.gov/assets/doi/press-releases/2025/November/45YDS.Arrests.11.05.2025.pdf
2025-10-29,2025,Contraband smuggling,Enforcement action,Charged or arrested,100000.0,,Former ACS Youth Development Specialist Charged in Contraband Smuggling Investigation at Brooklyn Juvenile Detention Center,"of New York, and was arraigned late yesterday before United States Magistrate Judge Taryn A. Merkl . FRAZIER was released on a $100,000 unsecured bond and ordered to home det ention, with electronic monitoring. As detailed in the Complaint, FRAZ IER took bribes",,https://www.nyc.gov/assets/doi/press-releases/2025/October/44Frazier.Arrest.10.30.2025.pdf
2025-10-29,2025,Workers' compensation fraud,Enforcement action,Charged or arrested,,,Former Correction Officer Charged With Filing Phony Documentation for Medical Treatment,,,https://www.nyc.gov/assets/doi/press-releases/2025/October/escalera_equanna_10_30_2025_arr.pdf
2025-10-28,2025,Uncategorised,Agency announcement,,,,DOI Begins Review of NYPD Response to Protests as Agreed to in Settlement of Lawsuit Involving Policing of Summer 2020 Demonstrations,,,https://www.nyc.gov/assets/doi/press-releases/2025/October/43ProUnitFAA.10.28.2025.pdf
2025-10-22,2025,"Fraud, other",Enforcement action,Pleaded guilty,,,Former CEO and Business Partner at City-Funded Nonprofit Homeless Services Provider Plead Guilty to Conspiracy to Defraud NYC of Millions of Dollars,,,https://www.nyc.gov/assets/doi/press-releases/2025/October/42CCSGuiltyPleas10.22.2025.pdf
2025-10-09,2025,Theft,Enforcement action,Indicted,135000.0,,Ex-NYC Department of Correction Employee Indicted for not Reporting Over $135K She Received From Inmates' Associates,Ex-NYC Department of Correction Employee Indicted for not Reporting Over $135K She Received From Inmates' Associates,,https://www.nyc.gov/assets/doi/press-releases/2025/October/91-2025-tawanna-shackelford-tax-fraud-riker.pdf
2025-10-09,2025,Contraband smuggling,Enforcement action,Sentenced,,20783.0,Former ACS Youth Development Specialist Sentenced to 12 Months and One Day in Prison for Accepting Bribes in Exchange for Smuggling Contraband Into Juvenile Detention Center,,"to 12 months and one day in prison followed by two years’ post r elease supervision, and was ordered to pay forfeiture of $20,783. BOLTON is scheduled to surrender on January 5, 2026. Two other co-defendants were sentenced earlier this year: CH RISTOPHER",https://www.nyc.gov/assets/doi/press-releases/2025/October/39Boltonetal.Sentencing.10.09.2025.pdf
2025-10-09,2025,"Fraud, other",Enforcement action,Sentenced,,,Principals of Fire Alarm Repair Company Sentenced to Prison Time for Decade-Long Scheme to Defraud City Agencies by Overbilling,,,https://www.nyc.gov/assets/doi/press-releases/2025/October/40Stanzione.Neogra.10.09.2025.pdf
2025-10-03,2025,Contracting and procurement fraud,Enforcement action,Sentenced,,100000.0,Statements from Manhattan District Attorney Bragg and D.O.I. Commissioner Strauber on Sentencing of Operator of Sham Safety Training School,,"SAFETY TRAINING SCHOOL Alexander Shaporov was sentenced to 1 year in jail, 100 hours of community service, and the forfeiture of $100,000. Valor Security lost its security license. Here are statements from D.A. Bragg and DOI Commissioner Strauber on the sentencing:",https://www.nyc.gov/assets/doi/press-releases/2025/October/Shaporov.Sent.10.03.2025.pdf
2025-09-30,2025,Tenant harassment and eviction,Enforcement action,Indicted,,,"D.A. Bragg, D.O.I. Commissioner Strauber Announce Indictment of Landlords for Tenant Harassment in Chelsea Apartment",,,https://www.nyc.gov/assets/doi/press-releases/2025/September/DANY.TenantHarr.09.30.2025.pdf
2025-09-19,2025,Payroll and wage abuse,Enforcement action,Pleaded guilty,22000.0,,"City Health + Hospitals Engineer Pleads Guilty to Stealing Nearly $22,000 in Wages","City Health + Hospitals Engineer Pleads Guilty to Stealing Nearly $22,000 in Wages",,https://www.nyc.gov/assets/doi/press-releases/2025/September/37Ruszala09.19.2025.pdf
2025-09-17,2025,Theft,Enforcement action,Sentenced,624000.0,511116.0,"New York City Employee Sentenced to Prison for Stealing $624,000","New York City Employee Sentenced to Prison for Stealing $624,000","The defendant pleaded guilty to first-degree corrupting the government on April 30, 2025. A judgment order of restitution for $511,115.61 against the defendant was signed at the time of the plea. NYCERS was previously able to get back approximately $113,000 from the",https://www.nyc.gov/assets/doi/press-releases/2025/September/mathieu_gregory_sen_9_17_2025.pdf
2025-09-16,2025,Contracting and procurement fraud,Enforcement action,Sentenced,,3267811.0,President of Queens-Based Construction Company Sentenced to 48 Months in Prison for Scheme to Defraud the City in Connection With Homeless Shelter Contracts,,"York to 48 months in prison, followed by two years of supervised release. As part of his plea agreement, CHEEMA agreed to pay $3,267,811 in restitution and forfeiture. He is scheduled to surrender on October 31, 2025. DOI Commissioner Jocelyn E. Strauber said, “",https://www.nyc.gov/assets/doi/press-releases/2025/September/35CheemaRelease09.16.2025.pdf
2025-09-11,2025,Embezzlement,Enforcement action,Sentenced,2300000.0,2300000.0,Former Fiscal Officer for Brooklyn Charity Sentenced to 21 Months' Imprisonment for Embezzlement,"FISCAL OFFICER FOR BROOKLYN CHARITY SENTENCED TO 21 MONTHS’ IMPRISONMENT FOR EMBEZZLEMENT Defendant Admitted to Stealing Over $2.3 Million from the Non-Profit Company and Spent the Stolen Funds on Remodeling Her Home, Spa Treatment, and Luxury Goods BROOKLYN, NY –","(the Non-Profit). Joseph pleaded guilty to wire fraud in January 2024. As part of her sentence, Joseph was also ordered to pay $2.3 million in restitution and forfeiture in the amount of $2.3 million. Joseph Nocella, Jr., United States Attorney for the Eastern",https://www.nyc.gov/assets/doi/press-releases/2025/September/Marcia%20Joseph%20Sentencing%20Press%20Release.pdf
2025-09-02,2025,Extortion,Enforcement action,Sentenced,29000.0,149846.0,Former Board of Elections Employee and Former Bronx District Leader Sentenced to Prison Time on Federal Extortion and Mail Fraud Charges,"for upcoming elections. Both the Bronx Organization and TORRES profited from the scheme. TORRES personally obtained at least $29,000 in illegal payments which she received through mobile payment applications, money orders, and checks. In certain instances,","of Conspiracy to Commit Mail Fraud. As part of her plea agreement, she is required to forfeit $40,970 and pay restitution of $149,845.59. DOI Commissioner Jocelyn E. Strauber said, “This defendant used her positions of public trust as a City Board of Elections",https://www.nyc.gov/assets/doi/press-releases/2025/September/32Torres.Sent.09.02.2025.pdf
2025-08-28,2025,Bribery and kickbacks,Enforcement action,Pleaded guilty,3000.0,,"Queens Man Pleads Guilty to Accepting Over $3,000 From Two Undercover DOI Investigators Posing as TLC License Candidates in Exchange for Helping Them Cheat on a TLC Licensing Exam","Queens Man Pleads Guilty to Accepting Over $3,000 From Two Undercover DOI Investigators Posing as TLC License Candidates in Exchange for Helping Them Cheat on a TLC Licensing Exam",,https://www.nyc.gov/assets/doi/press-releases/2025/August/31Djogbessi08.28.2025.pdf
2025-08-21,2025,Bribery and kickbacks,Enforcement action,Indicted,75000.0,,"D.A. Bragg: Ingrid Lewis-Martin Newly Indicted for Accepting More Than $75,000 in Bribes in Wide-Ranging Conspiracies","D.A. Bragg: Ingrid Lewis-Martin Newly Indicted for Accepting More Than $75,000 in Bribes in Wide-Ranging Conspiracies",,https://www.nyc.gov/assets/doi/press-releases/2025/August/DANY.ILM.08.21.2025.pdf
2025-08-04,2025,Conflict of interest,Enforcement action,Charged or arrested,4724.0,,NYCHA Supervisor Charged With Time Theft in Connection With Working Unauthorized Side Job,"and July 22, 2025, at various locations, IBRAHIM did not have permission or authority from NYCHA to take, obtain or retain the $ 4,724.17 he was paid by NYCHA for work he did not complete. IBRAHIM began employment with NYCHA in February 2024 and receives an annual",,https://www.nyc.gov/assets/doi/press-releases/2025/August/30.Ibrahim.Arrest.08.04.2025.pdf
2025-07-28,2025,Obstruction and tampering,Enforcement action,Convicted,,,Jury Convicts NYC Correction Officer for Evidence Tampering,,,https://www.nyc.gov/assets/doi/press-releases/2025/July/29Rosario.Verdict.07.28.2025.pdf
2025-07-22,2025,Theft,Enforcement action,Charged or arrested,29000.0,,"Bronx Day Care Operator Charged With Stealing Over $29,000 in Public Day Care Funds","Bronx Day Care Operator Charged With Stealing Over $29,000 in Public Day Care Funds",,https://www.nyc.gov/assets/doi/press-releases/2025/July/28Sanchez.Arrest.07.22.2025.pdf
2025-07-18,2025,Forgery and fake credentials,Enforcement action,Sentenced,,,"NYC DOC Officer Sentenced to Conditional Discharge for Falsifying Suicide Prevention Training for 74 Officers: Jury Convicted Defendant of Records Tampering, ID Theft, Official Misconduct",,,https://www.nyc.gov/assets/doi/press-releases/2025/July/60-2025-DOC-Officer-Vinette-Tucker-Frederick-Sentenced.pdf
2025-07-17,2025,Tenant harassment and eviction,Enforcement action,Indicted,110000.0,,"HRA Employee, Bronx Landlord Indicted for Theft of $110,000 from City Rental Assistance Program","HRA Employee, Bronx Landlord Indicted for Theft of $110,000 from City Rental Assistance Program",,https://www.nyc.gov/assets/doi/press-releases/2025/July/xx-2025-Desiree-Royer-Raul-Thomas-indicted-for HRA-scheme.pdf
2025-07-09,2025,"Fraud, other",Enforcement action,Charged or arrested,8000.0,,"Brooklyn Man Charged With Fraudulently Submitting Online Health Surveys to Illegally Obtain Nearly $8,000 in City-Funded Gift Cards","Brooklyn Man Charged With Fraudulently Submitting Online Health Surveys to Illegally Obtain Nearly $8,000 in City-Funded Gift Cards",,https://www.nyc.gov/assets/doi/press-releases/2025/July/27Chai.Arrest.07.09.2025.pdf
2025-07-01,2025,Theft,Enforcement action,,170000.0,110000.0,D.A. Bragg Secures Return of $170K to Workers in Wage Theft Prosecution,D.A. Bragg Secures Return of $170K to Workers in Wage Theft Prosecution,"Return Of $170k To Workers In Wage Theft Prosecution D.A.’s Office Uses Novel “Stolen Wage Fund” to Supplement GEORGE COLE’s $110,000 Restitution Manhattan District Attorney Alvin L. Bragg Jr. today announced the sentencing of GEORGE COLE, 65, and his company",https://www.nyc.gov/assets/doi/press-releases/2025/July/DANY.Cole.Wage.Theft.Restitution.07.01.2025.pdf
2025-06-26,2025,Benefits fraud,Enforcement action,Sentenced,,,Fraudster Sentenced to 30 Months in Prison for Stealing Homeless Victims' Identities and Using Them to Apply for Unemployment Benefits,,,https://www.nyc.gov/assets/doi/press-releases/2025/June/Lazarre%20Sentencing%20Press%20Release.pdf
2025-06-24,2025,Theft,Enforcement action,,,36800.0,D.A. Bragg Announces Full Restitution of $36.8K to Workers in Wage Theft Prosecution,,D.A. Bragg Announces Full Restitution of $36.8K to Workers in Wage Theft Prosecution,https://www.nyc.gov/assets/doi/press-releases/2025/June/DANY.Tuccimar.Wage.Theft.Restitution.06.24.2025.pdf
2025-06-18,2025,Payroll and wage abuse,Enforcement action,,,400000.0,"Attorney General James Secures $400,000 for Underpaid New York City School Security Guards Secured 24 Withheld Wages From Workers While Pocketing Extra Funds From Schools",,"Attorney General James Secures $400,000 for Underpaid New York City School Security Guards Secured 24 Withheld Wages From Workers While Pocketing Extra Funds From Schools",https://www.nyc.gov/assets/doi/press-releases/2025/June/AGOSecured24.06.18.2024.pdf
2025-06-13,2025,"Fraud, other",Enforcement action,Charged or arrested,162800.0,,Former New York State Assembly Candidate Charged with Wire Fraud,"CANDIDATE CHARGED WITH WIRE FRAUD Defendant Dao Yin Allegedly Reported Fake Campaign Donations to Defraud New York State of $162,800 in Public Matching Funds Earlier today in federal court in Brooklyn, a criminal complaint was unsealed charging Dao Yin, a Queens",,https://www.nyc.gov/assets/doi/press-releases/2025/June/Yin%20Complaint%20PR.pdf
2025-06-06,2025,Contracting and procurement fraud,Enforcement action,Pleaded guilty,,100000.0,D.A. Bragg Announces Guilty Plea of Valor Security for Operating Sham Safety Training School With Approx. 20k “Students”,,"to be sentenced on October 3, 2025, to a promised term of 1 year in jail, 100 hours of community service, and the forfeiture of $100,000. VALOR also lost its security license. “Valor Security is facing accountability for operating a sham safety training school,",https://www.nyc.gov/assets/doi/press-releases/2025/June/DANYCSiteSafety06.06.2025.pdf
2025-06-05,2025,Benefits fraud,Enforcement action,Charged or arrested,,,Bronx Man Charged with Creating and Selling Fraudulent Financial Documents to Individuals Claiming to Seek Affordable Housing in NYC,,,https://www.nyc.gov/assets/doi/press-releases/2025/June/26Billings.Arrest.06.05.2025.pdf
2025-05-21,2025,Assault and cover-ups,Enforcement action,Charged or arrested,2000000.0,,Defendants Charged for Their Role in Two Schemes to Pay Kickbacks in Return for Business From Non-Profit Organizations,"regularly sent money to companies in the names of relatives of DSilva and Velazquez. In total, the Organization paid almost $2 million to Vendor 2 during the operation of the scheme, and Nigam paid kickbacks exceeding $700,000 to DSilva and Velazquez. The charges",,https://www.nyc.gov/assets/doi/press-releases/2025/May/DSilva%20Superseding%20Indictment%20Press%20Release.pdf
2025-05-19,2025,Assault and cover-ups,Enforcement action,Charged or arrested,1000000.0,,Correction Officers Charged with Years-Long Healthcare Fraud Scheme Following Use of Force Incidents on Rikers Island,"on the job. These three current and former Department of Correction officers, as charged, defrauded that system of almost $1 million in total, through false claims about physical injuries. To reduce the risk of future fraud, DOI recommends reforms to the DOC",,https://www.nyc.gov/assets/doi/press-releases/2025/May/Faustin et al Indictment PR.pdf
2025-05-14,2025,Bribery and kickbacks,Enforcement action,Sentenced,50000.0,57000.0,Former Chief in FDNY's Bureau of Fire Prevention Sentenced to 36 Months in Prison for Providing Expedited Plan Reviews and Priority Inspections in Return for Bribes,"in a corrupt scheme to expedite plan reviews and inspection s for clients of a former FDNY colleague in exchange for over $50,000 in bribes, placing personal financial gain above his duty to provide fair and equitable service to all New Yorkers. I thank the",". U.S. District Judge Lewis J. Liman in the Southern District of New York also ordered Saccavino to pay $150,000 in fines and $57,000 in forfeiture. In January 2025, SACCAVINO pled guilty to Conspiracy to Solicit and Receive a Bribe. This investigation began in",https://www.nyc.gov/assets/doi/press-releases/2025/May/24Saccavino.Sentencing.05.14.2025.pdf
2025-05-12,2025,Benefits fraud,Enforcement action,Charged or arrested,27000.0,,Former Eligibility Specialist With the City Human Resources Administration Charged With Stealing Personal Information From a Client to Illegally Obtain Unemployment Benefits,"has been charged with taking the personal identifying information of a client to apply for and fraudulently receive more than $ 27,000 in unemployment benefits between June and November 2020 . DOI began its investigation after HRA reported allegations to DOI,",,https://www.nyc.gov/assets/doi/press-releases/2025/May/23Robertson.Arraignment.05.12.2025.pdf
2025-05-08,2025,Contraband smuggling,Enforcement action,Charged or arrested,1500.0,,Former Civilian Program Counselor at Department of Correction Charged With Accepting Bribes to Smuggle Contraband Into Rikers Island,"d in contraband 2 on at least five occasions for four separate inmates at RESH, accepting bribes of between $720 and up to $1,500 on each occasion: • Inmate-1 approached HENRY and discussed smuggling in tobacco and marijuana in exchange for $1,200. At",,https://www.nyc.gov/assets/doi/press-releases/2025/May/22Henry.Arrest.05.08.2025.pdf
2025-05-06,2025,Theft,Enforcement action,Charged or arrested,38471.0,,"Bronx Man Charged With Stealing $38,471 in Adoption Subsidies","Bronx Man Charged With Stealing $38,471 in Adoption Subsidies",,https://www.nyc.gov/assets/doi/press-releases/2025/May/21TravonTaylor.Arrest.05.06.2025.pdf
2025-04-30,2025,Forgery and fake credentials,Enforcement action,Sentenced,,,Brooklyn Man Sentenced to Six Months in Jail for Making and Selling Fake OSHA and Buildings Department Safety Cards,,,https://www.nyc.gov/assets/doi/press-releases/2025/April/bonello_benedetto_sen_4_30_2025.pdf
2025-04-30,2025,Theft,Enforcement action,Pleaded guilty,624000.0,511116.0,"New York City Employee Pleads Guilty to Stealing $624,000","New York City Employee Pleads Guilty to Stealing $624,000","Justice Danny Chun in exchange for a promised sentence of one to three years in prison and a judgment order of restitution for $511,115.61 against the defendant. NYCERS was previously able to get back approximately $113,000 from the defendant. Sentencing was set for",https://www.nyc.gov/assets/doi/press-releases/2025/April/mathieu_gregory_plea_4_30_2025.pdf
2025-04-28,2025,Deaths and reckless endangerment,DOI report,,,,City Releases Final Investigation Into 2023 Fatal Parking Structure Collapse,,,https://www.nyc.gov/assets/doi/press-releases/2025/April/DOB.AnnSt.04.28.2025.pdf
2025-04-17,2025,Extortion,Enforcement action,Pleaded guilty,36000.0,149846.0,Former Board of Elections Employee and Bronx District Leader Pleads Guilty to Federal Extortion and Mail Fraud Charges,"Poll Workers. Based on her participation in the No-Show Poll Workers scheme, TORRES personally obtained at least approximately $36,000 in fraud proceeds, and her co-conspirators personally obtained money as well. TORRES was first employed by the BOE in February","to be sentenced on July 8, 2025 . As part of her plea agreement, she is required to forfeit $40,9 70 and pay restitution of $149,845.59. DOI Commissioner Jocelyn E. Strauber said, “This former City Board of Elections employee and elected district leader exploited",https://www.nyc.gov/assets/doi/press-releases/2025/April/20Torres.Guilty.Plea.04.17.2025.pdf
2025-04-16,2025,Contraband smuggling,Enforcement action,Sentenced,,11866.0,Former Correction Officer Sentenced to Six Months in Prison for Accepting Bribes to Smuggle Narcotics Into Rikers Island,,"of post-incarceration supervision, six months of which will be under home detention. BARRIENTOS was also ordered to forfeit $11,866, which represents the proceeds of the offense. DOI Commissioner Jocelyn E. Strauber said, “ By accepting bribes in exchange for",https://www.nyc.gov/assets/doi/press-releases/2025/April/19Barrientos.04.16.2025.pdf
2025-04-07,2025,"Fraud, other",Enforcement action,Pleaded guilty,13167.0,95537.0,Former Department of Finance Employee Pleads Guilty to Fraudulently Obtaining Thousands of Dollars in Real Estate Tax Refunds,"(“DOI”), announced the guilty plea of a former Department of Finance (“DOF”) employee charged with fraudulently obtaining $13,167 in tax refund checks issued to properties that he had no authorization to represent. DOI began its investigation after DOF","from one hospital in Brooklyn and another in Manhattan . On April 1, 2025, the defendant paid restitution in the amount of $95,537 , which includes the $13,167 associated with the offense he was charged with and other funds connected to the defendant",https://www.nyc.gov/assets/doi/press-releases/2025/April/18Zimaras.DOF.Release.04.07.2025.pdf
2025-03-31,2025,Bribery and kickbacks,Enforcement action,Sentenced,,57000.0,Former Chief in FDNY’s Bureau of Fire Prevention Sentenced to 20 Months in Prison for Providing Expedited Plan Reviews and Priority Inspections in Return for Bribes,,"of New York to 20 months in prison followed by two years of supervised release. He was fined $100,000 and ordered to forfeit $57,000. CORDASCO, 50, of Staten Island, N.Y. pled guilty to Conspiracy to Solicit and Receive a Bribe in October 2024. As part of the",https://www.nyc.gov/assets/doi/press-releases/2025/March/16Cordasco.Release.Sentencing.03.31.2025.pdf
2025-03-28,2025,Benefits fraud,Enforcement action,Charged or arrested,50000.0,,DOI Investigation Leads to Arrest of Section 8 Recipient on Charges of Failing to Live in Her Subsidized Bronx Apartment and Illegally Subletting and Profiting From It,"(“DOI”), announced the arrest on Thursday, March 27, 2025, of a Florida woman on charges of illegally obtaining more than $50,000 in Section 8 benefits for a Bronx apartment where she did not reside and failing to report to the New York City Housing Authority",,https://www.nyc.gov/assets/doi/press-releases/2025/March/15NYCHA.Australia.Gonzalez.Arrest.03.28.2025.pdf
2025-03-25,2025,"Fraud, other",Enforcement action,Pleaded guilty,,,Principals of Fire Alarm Repair Company Plead Guilty to Decade-Long Scheme to Defraud New York City Agencies,,,https://www.nyc.gov/assets/doi/press-releases/2025/March/Fire Alarm Guilty Pleas Press Release.pdf
2025-03-13,2025,Deaths and reckless endangerment,Enforcement action,Sentenced,,,"NYC DOC Officer Sentenced to Probation, Community Service for Failure to Act in Inmate's Suicide Attempt",,,https://www.nyc.gov/assets/doi/press-releases/2025/March/3_13_2025DOC.pdf
2025-03-10,2025,Contraband smuggling,Enforcement action,Sentenced,,45644.0,Former New York City Correction Officer Sentenced to One Year and A Day in Prison for Conspiring to Smuggle Drugs and Other Contraband Onto Rikers Island,,"and was sentenced in June 2024 to 37 months in federal prison and three years’ post release supervision and ordered to forfeit $45,644. • Former Riker’s Island contractor KENNETH WEBSTER pled guilty to conspiracy to commit honest services wire fraud and was",https://www.nyc.gov/assets/doi/press-releases/2025/March/13.DOC.Stephanie.Davila.03.10.2025.pdf
2025-03-06,2025,"Fraud, other",Agency announcement,,2300000.0,,"DOI Closes Out Calendar Year 2024 with Increases in Arrests and Complaints, Major Public Corruption Cases, and 15 Comprehensive Public Reports","this type of wrongdoing, including: • A former fiscal officer for a City-funded nonprofit pled guilty to stealing nearly $2.3 million from a Brooklyn charity , which she spent on, among other things, remodeling her home, spa treatment, landscaping expenses and",,https://www.nyc.gov/assets/doi/press-releases/2025/March/12CYend2024.03.06.2025FINAL.pdf
2025-02-26,2025,Bribery and kickbacks,Enforcement action,Sentenced,,54150.0,"Suspended NYCHA Superintendent Sentenced to 41 Months in Prison for Taking $54,150 in Bribes in Exchange for Awarding NYCHA Contracts",,"to 41 months in prison followed by three years of supervised release. As part of the sentence, HARRIS was also ordered to pay $54,150 in restitution to NYCHA and to forfeit $54,150 in illegal proceeds . She is scheduled to surrender no sooner than April 9, 2025.",https://www.nyc.gov/assets/doi/press-releases/2025/February/11NYCHA.Harris.02.26.2025.pdf
2025-02-19,2025,"Fraud, other",Enforcement action,Indicted,,,"NYC Sanitation Supervisor Indicted for Filing $21,000 in Fraudulent Timesheets",,,https://www.nyc.gov/assets/doi/press-releases/2025/February/18-2025-Brice-Williams-sentenced-fraud-DOC.pdf
2025-02-19,2025,"Fraud, other",Enforcement action,Indicted,21000.0,,"NYC Sanitation Supervisor Indicted for Filing $21,000 in Fraudulent Timesheets","N.Y . 10451 (718) 590-2234 1 19-2025 For Immediate Release February 19, 2025 NYC SANITATION SUPERVISOR INDICTED FOR FILING $21,000 IN FRAUDULENT TIMESHEETS He Allegedly Took Long Breaks at Home, Issued Summonses at Locations Where He Was Not Present Bronx",,https://www.nyc.gov/assets/doi/press-releases/2025/February/Bxda.Taylor.02.19.2025.pdf
2025-02-14,2025,Benefits fraud,Enforcement action,Pleaded guilty,,,Former Prosecutor and Family Members Plead Guilty to Fraudulently Obtaining Affordable Housing in Manhattan,,,https://www.nyc.gov/assets/doi/press-releases/2025/February/09Jacques_02_14_25.pdf
2025-02-13,2025,Bribery and kickbacks,Enforcement action,Charged or arrested,,,"Founder and CEO of Non-Profit and Two Others Charged with Fraud, Bribery and Money Laundering Offenses",,,https://www.nyc.gov/assets/doi/press-releases/2025/February/Medina%20et%20al.%20Indictment%20Press%20Release.pdf
2025-02-13,2025,Assault and cover-ups,Enforcement action,Sentenced,,,NYC Administration for Children's Services' Associate Youth Development Specialist Sentenced to Time Served and Two Years' Post Release Supervision in Connection with Assault of a 16-Year-Old Resident at Horizon Juvenile Detention Center,,,https://www.nyc.gov/assets/doi/press-releases/2025/February/07Seymour02.13.2025.pdf
2025-02-13,2025,Uncategorised,DOI statement,,,,Statement from DOI Commissioner Jocelyn E. Strauber,,,https://www.nyc.gov/assets/doi/press-releases/2025/February/08DOIStatement02.13.2025.pdf
2025-02-13,2025,Theft,Enforcement action,Indicted,275000.0,,"Yonkers Woman Indicted for Stealing $275,000 From Former Coworker Disabled by Strokes","Yonkers Woman Indicted for Stealing $275,000 From Former Coworker Disabled by Strokes",,https://www.nyc.gov/assets/doi/press-releases/2025/February/15-Shameca-Morrison-indicted-fraud .pdf
2025-02-12,2025,Drug offenses,Enforcement action,Convicted,,,Two Pharmacists Convicted for Illegal Distribution of Oxycodone,,,https://www.nyc.gov/assets/doi/press-releases/2025/February/Ennab and Hassan Verdict Press Release.pdf
2025-02-05,2025,Benefits fraud,Enforcement action,Sentenced,,,Former NYC Fraud Investigator Sentenced to Prison for Stealing Homeless Victims' Identities to Apply for Unemployment Benefits,,,https://www.nyc.gov/assets/doi/press-releases/2025/February/Otufale Sentencing PR.pdf
2025-01-31,2025,Bribery and kickbacks,Enforcement action,Sentenced,,329300.0,"Former NYCHA Superintendent Sentenced to 48 Months in Prison for Taking $329,300 in Bribes",,"Southern District of New York to 48 months in prison followed by three years of supervised release. MERCADO has agreed to pay $329,300 in restitution to NYCHA and to forfeit $329,300 in illegal proceeds. He is scheduled to surrender on March 27, 2025. DOI",https://www.nyc.gov/assets/doi/press-releases/2025/January/06NYCHA01.31.2025.pdf
2025-01-29,2025,Bribery and kickbacks,Enforcement action,Pleaded guilty,50000.0,57000.0,Former Chief in FDNY's Bureau of Fire Prevention Pleads Guilty to Providing Expedited Plan Reviews and Inspections in Return for Bribes,"treatment to clients of a former FDNY colleague, expediting the clients’ plan reviews and inspections in return for over $50,000 in bribes. As today’s guilty plea demonstrates, public officials who compromise City processes with pay-to-play schemes undercut","Judge Lewis J. Liman in the Southern District of New York . As part of his plea agreement, SACCAVINO has agreed to forfeit $57,000, the estimated amount of bribes he received. A sentencing date has been set for May 14, 2025, 2025. SACCAVINO is the second of two",https://www.nyc.gov/assets/doi/press-releases/2025/January/05SaccavinoGP.01.29.2025.pdf
2025-01-23,2025,"Fraud, other",Enforcement action,Pleaded guilty,,112707.0,Queens Couple Plead Guilty to Federal Charges in Connection with Public Benefits Scam,,"$22,869, and SEAD SELIMOVIC is ordered to forfeit $58,040.12. Collectively, the couple was also ordered to pay restitution of $112,707. DOI investigated this matter in collaboration with the United States Postal Inspection Service’s New York Offic e and the",https://www.nyc.gov/assets/doi/press-releases/2025/January/03selimovic01.23.2025.pdf
2024-12-19,2024,Uncategorised,Enforcement action,Indicted,,,"D.A. Bragg, DOI Commissioner Strauber Announce Indictment of Ingrid Lewis-Martin, Her Son, and Two Real Estate Investors",,,https://www.nyc.gov/assets/doi/press-releases/2024/December/DANY.ILM.12.19.2024.pdf
2024-12-19,2024,Uncategorised,Commissioner remarks,,,,"Remarks of DOI Commissioner Jocelyn E. Strauber Regarding Announcement of Indictment Involving the Mayor's Former Chief Advisor, Her Son and Two Co-Conspirators",,,https://www.nyc.gov/assets/doi/press-releases/2024/December/50DOIRemarks.12.19.2024.pdf
2024-12-17,2024,Workers' compensation fraud,Enforcement action,Charged or arrested,,,Child Protective Specialist with the City Administration for Children's Services Charged with Workers' Compensation Fraud,,,https://www.nyc.gov/assets/doi/press-releases/2024/December/48Carpenter12.17.2024.pdf
2024-12-17,2024,"Fraud, other",Enforcement action,Charged or arrested,,,Four Queens Daycare Workers Charged with Submitting Fraudulent Medical Forms Required by the City Department of Health and Mental Hygiene,,,https://www.nyc.gov/assets/doi/press-releases/2024/December/47DOHHealthForms12.17.2024.pdf
2024-12-11,2024,Contracting and procurement fraud,Enforcement action,Pleaded guilty,,,New Jersey Contractor Pleads Guilty to Negligent Release of Asbestos,,,https://www.nyc.gov/assets/doi/press-releases/2024/December/Correa Plea PR.pdf
2024-12-03,2024,Theft,Enforcement action,Sentenced,750000.0,1300000.0,Former President of United Probation Officers Association Sentenced to Two Years' Home Incarceration and Must Pay More Than $1.3 Million in Restitution and Forfeiture for Stealing Hundreds of Thousands of Dollars from the Association and Taxpayers,"of two years’ home incarceration to be enforced by location monitoring, and 300 hours of community service, for stealing $750,000 from the UPOA and its taxpayer -funded active and retirement welfare funds (“the Welfare Funds”). In addition, the defendant was",Former President of United Probation Officers Association Sentenced to Two Years' Home Incarceration and Must Pay More Than $1.3 Million in Restitution and Forfeiture for Stealing Hundreds of Thousands of Dollars from the Association and Taxpayers,https://www.nyc.gov/assets/doi/press-releases/2024/December/46ColuccioSent.12.03.2024.pdf
2024-12-03,2024,Forgery and fake credentials,Enforcement action,Pleaded guilty,,,NYC Administration for Children's Services Employee Pleads Guilty to Submitting Forged Doctor Notes to His Employer,,,https://www.nyc.gov/assets/doi/press-releases/2024/December/FINAL Alan Anderson Plea PR 12.3.2024.pdf
2024-11-25,2024,Deaths and reckless endangerment,DOI report,,,50000.0,City Releases Investigation Report into 2023 Bronx Building Collapse,,"at the Office of Administrative Trials and Hearings (OATH), where the contractor could face a maximum potential penalty of $50,000. To prevent similar incidents like this from happening in the future, the Department is creating a new proactive enforcement",https://www.nyc.gov/assets/doi/press-releases/2024/November/Billingsley.DOBRpt.11.25.2024.pdf
2024-11-22,2024,Bribery and kickbacks,Enforcement action,Convicted,,,Second Former NYCHA Superintendent Convicted of Bribery and Extortion Offenses at Trial,,,https://www.nyc.gov/assets/doi/press-releases/2024/November/Colon Verdict PR.pdf
2024-11-21,2024,Assault and cover-ups,Enforcement action,,,,"Defendants Received Over $500,000 in Illegal Kickback Payments from Vendor Selected to Install Security Cameras at Homeless Shelters",,,https://www.nyc.gov/assets/doi/press-releases/2024/November/DSILVA IndictmentPR11.21.2024.pdf
2024-11-21,2024,Benefits fraud,Enforcement action,Pleaded guilty,,,New York City Correction Officer Pleads Guilty to Submitting Fraudulent Documents to Obtain Affordable Housing,,,https://www.nyc.gov/assets/doi/press-releases/2024/November/44AllenTramell11.21.2024.pdf
2024-11-21,2024,Drug offenses,Enforcement action,Pleaded guilty,,,Parent of Resident at Brooklyn Juvenile Center Pleads Guilty to Bribing a City Employee to Bring in Scalpels and Marijuana to the Facility,,,https://www.nyc.gov/assets/doi/press-releases/2024/November/43Alicea11.21.2024.pdf
2024-11-20,2024,Contraband smuggling,DOI report,,,,DOI Issues Two Reports Finding that DOC Lacks Sufficient Controls Regarding Contraband Smuggling into the City's Jails and Relies on Field Tests That Frequently Yield False-Positive Results for Fentanyl,,,https://www.nyc.gov/assets/doi/press-releases/2024/November/42DOC.Rpts.Release.11.20.2024.pdf
2024-11-19,2024,Theft,Enforcement action,Indicted,624000.0,,"New York City Employee Indicted for Stealing Approximately $624,000","New York City Employee Indicted for Stealing Approximately $624,000",,https://www.nyc.gov/assets/doi/press-releases/2024/November/KCDA.NYCERS.11.19.2024.pdf
2024-11-13,2024,Assault and cover-ups,Enforcement action,Pleaded guilty,,,City Correction Officer Pleads Guilty to Attempting to Kick a Person in Custody Who Was Restrained by Others,,,https://www.nyc.gov/assets/doi/press-releases/2024/November/41Garcia11.13.2024.pdf
2024-10-24,2024,Uncategorised,DOI report,,,,DOI Report: The Impact of Raise the Age and Bail Reform on the City's Juvenile Detention Facilities,,,https://www.nyc.gov/assets/doi/press-releases/2024/October/40DYFJRpt.Release.pdf
2024-10-17,2024,Uncategorised,DOI report,,,,DOI's Examination Finds Compliance and Governance Risks at 51 City-Funded Nonprofits that Operate NYC Homeless Shelters and Flawed City Oversight of DHS-Funded Providers,,,https://www.nyc.gov/assets/doi/press-releases/2024/October/39DHSRptRelease10.17.2024.pdf
2024-10-15,2024,Sexual misconduct,Enforcement action,Convicted,,,Former Juvenile Center Employee Convicted for Having Intercourse with Teen at Westchester Campus,,,https://www.nyc.gov/assets/doi/press-releases/2024/October/WCDAO Rebecca Jean-Baptiste 10.15.24.pdf
2024-10-08,2024,Bribery and kickbacks,Enforcement action,Pleaded guilty,,57000.0,Former Chief in FDNY's Bureau of Fire Prevention Pleads Guilty to Providing Expedited Plan Reviews and Priority Inspections in Return for Bribes,,"Judge Lewis J. Liman in the Southern District of New York. As part of the plea agreement, CORDASCO has agreed to forfeit $57,000, an estimate of the bribes received by the defendant. A sentencing date has been set for February 19, 2025. This investigation",https://www.nyc.gov/assets/doi/press-releases/2024/October/38CordascoGP.10.08.2024.pdf
2024-10-08,2024,Obstruction and tampering,Enforcement action,Charged or arrested,,,Former New York City Hall Official Charged with Witness Tampering and Destruction of Evidence,,,https://www.nyc.gov/assets/doi/press-releases/2024/October/Bahi PR.pdf
2024-10-03,2024,Drug offenses,Enforcement action,Indicted,,,Five Indicted for Selling Narcotics in Astoria Houses,,,https://www.nyc.gov/assets/doi/press-releases/2024/October/Astoria_Houses_10_03_2024_ind-1.pdf
2024-10-02,2024,Contraband smuggling,Enforcement action,Charged or arrested,,2466.0,Former Corrections Officer Charged with Conspiring to Smuggle Narcotics into Rikers Island,,"Law enforcement officers then searched BARRIENTOS’s vehicle and recovered additional sheets of paper, as well as approximately $2,466 in cash, as shown in the following photographs: 3 * * * BARRIENTOS, 37, of Mount Vernon, New York, is charged with one count of",https://www.nyc.gov/assets/doi/press-releases/2024/October/BarrientosComplaintPR.pdf
2024-10-01,2024,Bribery and kickbacks,Enforcement action,Pleaded guilty,,,Four Employees of Juvenile Detention Center Plead Guilty to Taking Bribes,,,https://www.nyc.gov/assets/doi/press-releases/2024/October/Crossroads Guilty Plea release.pdf
2024-09-26,2024,Bribery and kickbacks,Enforcement action,Charged or arrested,,,New York City Mayor Eric Adams Charged with Bribery and Campaign Finance Offenses,,,https://www.nyc.gov/assets/doi/press-releases/2024/September/Adams Indictment PR.pdf
2024-09-26,2024,Bribery and kickbacks,Commissioner remarks,,,,Remarks of DOI Commissioner Jocelyn E. Strauber at Press Conference Announcing New York City Mayor Eric Adams Charged with Bribery and Campaign Finance Offenses,,,https://www.nyc.gov/assets/doi/press-releases/2024/September/37DOIRemarks09.26.2024.pdf
2024-09-25,2024,Contraband smuggling,Enforcement action,Indicted,,,"NYC DOC Officer Indicted for Smuggling Contraband into Rikers Island Worth $15,000 in the Jail",,,https://www.nyc.gov/assets/doi/press-releases/2024/September/76-2024 Kendell-Felix-indicted-smuggling-Rikers.pdf
2024-09-24,2024,Deaths and reckless endangerment,Enforcement action,Charged or arrested,,,Former City Employee Charged with Reckless Endangerment in Connection with an Incident in Which a Man Lost His Right Hand at a Bronx NYC Housing Authority Development,,,https://www.nyc.gov/assets/doi/press-releases/2024/September/36Brooks09.24.2024.pdf
2024-09-18,2024,Deaths and reckless endangerment,Enforcement action,Sentenced,,5000.0,Construction Company Owner Sentenced to Jail for Death of 5-Year-Old Girl Struck by Pillars Following Wall Collapse,,"Valley Stream. Anwar was sentenced today to six months in jail and five years’ probation. City Wide was sentenced to a fine of $5,000. The defendants were convicted by Brooklyn Supreme Court Justice Danny Chun of criminally negligent homicide, first-degree",https://www.nyc.gov/assets/doi/press-releases/2024/September/KCDA.ConstructionSent.09.18.2024.pdf
2024-09-16,2024,Bribery and kickbacks,Commissioner remarks,,,,Remarks of DOI Commissioner Jocelyn E. Strauber on Announcement of Two Former High-Ranking FDNY Officials Charged with Bribery and Corruption Offenses,,,https://www.nyc.gov/assets/doi/press-releases/2024/September/35DOIRemarks09.16.2024.pdf
2024-09-16,2024,Bribery and kickbacks,Enforcement action,Charged or arrested,190000.0,,"Two Former High-Ranking FDNY Officials Charged with Bribery, Corruption, and False Statements Offenses","every fact described should be treated as an allegation. 3 Collectively, SACCAVINO, CORDASCO, a nd Santiago received more than $190,000 in payments in connection with this scheme. As part of the investigation into this bribery scheme, in or about February 2024,",,https://www.nyc.gov/assets/doi/press-releases/2024/September/Saccavino and Cordasco Indictment PR.pdf
2024-09-04,2024,Forgery and fake credentials,Enforcement action,Charged or arrested,,,NYC Administration for Children's Services Employee Arrested for Submitting Forged Doctor Notes to His Employer,,,https://www.nyc.gov/assets/doi/press-releases/2024/September/FINAL Alan Anderson Arrest PR 9.4.2024.pdf
2024-08-28,2024,Bribery and kickbacks,Enforcement action,Charged or arrested,36000.0,,"Bronx District Leader and Board of Elections Employee Charged with Bribery, Extortion, Fraud, and Identity Theft Offenses","of the No-Show Poll Workers. Based on her participation in the scheme, TORRES pers onally obtained at least approximately $36,000 in fraud proceeds, and her co-conspirators personally obtained money as well. From in or about March 2021 through in or about",,https://www.nyc.gov/assets/doi/press-releases/2024/August/Torres Arrest PR.pdf
2024-08-20,2024,Assault and cover-ups,Enforcement action,Pleaded guilty,,,City Firefighter Pleads Guilty to Hitting FDNY Colleague in the Face at his Bronx Firehouse Following DOI Investigation,,,https://www.nyc.gov/assets/doi/press-releases/2024/August/34Montero08.20.2024.pdf
2024-08-09,2024,Theft,Enforcement action,Pleaded guilty,600.0,600.0,FDNY EMT Pleads Guilty to Stealing Cash From a DOI Undercover Investigator Posing as a Sick Patient,"plea of an Emergency Medical Technician (“EMT”) employed by the New York City Fire Department (“FDNY”) to a charge of stealing $600 from a DOI undercover investigator posing as an ill patient. This type of undercover operation, also known as an integrity test,","the ambulance after it left the Hospital. DOI investigators approached the defendant, who was in the 2 ambulance, and recovered $600 in marked bills from t he defendant’s front right pocket. Investigators did not find the additional $90 that was missing from the",https://www.nyc.gov/assets/doi/press-releases/2024/August/33CarrilloGP08.09.pdf
2024-07-17,2024,Uncategorised,Enforcement action,Pleaded guilty,60000.0,7500.0,Pedicab Driver Pleads Guilty to Bribing a City Inspector to Obtain Pedicab Registration Plates,"North Meadow Recreation Center, ALIMOV approached a senior inspector of DCWP conducting pedicab 2 inspections and offered to pay $60,000 in exchange for his assistance in obtaining 34 pedicab registration plates. The DCWP inspector then immediately reported the","Supreme Court in Manhattan as part of a plea agreement that recommends a five- year probationary sentence. ALIMOV forfeited the $7,500 provided to the undercover DOI investigator and immediately surrendered his two DCWP-issued licenses, a Pedicab Driver License",https://www.nyc.gov/assets/doi/press-releases/2024/July/32Alimov07.17.2024.pdf
2024-07-15,2024,Theft,Enforcement action,,,,Fraud Investigator and Co-Conspirator Stole Information from New York City Department of Homeless Services Databases,,,https://www.nyc.gov/assets/doi/press-releases/2024/July/Otufale_etal_GPs.07.15.2024.pdf
2024-07-11,2024,"Fraud, other",Enforcement action,,,,DOI Issues Annual Anti-Corruption Report for 2023 Focused on the Integrity of City Data and its Utilization in Agency Anti-Corruption Efforts,,,https://www.nyc.gov/assets/doi/press-releases/2024/July/31AntiCorrRpt.Release.07.11.2024.pdf
2024-06-26,2024,Contraband smuggling,Enforcement action,Charged or arrested,,,Five Employees of Juvenile Detention Center Charged with Smuggling Contraband in Exchange for Bribes,,,https://www.nyc.gov/assets/doi/press-releases/2024/June/Crossroads Arrests Press Release.pdf
2024-06-18,2024,Bribery and kickbacks,Enforcement action,Charged or arrested,100.0,,City Health Inspector Reports Bribe Attempt to DOI; Subsequent Investigation Results in Bribery Charges Against Brooklyn Woman,"for assistance in passing the exam and obtaining the FPC certificate. On Mon day, June 17 th, 2024, the defendant handed $ 100 to the DOI undercover investigator posing as a DOHMH worker in exchange for the answers to the FPC exam. The defendant offered to",,https://www.nyc.gov/assets/doi/press-releases/2024/June/29Whyte06.18.2024.pdf
2024-06-17,2024,Bribery and kickbacks,Enforcement action,Pleaded guilty,,1440.0,Former Buildings Inspector Pleads Guilty to Official Misconduct; Took Cash from Queens Homeownwers in Exchange for Not Issuing Violations,,"count of Official Misconduct, which is a class A misdemeanor, and was sentenced to a conditional discharge and ordered to pay $1,440 in restitution, the amount of the cash he took from the homeowners. 2 IBRAHIMI began working for DOB in March 2020 and resigned",https://www.nyc.gov/assets/doi/press-releases/2024/June/28DOBIbrahimi06.17.2024.pdf
2024-06-11,2024,Forgery and fake credentials,Enforcement action,Sentenced,280.0,5000.0,"NYC DOC Officer Sentenced for Selling Phony Disability Parking Placards; Must Pay $5,000 Fine","vehicles while parked in front of the Bronx County Hall of Justice while at work. She took payments ranging from $200 to $280 per placard. 198 EAST 161ST STREET BRONX, N.Y. 10451 (718) 590-2234 DARCEL D. CLARK DISTRICT ATTORNEY, BRONX COUNTY","NYC DOC Officer Sentenced for Selling Phony Disability Parking Placards; Must Pay $5,000 Fine",https://www.nyc.gov/assets/doi/press-releases/2024/June/BxDA_DOC_Gales_sentenced_placard_scam.pdf
2024-06-04,2024,Sexual misconduct,Enforcement action,Pleaded guilty,,,Former City Child Protective Services Worker Pleads Guilty to Official Misconduct Related to Exposing Himself to a Parent He Was Investigating,,,https://www.nyc.gov/assets/doi/press-releases/2024/June/27Latour06.04.2024.pdf
2024-05-22,2024,Bribery and kickbacks,Enforcement action,Pleaded guilty,,400.0,DOHMH Inspector Reports to DOI Gratuity by Manhattan Deli Owner; Subsequent Investigation and Prosecution Results in Guilty Plea by Deli Owner,,"guilty to Giving Unlawful Gratuities, a class A misdemeanor. According to the terms of the plea agreement, ALBORATI will forfeit $400 to the City and has been sentenced to a Conditional Discharge. Separately, DOHMH is expected to begin proceedings to revoke his",https://www.nyc.gov/assets/doi/press-releases/2024/May/24Alborati05.22.2024.pdf
2024-05-16,2024,Contraband smuggling,Enforcement action,Indicted,50.0,,NYC DOC Officer Indicted for Smuggling Contraband to Inmate in the Bronx Hall of Justice,"the items in small packages, and the inmate took them on the bus from court and into jail, where cigarettes are sold for between $50 -100 each, and three grams of marijuana sells for between $350-500. The total jailhouse value is about $6,600. Brown allegedly",,https://www.nyc.gov/assets/doi/press-releases/2024/May/BxDA.Andre-Brown05.16.2024.pdf
2024-05-14,2024,Deaths and reckless endangerment,Enforcement action,Convicted,,,Construction Company Owner Convicted of Criminally Negligent Homicide in Death of 5-Year-Old Girl Struck by Pillars Following Wall Collapse,,,https://www.nyc.gov/assets/doi/press-releases/2024/May/BklynDANadeem_5_14_2024.pdf
2024-05-01,2024,Tenant harassment and eviction,DOI report,,,,"DOI Recommendations to the City Department of Housing Preservation and Development (""HPD"") to Strengthen HPD's Response to Landlords Who Persistently Neglect Their Properties",,,https://www.nyc.gov/assets/doi/press-releases/2024/May/22HPD.PPRs.05.01.2024.pdf
2024-05-01,2024,Uncategorised,Commissioner remarks,,,,Remarks of DOI Commissioner Jocelyn E. Strauber at Press Conference with Manhattan District Attorney to Announce Indictment Involving Harassment of Rent-Regulated Tenant and Related Charges,,,https://www.nyc.gov/assets/doi/press-releases/2024/May/21DOIRemarks.05.01.2024.pdf
2024-04-22,2024,Theft,Enforcement action,Pleaded guilty,600000.0,,City Employee Pleads Guilty to Check Theft Scheme,"endorsed versions of those checks into third parties’ bank acc ounts. Approximately 40 checks, totaling approximately $600,000, were stolen and deposited or attempted to be deposited as part of the scheme. * * * SANTANOO, 27, of Queens Village, New York,",,https://www.nyc.gov/assets/doi/press-releases/2024/April/SantanooPlea PR.04.22.2024.pdf
2024-04-16,2024,Bribery and kickbacks,DOI report,,140.0,,DOI Issues Seven Policy and Procedure Recommendations to the City Department of Buildings After Investigation Results in Bribery Charges Against City Buildings Inspector,"an inspection at a residence in South Ozone Park, Queens, findi ng that the homeowner’s basement apartment was illegal, taking $140 from the homeowner, and closing the complaint falsely stating that entry could not be obtained to the property. The inspector was",,https://www.nyc.gov/assets/doi/press-releases/2024/April/20DOBPPRs04.16.2024.pdf
2024-04-11,2024,"Fraud, other",Enforcement action,Pleaded guilty,750000.0,684929.0,"Dominic Coluccio, Former President of United Probation Officers Association, Pleads Guilty to Defrauding Union and Its Members","his spouse, and his family members, i.e., payments that exceeded policy limits. Through the scheme, COLUCCIO stole approximately $750,000 from the UPOA and the Funds. * * * COLUCCIO, 75, of Bellmore, New York, pled guilty to one count of wire fraud, which carries a","retired Department of Probation employees and family members. Today he takes responsibility for that conduct and agrees to pay $684,929 in restitution to the Association. DOI thanks the individuals who reported suspicions about misuse of funds to DOI, prompting",https://www.nyc.gov/assets/doi/press-releases/2024/April/ColuccioPR.pdf
2024-04-11,2024,Bribery and kickbacks,Enforcement action,Charged or arrested,1500.0,,New York City Building Inspector Charged with Taking Bribes,"and told the homeowner that her basement was illegal, it would cost a lot of money to legalize it and that he could fix it for $1,500. • The homeowner then showed Ibrahimi $140 saying it was all she had. He took the money and told the woman that she should",,https://www.nyc.gov/assets/doi/press-releases/2024/April/Zabihullah04.11.2024.pdf
2024-04-09,2024,Theft,Enforcement action,Pleaded guilty,4900.0,4900.0,"D.A. Bragg, D.O.I. Commissioner Strauber Announce Guilty Plea of Former ACS Director for Stealing Gift Cards from Children","for Children’s Services (“ACS”) Executive Director COURTNEY RAMIREZ, 51, for stealing 14 gift cards valuing a total of $4,900 all intended for children who participated in ACS’s Close to Home and Leadership Incentive Training programs. RAMIREZ pleaded","pleaded guilty in Manhattan Criminal Court to one count of Official Misconduct. Under the terms of the plea, RAMIREZ will pay $4,900 in restitution to ACS and waive her right to appeal. If RAMIREZ pays the full restitution, she will be sentenced to a conditional",https://www.nyc.gov/assets/doi/press-releases/2024/April/DANYGiftCards04.09.2024.pdf
2024-04-09,2024,Contraband smuggling,DOI report,,,,DOI Recommendations to the City Department of Correction to Impede Contraband Smuggling int he City's Jails,,,https://www.nyc.gov/assets/doi/press-releases/2024/April/19DOCRecs04.09.2024.pdf
2024-04-09,2024,"Fraud, other",Enforcement action,Charged or arrested,,,Six Defendants Charged For Corruption At Rikers Island,,,https://www.nyc.gov/assets/doi/press-releases/2024/April/DOCArrestsPR.pdf
2024-04-05,2024,Benefits fraud,Enforcement action,Sentenced,50000.0,,Florida Woman is Sentenced to 42 Months in Prison for Defrauding New York City SNAP Recipients,"release, for engaging in a years -long scheme to defraud at least 120 low income New York City residents out of near ly $50,000 in benefits from the Supplemental Nutrition Assistance Program (“SNAP”), which provides low-income individuals with electronic",,https://www.nyc.gov/assets/doi/press-releases/2024/April/18SinghSent.04.05.2024.pdf
2024-04-03,2024,Forgery and fake credentials,DOI report,,,,DOI Finds Flaws and Makes Recommendations for Improvement in the Issuance and Revocation of City-Issued Parking Placards and Enforcement of Parking Laws Related to Parking Placards,,,https://www.nyc.gov/assets/doi/press-releases/2024/April/17LL6.Rpt.Release.04.03.2024.pdf
2024-04-02,2024,Unlicensed operation,Agency announcement,,,,DOB Issues Notice of Intent to Revoke Approved Course Provider Status of Valor Consulting,,,https://www.nyc.gov/assets/doi/press-releases/2024/April/DOB.Valor.04.02.2024.pdf
2024-03-21,2024,Uncategorised,Enforcement action,Pleaded guilty,,,Former City Parks Supervisor Enters Guilty Plea to Harassing a Subordinate at Bronx Park,,,https://www.nyc.gov/assets/doi/press-releases/2024/March/15Bracero03.21.2024.pdf
2024-03-12,2024,Uncategorised,Agency announcement,,500.0,2300000.0,NYC Department of Investigation Closes Out 2023 with Increases to Arrests and Complaints,"bribe offer to DOI . The restaurant owner pled guilty to Attempted Giving Unlawful Gratuities, a class B misdemeanor, was fined $500, and was given a conditional discharge. • Three individual s pled guilty in a scheme to receive advance notice of DOHMH","in CY 2022. • Issued 146 Policy and Procedure Recommendations (“PPRs”), an increase from the 111 issued in CY 2022.* • Recovered $2.3 million for the City as a result of DOI investigations. • Made 390 referrals for criminal prosecution, consistent with the prior year",https://www.nyc.gov/assets/doi/press-releases/2024/March/14CYend03.12.2024.pdf
2024-03-06,2024,"Fraud, other",Enforcement action,Sentenced,,401206.0,Fourth and Final Defendant Sentenced for Defrauding COVID-19 Hotel Room Isolation Program,,"of New York to 33 months incarceration and three years of supervised release. She was ordered to pay $109,665 in forfeiture and $401,206 in restitution. Co-defendants HEAVEN WEST, 23, of Brooklyn, N.Y., TATIANA BENJAMIN, 29, of Queens, N.Y., were sentenced on",https://www.nyc.gov/assets/doi/press-releases/2024/March/13TatianaDaniel.03.06.2024.pdf
2024-02-28,2024,Contracting and procurement fraud,Enforcement action,Indicted,,2500.0,"D.A. Bragg, DOI Commissioner Strauber, DOB Commissioner Oddo Announce Indictment of Valor Security for Operating Sham Safety Training School with Approx. 20k ""Students""",,"worker against the building owner, permit holder, or employer. DOB can also issue violations to a permit holder that carry a $2,500 penalty for failure to maintain a log documenting that all workers are trained. Workers can meet the safety requirement by taking",https://www.nyc.gov/assets/doi/press-releases/2024/February/DANYCSiteSafety02.28.2024.pdf
2024-02-28,2024,Uncategorised,DOI report,,,,"DOI Recommendations to the City Department of Buildings Regarding Site Safety Training Course Providers, Instructors and Process",,,https://www.nyc.gov/assets/doi/press-releases/2024/February/11SSTPPRs.02.28.2024.pdf
2024-02-28,2024,Contracting and procurement fraud,Commissioner remarks,,,,"Remarks of DOI Commissioner Jocelyn E. Strauber at Press Conference with Manhattan District Attorney to Announce Indictment of Valor Security for Operating Sham Safety Training School with Approx. 20K ""Students""",,,https://www.nyc.gov/assets/doi/press-releases/2024/February/12DOIRemarks02.28.2024.pdf
2024-02-23,2024,Workers' compensation fraud,Enforcement action,Pleaded guilty,,,Former Youth Development Specialist with the City Administration for Children's Services Pleads Guilty to Workers' Compensation Fraud,,,https://www.nyc.gov/assets/doi/press-releases/2024/February/10israel02.23.2024.pdf
2024-02-08,2024,"Fraud, other",DOI statement,,2000000.0,3700000.0,DOI Statement on the Sentencing of Man who Preyed Upon Families in Need of Housing to Defraud Government Rental Assistance Programs,"instead depositing the checks issued to the purported broker in his own bank account. FISHBEIN fraudulently obtained nearly $2 million dollars from HRA and HPD via this scheme, including federal funds. The defendant also committed Medicaid fraud. Between 2014 and","FISHBEIN was sentenced to 70 months in prison and three years’ supervised release, and ordered to pay a total of approximately $3.7 million in forfeiture and in restitution by U.S. District Judge Paul A. Crotty of the U.S. District Court for the Southern District of",https://www.nyc.gov/assets/doi/press-releases/2024/February/08.Fishbein.02.08.2024.pdf
2024-02-08,2024,"Fraud, other",Enforcement action,Sentenced,,360330.0,Defendant Sentenced for Defrauding Covid-19 Hotel Room Isolation Program,,"of New York to three years in prison and three years of supervised release and ordered to pay $289,536 in forfeiture and $360,330 in restitution. Co-defendants HEAVEN WEST, 23, of Brooklyn, N.Y., TATIANA BENJAMIN, 29, of Queens, N.Y., were sentenced on",https://www.nyc.gov/assets/doi/press-releases/2024/February/09ChanetteLewis.02.08.2024.pdf
2024-02-06,2024,Bribery and kickbacks,Enforcement action,Charged or arrested,,,70 Current and Former NYCHA Employees Charged with Bribery and Extortion Offenses,,,https://www.nyc.gov/assets/doi/press-releases/2024/February/NYCHA%20Arrests%20PR.pdf
2024-02-06,2024,Bribery and kickbacks,Commissioner remarks,,2000000.0,,DOI Commissioner Jocelyn E. Strauber Remarks at Press Conference Announcing 70 Current and Former NYCHA Employees Charge with Bribery and Extortion Offenses,positions of public trust and responsibility to solicit and receive bribes from NYCHA vendors as a cost of doing business – over $2 million in bribe payments in total. The 70 current and former NYCHA staff members charged today in separate bribery schemes touch every,,https://www.nyc.gov/assets/doi/press-releases/2024/February/07DOIRemarks.NYCHA.02.06.2024.pdf
2024-02-06,2024,Contracting and procurement fraud,DOI report,,,294624.0,DOI's 14 Recommendations to NYCHA Regarding Micro-Purchases,,"to 12 months and one day imprisonment and three years of supervised release and ordered to pay $51,088 in forfeiture and $294,624 in restitution. WEST was sentenced to time served and three years of supervised release and ordered to pay $23,684 in forfeiture",https://www.nyc.gov/assets/doi/press-releases/2024/February/05Benjamin_West.02.01.2024.corrected.pdf
2024-02-06,2024,Contracting and procurement fraud,DOI report,,,,DOI's 14 Recommendations to NYCHA Regarding Micro-Purchases,,,https://www.nyc.gov/assets/doi/press-releases/2024/February/06DOI.PPRs.NYCHA.02.06.2024.pdf
2024-02-01,2024,Theft,Enforcement action,Sentenced,40000.0,40000.0,"Former NYC Department of Correction Captain Sentenced to 60 Days in Jail on Charges of Stealing $40,000 in Investment Ruse","Former NYC Department of Correction Captain Sentenced to 60 Days in Jail on Charges of Stealing $40,000 in Investment Ruse","FRANCOIS was sentenced to 60 days in jail and five years’ probation, and he has provided a repayment check to the victim for $40,000. DOI Commissioner Jocelyn E. Strauber said, “Today, the defendant, a former Correction Captain, faces the consequences of a",https://www.nyc.gov/assets/doi/press-releases/2024/February/04Francois02.01.2024.pdf
2024-01-26,2024,Payroll and wage abuse,Enforcement action,Pleaded guilty,170000.0,,Former New York City Correction Officer Pleads Guilty to Salary and Overtime Fraud,"defrauded the City of New York by falsely claiming to have worked thousands of hours and fraudulently pocketing more than $170,000, when he was actually at home, vacationing in Aruba or elsewhere,” stated United States Attorney Peace. “The defendant’s greed",,https://www.nyc.gov/assets/doi/press-releases/2024/January/Internicola Guilty Plea Press Release.pdf
2024-01-19,2024,Theft,Enforcement action,Pleaded guilty,2300000.0,2300000.0,Former Fiscal Officer for Non-Profit Pleads Guilty to Stealing Nearly $2.3 Million from Brooklyn Charity,Former Fiscal Officer for Non-Profit Pleads Guilty to Stealing Nearly $2.3 Million from Brooklyn Charity,will learn the penalty for her dishonesty and greed.” “This defendant created a company for the sole purpose of siphoning $2.3 million from the City-funded nonprofit where she worked. She took valuable funds meant for the educational and employment needs of,https://www.nyc.gov/assets/doi/press-releases/2024/January/Marcia Joseph Guilty Plea Press Release.pdf
2024-01-18,2024,Theft,Enforcement action,Charged or arrested,115000.0,,"D.A. Bragg, DOI Commissioner Strauber Announce Charges Against Man Who Allegedly Possessed $115k of Stolen Encrypted Radios from City Garbage Trucks","D.A. Bragg, DOI Commissioner Strauber Announce Charges Against Man Who Allegedly Possessed $115k of Stolen Encrypted Radios from City Garbage Trucks",,https://www.nyc.gov/assets/doi/press-releases/2024/January/DANYMunoz.01.18.2024.pdf
2024-01-11,2024,Theft,Enforcement action,Pleaded guilty,,2200.0,Fiscal Analyst with the City Department of Health and Mental Hygiene Pleads Guilty in Connection with Stealing Gift Cards Meant for HIV & AIDS Research Participants,,"pled guilty in November 2023 to Disorderly Conduct and was sentenced to a Conditional Discharge, the condition being to pay $2,200 in restitution, the amount of the DOHMH gift cards he used. STEPHANIE HUBBARD, 40, of New York, N.Y., a DOHMH Program Planner at",https://www.nyc.gov/assets/doi/press-releases/2024/January/03BurgessThomasGP01.11.2024.pdf
2024-01-09,2024,"Fraud, other",Enforcement action,Pleaded guilty,,150000.0,D.A. Bragg Announces Guilty Plea of Executive and Company in Wide-Ranging Construction Fraud,,"March 12, 2024, to a promised sentence of 6 months in jail and 3 years of probation and will be required to make restitution of $150,000 to the New York State Insurance Fund (“NYSIF”). The charges against an additional six individuals and four companies charged in",https://www.nyc.gov/assets/doi/press-releases/2024/January/DANYConstructionFraud1.09.2024.pdf
2024-01-09,2024,Uncategorised,DOI report,,,,DOI Issues Report on Disclosure of Overnight Stays at the PATH Intake Center in Summer 2022 and the Manipulation of the Publicly-Reported PATH Eligibility Rate from 2017 to Early to Mid-2022,,,https://www.nyc.gov/assets/doi/press-releases/2024/January/02DSSRelease.Rpt.01.09.2024.pdf
2024-01-04,2024,Benefits fraud,Enforcement action,Pleaded guilty,50000.0,,Florida Woman Pleads Guilty to Defrauding New York City SNAP Recipients,"woman charged with engaging in a years-long scheme to defraud at least 120 low -income New York City residents out of near ly $50,000 in benefits from the Supplemental Nutrition Assistance Program (“SNAP”), which provides low-income individuals with electronic",,https://www.nyc.gov/assets/doi/press-releases/2024/January/01SinghGP01.04.2024.pdf
2023-12-15,2023,Uncategorised,Commissioner remarks,,,,"Testimony of Jocelyn E. Strauber, Commissioner, New York City Department of Investigation, Concerning Oversight of NYPD’s Implementation of the Public Oversight of Surveillance Technology (POST) Act",,,https://www.nyc.gov/assets/doi/press-releases/2023/December/TestimonyPOST_Act_12.15.2023.pdf
2023-12-14,2023,Uncategorised,DOI report,,,,DOI Report Recommends Improvements in Oversight of Mandatory Asbestos Inspections,,,https://www.nyc.gov/assets/doi/press-releases/2023/December/40CAIRpt.Release.12.14.2023.pdf
2023-12-06,2023,Benefits fraud,Enforcement action,Indicted,310000.0,,Former Prosecutor and Family Members Indicted For Affordable Housing Scheme,"approximately $40,000 to rent the apartment over the course of the scheme, a market-rate apartment would have cost her almost $310,000 for the same time period. In Spring 2023, JENNIFER JACQUES attempted to secure a two-bedroom apartment in the West 42nd Street",,https://www.nyc.gov/assets/doi/press-releases/2023/December/DANYHousingFraud12.06.2023.pdf
2023-12-06,2023,Tax offenses,Enforcement action,Indicted,10225213.0,2800000.0,Owners of Brooklyn Plumbing Company Indicted for Evading Taxes on More than $10 Million in Income,"them as business expenses of Liberty Water. In total, Figliolia, Jr., and Sutherland intentionally diverted approximately $10,225,213 from Liberty Water between tax years 2017 and 2019, resulting in the evasion of approximately $3,933,046 in federal taxes. The","and veterinary expenses, as business expenses. As another example, Figliolia, Jr., and Sutherland obtained loans of more than $2.8 million on personal life insurance policies, and repaid the loans using Liberty Water funds, allowing them to siphon that money out of",https://www.nyc.gov/assets/doi/press-releases/2023/December/Figliolia%20et%20al.%20Indictment%20Press%20Release.pdf
2023-12-05,2023,"Fraud, other",Enforcement action,Charged or arrested,,,Brooklyn Day Care Center Owner Charged with Submitting a Fraudulent CPR Certificate,,,https://www.nyc.gov/assets/doi/press-releases/2023/December/39Stasyuk12.05.2023.pdf
2023-12-05,2023,Benefits fraud,Enforcement action,Indicted,157000.0,,"Brooklyn Woman Indicted for Grand Larceny for Stealing Approximately $157,000 in Section 8 Subsidies","Brooklyn Woman Indicted for Grand Larceny for Stealing Approximately $157,000 in Section 8 Subsidies",,https://www.nyc.gov/assets/doi/press-releases/2023/December/corbin_updated_release.pdf
2023-11-30,2023,"Fraud, other",Enforcement action,Charged or arrested,,,Principals of Fire Alarm Repair Company Charged with Decade-Long Scheme to Overbill City Agencies,,,https://www.nyc.gov/assets/doi/press-releases/2023/November/Fire Alarm Press Release.pdf
2023-11-21,2023,Contraband smuggling,Enforcement action,Sentenced,10000.0,,"Former New York City Correction Officer Sentenced to 29 Months in Prison for Smuggling Contraband into Rikers Island in Exchange for Nearly $10,000 in Bribe Payments","Krystle Burrell was sentenced by United States District Judge Kiyo A. Matsumoto to 29 months’ imprisonment for accepting nearly $10,000 in bribe payments in exchange for smuggling contraband into Rikers Island. Burrell was employed by the New York City Department",,https://www.nyc.gov/assets/doi/press-releases/2023/November/Burrell Sentencing Press Release.pdf
2023-11-09,2023,Theft,Enforcement action,Charged or arrested,65000.0,,Bronx Man Charged with Stealing Hundreds of Thousands of Dollars' Worth of Construction Utility Vehicles from NYCHA Housing Developments,"taken from surveillance video of two of the thefts are below: Utility Vehicles often retail for anywhere from $25,000 to $65,000 each. NUNEZ and others made hundreds of thousands of dollars by selling the Utility Vehicles to individuals who did not know that",,https://www.nyc.gov/assets/doi/press-releases/2023/November/Nunez Arrest PR.pdf
2023-10-31,2023,Contracting and procurement fraud,Enforcement action,Sentenced,,850000.0,Attorney General James and DOI Commissioner Strauber Announce Guilty Pleas and Sentencing in Decades-Long Bid-Rigging Scheme,,"for their criminal conduct and defendants Avi Cohen, Derek Barney, and Frank Lopez have agreed to pay restitution totaling $850,000,” said DOI Commissioner Jocelyn E. Strauber. “The vast majority of that amount will go to the city. Avi Cohen and his company are",https://www.nyc.gov/assets/doi/press-releases/2023/October/2023.10.30 - Moving companies release.pdf
2023-10-27,2023,Obstruction and tampering,Enforcement action,Indicted,,,NYC Department of Correction Officer Indicted for Evidence Tampering on Rikers Island,,,https://www.nyc.gov/assets/doi/press-releases/2023/October/Rosario10.27.2023.pdf
2023-10-18,2023,Theft,Enforcement action,Indicted,170000.0,,"D.A. Bragg, Construction Fraud Task Force Announce Indictment in $170K Wage Theft Case","D.A. Bragg, Construction Fraud Task Force Announce Indictment in $170K Wage Theft Case",,https://www.nyc.gov/assets/doi/press-releases/2023/October/G.Cole.10.18.2023DANY.pdf
2023-10-18,2023,"Fraud, other",Enforcement action,Charged or arrested,135000.0,,"DOI Investigation Leads to Charges in $135,000 Housing Fraud Scheme","DOI Investigation Leads to Charges in $135,000 Housing Fraud Scheme",,https://www.nyc.gov/assets/doi/press-releases/2023/October/38Rattler10.18.2023.pdf
2023-10-11,2023,"Fraud, other",Enforcement action,Charged or arrested,,,CEO and Business Partner Charged with Massive Scheme to Defraud New York City's Homeless Services Programs,,,https://www.nyc.gov/assets/doi/press-releases/2023/October/Weiser%20and%20Bransky%20Arrest%20PR.pdf
2023-10-11,2023,Embezzlement,Enforcement action,Charged or arrested,2300000.0,,Former Senior Fiscal Officer for Non-Profit Organization Charged with Multi-Million Dollar Embezzlement Scheme,"OFFICER FOR NON-PROFIT ORGANIZATION CHARGED WITH MULTI-MILLION DOLLAR EMBEZZLEMENT SCHEME Defendant Allegedly Stole Nearly $2.3 Million From Charity for Personal Expenses Including Home Remodeling, Spa Treatments, and Mortgage Payments A criminal complaint was",,https://www.nyc.gov/assets/doi/press-releases/2023/October/EDNY.Marcia JosephPR.pdf
2023-10-06,2023,Benefits fraud,Enforcement action,Charged or arrested,10000.0,,"DOI Investigation Leads to Arrest of Staten Island Woman on Charges of Stealing More than $10,000 in Section 8 Housing Subsidies","DOI Investigation Leads to Arrest of Staten Island Woman on Charges of Stealing More than $10,000 in Section 8 Housing Subsidies",,https://www.nyc.gov/assets/doi/press-releases/2023/October/37Moody10.04.2023.pdf
2023-10-06,2023,Payroll and wage abuse,Enforcement action,Charged or arrested,171000.0,,New York City Correction Officer Charged with Salary and Overtime Fraud,"policy for individuals who commit fraud and steal from law abiding taxpayers.” “This Correction Officer, as charged, stole over $171,000 from the City by falsely claiming he was at work on Rikers Island, including for overtime hours, when in fact he was 2",,https://www.nyc.gov/assets/doi/press-releases/2023/October/Internicola Arrest Press Release.pdf
2023-09-27,2023,Deaths and reckless endangerment,Enforcement action,Sentenced,,,Construction Company Operator Sentenced to Up to Four Years in Prison for Causing Laborer's Death in Brooklyn Wall Collapse,,,https://www.nyc.gov/assets/doi/press-releases/2023/September/liu_jimmy_sen_9_27_2023 2revised.pdf
2023-09-27,2023,Assault and cover-ups,Enforcement action,Sentenced,,838000.0,Real Estate Company Owner Sentenced for Participation in Bribery and Kickback Scheme Involving Former CEO of New York City-Funded Nonprofit,,"for the Southern District of New York. She was ordered to pay more than $790,000 in forfeiture and pay restitution of more than $838,000. The restitution was ordered to be paid to the Bronx Parent Housing Network (“BPHN”). LEVIN pled guilty in March 2023 to one",https://www.nyc.gov/assets/doi/press-releases/2023/September/36SheinaLevin.09.27.2023.pdf
2023-09-25,2023,Theft,Enforcement action,Indicted,14000.0,,"NYC Department of Correction Captain Indicted for Stealing $14,000 in Payments for Hours He Didn't Work","NYC Department of Correction Captain Indicted for Stealing $14,000 in Payments for Hours He Didn't Work",,https://www.nyc.gov/assets/doi/press-releases/2023/September/62-2023 Brice-Williams-indicted-wage-theft.pdf
2023-09-13,2023,Bribery and kickbacks,Enforcement action,Indicted,,,"D.A. Bragg, DOI Commissioner Announce Sweeping Bribery, Conspiracy Indictments Against Former DOB Commissioner Eric Ulrich, Multiple Associates",,,https://www.nyc.gov/assets/doi/press-releases/2023/September/DANY.EU.09.13.2023.pdf
2023-09-13,2023,Bribery and kickbacks,Commissioner remarks,,,,"Remarks of DOI Commissioner Jocelyn E. Strauber Regarding Bribery, Conspiracy Indictments Against Former DOB Commissioner Eric Ulrich, Multiple NYC Business Owners",,,https://www.nyc.gov/assets/doi/press-releases/2023/September/35DOIRemarks09.13.2023.pdf
2023-08-30,2023,Theft,Enforcement action,,50000.0,500000.0,"D.A. Bragg Returns $50,000 in Stolen Wages to New York City Workers Through Office's ""Stolen Wage Fund""","D.A. Bragg Returns $50,000 in Stolen Wages to New York City Workers Through Office's ""Stolen Wage Fund""","bankruptcy or otherwise cannot repay stolen wages. After evaluating the initial one-year pilot, the Office may invest up to $500,000 in the Fund. According to the Memorandum of Understanding signed earlier this year, the Department of Labor will vet claims and",https://www.nyc.gov/assets/doi/press-releases/2023/August/Stolen Wage Fund Partners.pdf
2023-08-28,2023,Theft,Enforcement action,Charged or arrested,,,Health Department Employee Charged with Stealing Gift Cards meant for HIV & AIDS Program Participants,,,https://www.nyc.gov/assets/doi/press-releases/2023/August/34Hubbard08.28.2023.pdf
2023-08-24,2023,"Fraud, other",Enforcement action,Charged or arrested,,,Former ACS Youth Development Specialist Charged in Workers’ Compensation Fraud,,,https://www.nyc.gov/assets/doi/press-releases/2023/August/33Israel08.24.2023.pdf
2023-08-23,2023,Theft,Enforcement action,Charged or arrested,,,Current and Former City Health Department Employees Charged with Stealing Gift Cards Meant for HIV & AIDS Research Participants,,,https://www.nyc.gov/assets/doi/press-releases/2023/August/32Khan.BurgessThomas08.22.2023.pdf
2023-08-18,2023,Theft,Enforcement action,Indicted,6600.0,,"ACS Employee at Horizon Juvenile Center Indicted for Stealing $6,600 in Pay for Hours He Didn't Work","ACS Employee at Horizon Juvenile Center Indicted for Stealing $6,600 in Pay for Hours He Didn't Work",,https://www.nyc.gov/assets/doi/press-releases/2023/August/michael-derico.pdf
2023-08-10,2023,Uncategorised,Agency announcement,,,,DOI Appoints Jeanene L. Barrett as Inspector General for the New York City Police Department,,,https://www.nyc.gov/assets/doi/press-releases/2023/August/31OIGNYPD.IG.Resume08.10.2023.pdf
2023-08-09,2023,Uncategorised,Enforcement action,Sentenced,,,D.A. Bragg Announces Guilty Plea and Sentencing of Former Chief of Mayor de Blasio's Security Detail,,,https://www.nyc.gov/assets/doi/press-releases/2023/August/Howard Redmond.pdf
2023-08-09,2023,Benefits fraud,Enforcement action,Charged or arrested,50000.0,,Florida Woman Charged with Defrauding SNAP Recipients,"employee to deceive more than a hundred SNAP recipients and gain access to their accounts, defrauding the recipients of about $50,000 in benefits, as charged in the Indictment. I thank HRA for referring the matter to DOI, and the Office of the United States",,https://www.nyc.gov/assets/doi/press-releases/2023/August/Singh Arrest PR.pdf
2023-08-03,2023,Theft,Enforcement action,Charged or arrested,600.0,600.0,DOI Arrests Fire Department Emergency Medical Technician on Charges of Theft from Undercover Posing as a Patient,"2, of an Emergency Medical Technician (“EMT”) employed by the New York C ity Fire Department (“FDNY”) on charges of stealing $600 from a DOI undercover investigator posing as an ill patient. This type of undercover operation, also known as an integrity test,","the 2 ambulance after it left the Hospital. DOI investigators approached the defendant, who was in the ambulance, and recovered $600 in marked bills from the defendant’s front right pocket. Investigators did not find the additional $90 that was missing from the",https://www.nyc.gov/assets/doi/press-releases/2023/August/30Carrillo08.03.2023.pdf
2023-07-31,2023,Bribery and kickbacks,Enforcement action,Indicted,60000.0,,"D.A. Bragg, DOI Commissioner Strauber, DCWP Commissioner Mayuga Announce Indictment of Pedicab Driver for Bribery","North Meadow Recreation Center, ALIMOV approached a senior inspector of DCWP conducting pedicab inspections and offered to pay $60,000 in exchange for his assistance in obtaining 34 pedicab registration plates. The DCWP inspector then immediately reported the",,https://www.nyc.gov/assets/doi/press-releases/2023/July/Pedicab07.31.2023.pdf
2023-07-28,2023,Theft,Enforcement action,Charged or arrested,6000.0,,"City Public Housing Authority Caretaker Charged with Stealing Nearly $6,000 in City Wages","City Public Housing Authority Caretaker Charged with Stealing Nearly $6,000 in City Wages",,https://www.nyc.gov/assets/doi/press-releases/2023/July/29Maestre07.28.2023.pdf
2023-07-25,2023,Assault and cover-ups,Enforcement action,Charged or arrested,,,Two Supervisors Charged with Federal Crimes in Connection with Beating of 16-Year-Old Resident at Bronx Juvenile Detention Center,,,https://www.nyc.gov/assets/doi/press-releases/2023/July/Seymour and Walker Arrest PR.pdf
2023-07-17,2023,Sexual misconduct,Enforcement action,Charged or arrested,,,Former City Parks Supervisor Charged with Sexually Abusing Subordinate at Bronx Park,,,https://www.nyc.gov/assets/doi/press-releases/2023/July/28Bracero07.17.2023.pdf
2023-06-29,2023,Tenant harassment and eviction,DOI report,,,,DOI Report Finds the City Department of Social Services Paid Substantial Broker's Fees to Place Clients into Private Housing Without Properly Vetting Potential Landlord-Broker Affiliations,,,https://www.nyc.gov/assets/doi/press-releases/2023/June/27DSS.BrokerRpt.Release.06.29.2023.pdf
2023-06-28,2023,Uncategorised,DOI report,,,,"DOI's Office of the Inspector General for the NYPD Issues Statement of Findings Regarding NYPD's Technical Assistance and Response Unit (""TARU"") and the Revised Handschu Guidelines",,,https://www.nyc.gov/assets/doi/press-releases/2023/June/26Handschu.Stment.Release.06.28.2023.pdf
2023-06-27,2023,Uncategorised,Enforcement action,Pleaded guilty,500.0,,Former DOB Inspector Pleads Guilty to Accepting $500 in Cash to Overlook Construction Work Completed Contrary to Approved Plans,Former DOB Inspector Pleads Guilty to Accepting $500 in Cash to Overlook Construction Work Completed Contrary to Approved Plans,,https://www.nyc.gov/assets/doi/press-releases/2023/June/25Crooks.06.27.2023.pdf
2023-06-23,2023,Forgery and fake credentials,Enforcement action,Indicted,,,NYC DOC Officer Indicted for Falsifying Suicide Training Completion for 74 Correction Officers,,,https://www.nyc.gov/assets/doi/press-releases/2023/June/40-2023 DOC officer Vinette Tucker Frederick indicted_final.pdf
2023-06-22,2023,Contraband smuggling,Enforcement action,Indicted,2500.0,,"Former NYC DOC Officer, Inmate and Civilian Indicted for Smuggling iPhone into Rikers Island","June 22, 2023 FORMER NYC DOC OFFICER, INMATE AND CIVILIAN INDICTED FOR SMUGGLING iPHONE INTO RIKERS ISLAND CO Allegedly Took $2,500 Bribe For Sneaking Phone to Inmate Bronx District Attorney Darcel D. Clark and New York City Department of Investigation",,https://www.nyc.gov/assets/doi/press-releases/2023/June/39-2023 bennie-green-indicted-rikers-smuggling.pdf
2023-06-20,2023,Theft,Enforcement action,Sentenced,1000000.0,,D.A. Bragg Announces Jail Sentence for Project Foreman Involved in $1 Million+ Wage Theft Scheme,D.A. Bragg Announces Jail Sentence for Project Foreman Involved in $1 Million+ Wage Theft Scheme,,https://www.nyc.gov/assets/doi/press-releases/2023/June/Maglic Sentencing.pdf
2023-06-20,2023,Theft,Enforcement action,Indicted,800.0,,FDNY Firefighter Indicted for Stealing Credit Cards from Deceased Patient During EMS Call,FOR STEALING CREDIT CARDS FROM DECEASED PATIENT DURING EMS CALL Defendant Charged $250 in Merchandise and Attempted to Charge $800 More Bronx District Attorney Darcel D. Clark and New York City Department of Investigation Commissioner Jocelyn E. Strauber today,,https://www.nyc.gov/assets/doi/press-releases/2023/June/36-2023 sylus-mckenzie-indicted-fdny-larceny_.pdf
2023-06-15,2023,Uncategorised,DOI statement,,,,DOI Commissioner Statement on the Conflicts of Interest Board Findings Regarding Former Mayor Bill de Blasio's Misuse of his Security Detail,,,https://www.nyc.gov/assets/doi/press-releases/2023/June/24COIB.deblasio.06.15.2023.pdf
2023-06-08,2023,"Fraud, other",Enforcement action,Sentenced,145000.0,177000.0,Social Worker Sentenced to 42 Months in Prison for Defrauding Program for Developmentally Delayed Children,"billed Medicaid and EIP for more than 1,700 therapy sessions that never occurred, resulting in the theft of more than $145,000 in Medicaid funds and more than $29,000 in New York City Department of Health and Mental Hygiene funds. At the trial, several","a public program designed to provide remedial services to developmentally delayed children. Mensah was also ordered to pay over $177,000 in restitution. Mensah was convicted in December 2019 following a one-week trial. Breon Peace, United States Attorney for the",https://www.nyc.gov/assets/doi/press-releases/2023/June/Mensah%20Sentence%20Press%20Release.pdf
2023-06-07,2023,"Fraud, other",Enforcement action,Charged or arrested,9000.0,,"D.A. Bragg, DOI Commissioner Strauber Announce Arrest of City Worker for Timesheet Fraud","GPS records from the car service -- showed different arrival times than his timesheets. These discrepancies total more than $9,000 in stolen City time. Assistant D.A. Nina A. Vershuta is handling the prosecution of this case under the supervision of Assistant",,https://www.nyc.gov/assets/doi/press-releases/2023/June/6.7.23.DANY.%20DOICityTimeTheft.pdf
2023-06-01,2023,Sexual misconduct,Enforcement action,Charged or arrested,,,City Child Protective Services Worker Charged with Exposing Himself to a Parent He Was Investigating,,,https://www.nyc.gov/assets/doi/press-releases/2023/June/23Latour05.31.23.pdf
2023-05-31,2023,Unlicensed operation,Enforcement action,Sentenced,,,"D.A. Bragg, DOI Commissioner Strauber, I.G. Lang Announce Sentencing of Unlicensed Labor Broker",,,https://www.nyc.gov/assets/doi/press-releases/2023/May/Almonte Sentencing Release.pdf
2023-05-04,2023,"Fraud, other",Enforcement action,,112000.0,,D.A. Bragg Announces Major Expansion of Construction Fraud Task Force,"• People v. Ampak Electrical: o Wages were stolen from 18 construction workers who worked on the midtown Virgin Hotel project $112k wage theft scheme o Company pled guilty to felony, and paid back $112k upfront, which was distributed to workers o This case led",,https://www.nyc.gov/assets/doi/press-releases/2023/May/5.4.23 Construction Fraud Task Force.pdf
2023-05-04,2023,Contracting and procurement fraud,Enforcement action,,,,DOI Issues Review of an Investigation by City Department of Correction (DOC) and DOC Vendor of Recording and Disclosure of Attorney-Client Communications in 2021,,,https://www.nyc.gov/assets/doi/press-releases/2023/May/22SecurusTechRpt.Release.05.04.2023.pdf
2023-05-03,2023,Payroll and wage abuse,DOI report,,,,DOI's Office of the Inspector General for the NYPD Issues Report Finding Overtime Hours Increase the Risk of Negative Policing Outcomes,,,https://www.nyc.gov/assets/doi/press-releases/2023/May/21OIGNYPD.OT.Rpt.Release.05.03.2023.pdf
2023-05-02,2023,"Fraud, other",Enforcement action,Indicted,1700000.0,,D.A. Bragg Announces Indictments in Wide-Ranging Construction Industry Fraud Scheme,"companies’ workforce size and payroll amounts. The indictment alleges that MGS CONSTRUCTION CORP. defrauded NYSIF of more than $1.7 million and continued to work following the cancelation of its insurance policy, thereby putting its workers at risk. JACG CONSTRUCTION",,https://www.nyc.gov/assets/doi/press-releases/2023/May/5.2.23%20Construction%20Fraud%20Rackets.pdf
2023-05-02,2023,"Fraud, other",Commissioner remarks,,,,DOI Commissioner Jocelyn E. Strauber's Remarks at Press Conference with Manhattan District Attorney Alvin Bragg to Announce Indictments in Wide-Ranging Construction Industry Corruption Scheme,,,https://www.nyc.gov/assets/doi/press-releases/2023/May/20Remarks.ConstructionFraud05.02.2023.pdf
2023-05-02,2023,Deaths and reckless endangerment,Enforcement action,Indicted,,,Mechanic Indicted on Criminally Negligent Homicide in Fatal Elevator Plunge in Bronx Building,,,https://www.nyc.gov/assets/doi/press-releases/2023/May/29-2023-Fatal-Elevator-Collapse-Indictment-Peter-Milatz-.pdf
2023-05-01,2023,"Fraud, other",Enforcement action,,,,2022 Annual Anti-Corruption Report,,,https://www.nyc.gov/assets/doi/press-releases/2023/May/19AntiCorrRpt.Release.05.01.2023.docx.pdf
2023-05-01,2023,Tenant harassment and eviction,Enforcement action,Indicted,,,"D.A. Bragg, DOI Commissioner Strauber Announce Indictment of Daniel Ohebshalom for Harassing Rent-Regulated Tenants",,,https://www.nyc.gov/assets/doi/press-releases/2024/May/DANYTenant05.01.2024.pdf
2023-04-28,2023,Deaths and reckless endangerment,Enforcement action,Sentenced,,,D.A. Bragg Announces Jail Sentence of Correction Captain For Negligent Homicide,,,https://www.nyc.gov/assets/doi/press-releases/2023/April/4.28.23 Hillman Sentencing.pdf
2023-04-27,2023,"Fraud, other",DOI statement,,90000.0,,DOI Statement on Conviction of Man Who Preyed Upon Families in Need of Housing to Defraud Government Rental Assistance Programs,"with renting out those properties. Through these two schemes, he stole hundreds of thousands of dollars – including more than $90,000 in federal funds – from HRA and HPD. . Fishbein was found guilty after a nearly two-week jury trial in the United States District",,https://www.nyc.gov/assets/doi/press-releases/2023/April/18.Fishbein.04.27.23.pdf
2023-04-20,2023,Assault and cover-ups,Enforcement action,Charged or arrested,,,City DEP Employee Charged with Making Threatening and Abusive Calls to Customers Who Called with Questions About Their Water Bills,,,https://www.nyc.gov/assets/doi/press-releases/2023/April/17Jackson04.20.2023.pdf
2023-04-18,2023,Sexual misconduct,Enforcement action,Charged or arrested,,,NYC DOC Officer Charged in Groping of Fellow Officer While Both Were on Duty in Rikers Island,,,https://www.nyc.gov/assets/doi/press-releases/2023/April/Bxda.DOCOfficer04.18.2023.pdf
2023-04-17,2023,Forgery and fake credentials,Enforcement action,Indicted,,,Brooklyn Residents Indicted for Making and Selling Fake OSHA and Buildings Department Safety Cards,,,https://www.nyc.gov/assets/doi/press-releases/2023/April/KCDA.OSHA_ind_4_17_2023.pdf
2023-04-14,2023,"Fraud, other",DOI statement,,5400000.0,5388770.0,DOI Statement on Two Defendants in $5.4 Million Scheme to Defraud NYC Homeless Veterans Sentenced to Prison,DOI Statement on Two Defendants in $5.4 Million Scheme to Defraud NYC Homeless Veterans Sentenced to Prison,"and three years’ supervised release and ordered to forfeit his property in N ew Jersey. Both were ordered to pay a total of $5,388,769.60 in restitution. DOI investigated this case with the U .S. Department of Veterans Affairs , Office of the Inspector",https://www.nyc.gov/assets/doi/press-releases/2023/April/15.Weir_Weah.04.14.23.pdf
2023-04-12,2023,Uncategorised,Commissioner remarks,,,,Remarks of DOI Commissioner Jocelyn E. Strauber at Press Conference with the Bronx District Attorney and City Department of Buildings,,,https://www.nyc.gov/assets/doi/press-releases/2023/April/14JSRemarks04.12.2023.pdf
2023-04-12,2023,Deaths and reckless endangerment,Enforcement action,Indicted,,500000.0,Three Contractors Indicted in First Bronx Case Charging Manslaughter and Criminally Negligent Homicide in a Construction Fatality,,"corporate liability for the death or serious physical injury of an employee, a felony or misdemeanor, by a fine of up to $500,000. The dangerous conditions presented in this case are precisely why Carlos’ Law was enacted, but this case predates the statute.",https://www.nyc.gov/assets/doi/press-releases/2023/April/BxDAFatalBuildingCollapse.pdf
2023-04-03,2023,Theft,Enforcement action,Pleaded guilty,1000000.0,,D.A. Bragg Announces Guilty Pleas of Company and Employees for Stealing More Than $1 Million from Workers,D.A. Bragg Announces Guilty Pleas of Company and Employees for Stealing More Than $1 Million from Workers,,https://www.nyc.gov/assets/doi/press-releases/2023/April/4.3.23 SAMCO Pleas.pdf
2023-03-29,2023,Forgery and fake credentials,Enforcement action,Sentenced,35000.0,34399.0,"Couple Sentenced for Stealing Identity of Army Veteran, Applying for Benefits and Bail Jumping; Ordered to Pay $35,000 Restitution","preyed upon a U.S. Army veteran, stealing his identification to fraudulently obtain government benefits that included more than $35,000 in rent subsidies for their New York City Housing Authority apartment. Today’s sentence shows that committing identity theft to","Chun to five months in jail and five years’ probation. The judge also executed a Judgment Order of Restitution in the amount of $34,399 for which the defendants are jointly liable. On March 15, 2023, Middleton pleaded guilty to first-degree identity theft and",https://www.nyc.gov/assets/doi/press-releases/2023/March/KCDA.QnsCouple.03.29.2023.pdf
2023-03-29,2023,Unlicensed operation,Enforcement action,Pleaded guilty,,,"D.A. Bragg, DOI Commissioner Strauber, NYS Inspector General Lang Announce Guilty Plea of Unlicensed Labor Broker",,,https://www.nyc.gov/assets/doi/press-releases/2023/March/3.29.23%20Almonte Plea.pdf
2023-03-21,2023,"Fraud, other",Enforcement action,Charged or arrested,50000.0,,"Queens Couple Charged in $112,707 Public Benefits Scam","Magistrate Judge Vera M. Scanlon in U.S. District Court for the Eastern District of New York and they were each released on a $50,000 bond. DOI Commissioner Jocelyn E. Strauber said, “As charged, these defendants schemed to illegally obtain public benefits,",,https://www.nyc.gov/assets/doi/press-releases/2023/March/11Selimovics03.21.2023.pdf
2023-03-17,2023,"Fraud, other",DOI statement,,,387749.0,DOI Statement on Sentencing of Retired NYPD Inspector for Conspiracy to Commit Federal Program Fraud Related to Hurricane Sandy Relief,,"to one count of conspiring to commit federal program fraud. Under the terms of his plea agreement, MELNICK agreed to forfeit $387,749 and to pay that amount in restitution to the New York City Office of Management and Budget (“OMB”). MELNICK has already paid the",https://www.nyc.gov/assets/doi/press-releases/2023/March/10.Melnick.031723.pdf
2023-03-14,2023,Deaths and reckless endangerment,Enforcement action,Convicted,,,D.A. Bragg Announces Trial Conviction of Correction Captain for Negligent Homicide,,,https://www.nyc.gov/assets/doi/press-releases/2023/March/3.14.23 Hillman Verdict.pdf
2023-03-09,2023,Assault and cover-ups,Enforcement action,Pleaded guilty,,,Brooklyn Woman Pleads Guilty to Participation in Bribery and Kickback Scheme Involving Former CEO of New York City Nonprofit,,,https://www.nyc.gov/assets/doi/press-releases/2023/March/09.Levin.03.09.2023.pdf
2023-03-09,2023,Theft,DOI statement,,135000.0,45000.0,DOI Statement on Sentencing of Former Executive of Two Publicly-Funded Nonprofits for Stealing Hundreds of Thousands of Dollars from Those Organizations,"scheme, WILLIAMS, acting in concert with BARRERA, stole from the ARC Foundation on two separate occasions; WILLIAMS received $135,000 and BARRERA received $30,000. Lastly, WILLIAMS stole funds from the ARC Foundation and the ARC Fund by requesting reimbursements","today in New York State Supreme Court by Judge April Newbauer to three years’ probation and ordered to pay restitution of $450,00 0 to the ARC Foundation. DOI investigated this case with the Office of Manhattan District Attorney Alvin Bragg and the Office of",https://www.nyc.gov/assets/doi/press-releases/2023/March/08.Williams.03.09.2023.pdf
2023-03-07,2023,Payroll and wage abuse,Enforcement action,Pleaded guilty,,,Three Former New York City Correction Officers Plead Guilty to Sick Leave Fraud,,,https://www.nyc.gov/assets/doi/press-releases/2023/March/NYC Correction Officers Fraud Guilty Pleas Press Release.pdf
2023-03-02,2023,Deaths and reckless endangerment,Enforcement action,Convicted,,,Construction Company Operator and Foreperson Convicted in Connection with Laborer's Death in Brooklyn Wall Collapse,,,https://www.nyc.gov/assets/doi/press-releases/2023/March/liu_jimmy_verdict_3_2023.pdf
2023-02-21,2023,Uncategorised,Agency announcement,,,570000.0,DOI Issues Calendar Year-End Statistics,,"(212) 825-5931 DEFENDANT WHO ACCEPTED HALF-A-MILLION DOLLARS IN BRIBES IS SENTENCED TO 18 MONTHS IN PRISON AND ORDERED TO PAY $570,000 IN FORFEITURE AND RESTITUTION Jocelyn E. Strauber, Commissioner of the New York City Department of Investigation (“DOI”), issued",https://www.nyc.gov/assets/doi/press-releases/2023/Jan/01djurasevic01.09.2023.pdf
2023-02-21,2023,Uncategorised,Agency announcement,,5400000.0,,DOI Issues Calendar Year-End Statistics,the identities of more than 20 children for use as dependent s in her family’s fake tax return s cheme. • Two men charged in a $5.4 million scheme to defraud a City program for homeless veterans in which they allegedly submitted more than 340 fraudulent applications,,https://www.nyc.gov/assets/doi/press-releases/2023/Feb/07.CY2022.02.21.2023FINAL.pdf
2023-02-10,2023,Bribery and kickbacks,Enforcement action,Sentenced,,12000.0,Second Former NYCHA Supervisor Sentenced to Federal Prison for Accepting Bribes to Dole Out No-Bid Contracts,,"Judge Denise L. Cote sentenced FIGUEROA to 15 months in prison and three years’ supervised release, and ordered him to pay $12,000 in forfeiture and restitution. DOI investigated this matter in partnership with t he office of Damian Williams, United States",https://www.nyc.gov/assets/doi/press-releases/2023/Feb/06.Figueroa.02.09.2023.pdf
2023-02-08,2023,Bribery and kickbacks,Enforcement action,Sentenced,,100000.0,"Former NYCHA Supervisor Convicted of Soliciting and Receiving a Bribe Sentenced to 33 Months in Prison and $100,000 Fine",,"sentenced to 33 months in prison, three years’ supervised release, and 360 hours of community service and was ordered to pay a $100,000 fine and $4,000 in forfeiture and restitution. GIBBS will surrender on May 8, 2023. In October 2022, GIBBS, 58, of Bay Shore,",https://www.nyc.gov/assets/doi/press-releases/2023/Feb/03GibbsSent02.08.2023.pdf
2023-02-08,2023,"Fraud, other",Enforcement action,Pleaded guilty,250000.0,387749.0,Three Defendants Plead Guilty in Scheme to Receive Advance Notice of Health Department Inspections,"residing in an apartment purchased by an individual at MELNICK’s direction. O’MARA fraudulently obtained more than approximately $250,000 from the City via Company-1 as a result of these schemes. Additionally, in or about February 2020, when the City began raising","fraudulently obtaining housing reimbursements based on a fake lease and other fraudulent documentation. MELNICK agreed to pay $387,749 in forfeiture and restitution. MELNICK is scheduled to be sentenced by Judge Marrero on February 24, 2023. O’MARA is cooperating",https://www.nyc.gov/assets/doi/press-releases/2023/Feb/OMaraPlea02_07_2023.pdf
2023-02-08,2023,"Fraud, other",Enforcement action,Pleaded guilty,50000.0,20000.0,Three Defendants Plead Guilty in Scheme to Receive Advance Notice of Health Department Inspections,"pleas of three defendants in connection with a scheme to cover the entry fees (boxes) into an annual Super Bowl pool with a $50,000 potential payoff for a City Department of Health and Mental Hygiene (“DOHMH”) official in exchange for warnings about upcoming","part of the plea agreements, JOHN DISANTO agreed to three years ’ probation and 16 weeks of community service, a $1,000 fine and $20,000 in forfeiture; JACK DISANTO agreed to three years’ ‘probation and 12 weeks of community service, a $1,000 fine and $20,000 in",https://www.nyc.gov/assets/doi/press-releases/2023/Feb/05GourmetGrill02.08.2023.pdf
2023-02-07,2023,Bribery and kickbacks,Enforcement action,Charged or arrested,,,Brooklyn Restaurant Owner Charged with Bribery to Avoid Health Code Violations,,,https://www.nyc.gov/assets/doi/press-releases/2023/Feb/03Argo02.07.2023.pdf
2023-01-18,2023,Assault and cover-ups,Enforcement action,Indicted,5000000.0,,"DA Bragg, DOI Commissioner Strauber, NYPD Commissioner Sewell Announce Indictment in Massive Construction Industry Kickback Scheme","including LOUIS ASTUTO, 58, PAUL NOTO, 43, and FRANK CAMUSO, 59, the alleged scheme resulted in the theft of more than $5,000,000 from BASELICE’s firm’s clients. The 83-count New York County Supreme Court indictment charges all 50 defendants with Conspiracy",,https://www.nyc.gov/assets/doi/press-releases/2023/Jan/1.18.13%20Baselice et al Press Release - Manhattan DA.pdf
2023-01-18,2023,Assault and cover-ups,Commissioner remarks,,,,Remarks of DOI Commissioner Jocelyn E. Strauber; Press Conference with the Manhattan District Attorney and NYPD Announcing Indictment in Construction Industry Kickback Scheme,,,https://www.nyc.gov/assets/doi/press-releases/2023/Jan/02Baselice02.18.2023.pdf
2023-01-17,2023,Assault and cover-ups,Enforcement action,Indicted,,,NYC DOC Officers Indicted for Attempting to Cover Up Assault on Inmate by Correction Officer,,,https://www.nyc.gov/assets/doi/press-releases/2023/Jan/02-2023 Carl-Williams-Roy-Dewar-Jatan-Das-indicted-falsifying-information.pdf
2022-12-14,2022,"Fraud, other",Enforcement action,Pleaded guilty,400000.0,,Final Two Defendants Plead Guilty in Fraud Involving COVID-19 Hotel Room Isolation Program,"two remaining defendants in a four-defendant scheme to defraud the New York City COVID-19 Hotel Room Isolation Program of over $400,000. The United States Attorney’s Office for the Southern District of New York prosecuted this case. Today, HEAVEN WEST, 22, of",,https://www.nyc.gov/assets/doi/press-releases/2022/December/25Benjamin.West_12142022.pdf
2022-12-12,2022,Forgery and fake credentials,Enforcement action,Pleaded guilty,,,DOI Investigation Results in Guilty Plea by a City Correction Officer for Misrepresentations about His Absence from His Post,,,https://www.nyc.gov/assets/doi/press-releases/2022/December/24Boyer12.12.2022.pdf
2022-12-02,2022,"Fraud, other",Enforcement action,Pleaded guilty,400000.0,,Brooklyn Woman Pleads Guilty to Defrauding the City's COVID-19 Hotel Room Isolation Program and The City Housing Authority,"the guilty plea of the second defendant in a scheme to defraud the New York City COVID19 Hotel Room Isolation Program of over $400,000. This defendant also pled guilty to a separate scheme to defraud the New York City Housing Authority (“NYCHA”) . The United",,https://www.nyc.gov/assets/doi/press-releases/2022/December/23Lewis_12022022.pdf
2022-11-22,2022,"Fraud, other",Enforcement action,Pleaded guilty,400000.0,,Brooklyn Woman Pleads Guilty to Scheme that Defrauded New York City COVID-19 Hotel Room,"(212) 825-5931 BROOKLYN WOMAN PLEADS GUILTY TO SCHEME THAT DEFRAUDED NEW YORK CITY COVID-19 HOTEL ROOM ISOLATION PROGRAM OF OVER $400,000 Jocelyn E. Strauber, Commissioner of the New York City Department of Investigation (“DOI”), announced today the guilty plea of",,https://www.nyc.gov/assets/doi/press-releases/2022/November/22Daniel11.22.2022.pdf
2022-11-10,2022,Forgery and fake credentials,Enforcement action,Charged or arrested,140000.0,,Three New York City Correction Officers Charged with Fraud for Lying to Stay on Sick Leave for Over a Year,"When approached by law enforcement, Coaxum admitted to forging some medical documents. Trinidad likewise obtained more than $140,000 by claiming to be too injured to work for over a year. Although he went to medical appointments with DOC wearing some combination",,https://www.nyc.gov/assets/doi/press-releases/2022/November/pr_NYCCorrectionOfficersFraudArrest_11102022.pdf
2022-10-19,2022,"Fraud, other",Enforcement action,Indicted,1600000.0,,"D.A. Bragg, DOI Commissioner Strauber Announce Indictment of Six Real Estate Developers for Defrauding New York State’s 421-A Program","defrauding New York State’s 421-a tax exemption program meant to promote affordable housing, and collectively reaping more than $1.6 million in illegal property tax benefits. The investigation revealed that these developers, who owned six different Brooklyn apartment",,https://www.nyc.gov/assets/doi/press-releases/2022/October/HousingCase_PressConference_101922.pdf
2022-10-19,2022,Benefits fraud,Commissioner remarks,,,,Remarks of DOI Commissioner Jocelyn E. Strauber: Press Conference on Affordable Housing Fraud,,,https://www.nyc.gov/assets/doi/press-releases/2022/October/19JSRemarks_housing_10_19_2022.pdf
2022-10-14,2022,Contracting and procurement fraud,Enforcement action,Pleaded guilty,,1200000.0,Longtime City Contractor Pleads Guilty to $1 Million Insurance Fraud,,"nguyenk@dany.nyc.gov LONGTIME CITY CONTRACTOR PLEADS GUILTY TO $1 MILLION INSURANCE FRAUD Dragonetti Brothers Landscaping Paid $1.2 Million in Restitution, Barred from New York City Department of Design and Construction and New York City Business Integrity Commission",https://www.nyc.gov/assets/doi/press-releases/2022/October/10.14.22%20Dragonetti Brothers Plea Sentencing.pdf
2022-10-12,2022,Drug offenses,Enforcement action,Charged or arrested,,,"Eight Defendants, Including a Brooklyn Medical Doctor, and Three Pharmacists, Charged with Illegally Distributing More Than 1.2 Million Oxycodone Pills",,,https://www.nyc.gov/assets/doi/press-releases/2022/October/EDNY_Oxy_10_12__2022.pdf
2022-10-03,2022,Contracting and procurement fraud,Enforcement action,Pleaded guilty,,,City Contractor Pleads Guilty to Filing False Receipts with the City,,,https://www.nyc.gov/assets/doi/press-releases/2022/October/18Islam_10032022FINAL.pdf
2022-09-27,2022,Deaths and reckless endangerment,Enforcement action,Sentenced,,,Flatbush Landlord Sentenced to Jail and Probation in Connection with Fatal Fire that Left One Tenant Dead,,,https://www.nyc.gov/assets/doi/press-releases/2022/September/leon_evener_sen_9_8_2022 KCDA.pdf
2022-09-21,2022,Contracting and procurement fraud,Enforcement action,Charged or arrested,,,President of Queens-Based Construction Company Charged with Fraud in Connection with Homeless Shelter Contracts Worth $12 Million,,,https://www.nyc.gov/assets/doi/press-releases/2022/September/CheemaetalArrestPR.pdf
2022-09-20,2022,"Fraud, other",Enforcement action,Pleaded guilty,,387749.0,Former Disaster Relief Consultant and Retired NYPD Inspector Pleads Guilty to Conspiring to Commit Federal Program Fraud in Connection with New York City's Hurricane Sandy Recovery Efforts,,"which carries a maximum sentence of five years in prison. Under the terms of his plea agreement, MELNICK agreed to forfeit $387,749 and to pay restitution to NYC-OMB in the amount of $387,749. The maximum potential sentence in this case is prescribed by",https://www.nyc.gov/assets/doi/press-releases/2022/September/Melnick%20Plea PR 09.20.2022.pdf
2022-09-20,2022,Racketeering and violent crime,Enforcement action,Indicted,,,"Members of the ""Bully Gang"" Charged in Superseding Indictment with Murders, Racketeering, Arson, Narcotics Trafficking, Money Laundering, and Firearms Offenses",,,https://www.nyc.gov/assets/doi/press-releases/2022/September/EDNY_Bullygang_9202022.pdf
2022-09-20,2022,Contraband smuggling,Enforcement action,Pleaded guilty,,,Two New York City Correction Officers Plead Guilty to Accepting Bribes in Exchange for Smuggling Contraband Into Rikers Island for Gang Members,,,https://www.nyc.gov/assets/doi/press-releases/2022/September/EDNY_contraband_9202022.pdf
2022-09-15,2022,"Fraud, other",Enforcement action,Sentenced,8000.0,,"New Jersey Man Convicted of Scheme to Defraud NYC During Pandemic Sentenced to Five Years Probation, 600 Hours of Community Service and an $8,000 Fine","New Jersey Man Convicted of Scheme to Defraud NYC During Pandemic Sentenced to Five Years Probation, 600 Hours of Community Service and an $8,000 Fine",,https://www.nyc.gov/assets/doi/press-releases/2022/September/17romano09.15.2022.pdf
2022-09-09,2022,Bribery and kickbacks,Enforcement action,Pleaded guilty,500000.0,,"Defendant Pleads Guilty to Accepting More Than $500,000 in Bribes in Connection with a Multi-Million Dollar New York City Public Works Contract","Defendant Pleads Guilty to Accepting More Than $500,000 in Bribes in Connection with a Multi-Million Dollar New York City Public Works Contract",,https://www.nyc.gov/assets/doi/press-releases/2022/September/EDNY.Djurasevic.09.09.2022.pdf
2022-08-17,2022,Theft,Enforcement action,Indicted,1700000.0,,D.A. Bragg Announces Indictment of Company for Stealing $1.7 Million from Worker Wages,D.A. Bragg Announces Indictment of Company for Stealing $1.7 Million from Worker Wages,,https://www.nyc.gov/assets/doi/press-releases/2022/August/ManDA_SCA_08_17_2022.pdf
2022-07-26,2022,Benefits fraud,Enforcement action,Charged or arrested,,,Current City Employee and Former City Employee Charged with Defrauding New York State Medicaid Program,,,https://www.nyc.gov/assets/doi/press-releases/2022/July/16medicaidfraud_72622.pdf
2022-07-25,2022,Deaths and reckless endangerment,Enforcement action,Indicted,,,"NYC Department of Correction Captain, Three Officers Indicted for Reckless Endangerment in Rikers Island Inmate's 2019 Suicide Attempt",,,https://www.nyc.gov/assets/doi/press-releases/2022/July/79-2022 correction-officers-indicted-rikers-death.pdf
2022-07-08,2022,"Fraud, other",Enforcement action,Charged or arrested,5400000.0,,Two Men Charged in $5.4 Million Scheme to Defraud New York City Program for Homeless Veterans,Two Men Charged in $5.4 Million Scheme to Defraud New York City Program for Homeless Veterans,,https://www.nyc.gov/assets/doi/press-releases/2022/July/pr_Rudean Weir and Jerome Weah Arrest.pdf
2022-07-01,2022,Deaths and reckless endangerment,Enforcement action,Indicted,,,Brooklyn Scaffolding Company and its Foreperson Indicted for Reckless Endangerment and Criminal Mischief in Scaffolding Collapse,,,https://www.nyc.gov/assets/doi/press-releases/2022/July/KCDA_Scaffold_07012022.pdf
2022-06-29,2022,Racketeering and violent crime,Enforcement action,Charged or arrested,,,Gang Members and Others Who Used Violence to Take Control of New York Fire Mitigation Industry Charged with Racketeering and Extortion,,,https://www.nyc.gov/assets/doi/press-releases/2022/June/Jatiek Smith et al. Indictment PR.pdf
2022-06-02,2022,Conflict of interest,Enforcement action,Pleaded guilty,,,Former General Counsel of NYC Board of Elections Pleads Guilty to Two Counts of Official Misconduct in Connection with Unauthorized Conduct with an Intern at the BOE and Another Individual,,,https://www.nyc.gov/assets/doi/press-releases/2022/June/14Richman_6022022.pdf
2022-05-31,2022,"Fraud, other",Enforcement action,Pleaded guilty,45000000.0,,New Jersey Man Charged in $45 Million Scheme to Defraud NYC During Height of Pandemic Pleads Guilty to Conspiracy to Violate the Defense Production Act,New Jersey Man Charged in $45 Million Scheme to Defraud NYC During Height of Pandemic Pleads Guilty to Conspiracy to Violate the Defense Production Act,,https://www.nyc.gov/assets/doi/press-releases/2022/May/13RomanoGP05_31_2022.pdf
2022-05-25,2022,Benefits fraud,Enforcement action,Charged or arrested,9600.0,,"Staten Island Woman Charged with Stealing Approximately $9,600 in City Rental Subsidies","Staten Island Woman Charged with Stealing Approximately $9,600 in City Rental Subsidies",,https://www.nyc.gov/assets/doi/press-releases/2022/May/Marrero_05252022_Release.pdf
2022-05-23,2022,Uncategorised,Enforcement action,Sentenced,,,Former CEO of New York City-Funded Bronx Parent Housing Network Sentenced to Prison Term of 27 Months in Federal Court,,,https://www.nyc.gov/assets/doi/press-releases/2022/May/VictorRiveraSent_5232022.PDF
2022-05-12,2022,Assault and cover-ups,Enforcement action,Indicted,,,Long Island Man Indicted for Stealing Thousands of Dollars from Employees in Kickback Scheme,,,https://www.nyc.gov/assets/doi/press-releases/2022/May/QDA.Singh.05.12.2022.pdf
2022-05-04,2022,Tax offenses,Enforcement action,Charged or arrested,700000.0,,"Family of Alleged Scam Artists Charged with Numerous Crimes, Including Grand Larceny, Identity Theft, Tax Fraud","GRAND LARCENY, IDENTITY THEFT, TAX FRAUD As Alleged, Trio Fraudulently Gained Ownership of Deceased Laurelton Resident's $700K Home, Defrauded Section 8 Funding, Stole Covid Relief Funds & Filed Fake Unemployment Insurance Claims; One of the Defendants",,https://www.nyc.gov/assets/doi/press-releases/2022/May/QDA.Scam.05.04.2022.pdf
2022-05-03,2022,Theft,Enforcement action,Indicted,135000.0,,"Long Island Woman Indicted for Stealing $135,000 from New York City's Retirement System","Long Island Woman Indicted for Stealing $135,000 from New York City's Retirement System",,https://www.nyc.gov/assets/doi/press-releases/2022/May/KCDA_Agyeman_05_03_2022.PDF
2022-04-25,2022,Theft,Enforcement action,Charged or arrested,40000.0,,"DOI Investigation Results in Arrest of Department of Correction Captain on a Charge of Stealing $40,000 in Alleged Investment Ruse","DOI Investigation Results in Arrest of Department of Correction Captain on a Charge of Stealing $40,000 in Alleged Investment Ruse",,https://www.nyc.gov/assets/doi/press-releases/2022/April/10Francois04_25_2022.pdf
2022-04-12,2022,Bribery and kickbacks,Enforcement action,Charged or arrested,50000.0,,New York Lieutenant Governor Brian Benjamin Charged with Bribery and Related Offenses,"from CC-1 in exchange for BENJAMIN’s use of his official authority and influence as a New York State senator to obtain a $50,000 state-funded grant (the “Grant”) for a non-profit organization controlled by CC-1 (“Organization-1”). BENJAMIN and others acting",,https://www.nyc.gov/assets/doi/press-releases/2022/April/Brian%20Benjamin Indictment PR.pdf
2022-04-12,2022,Uncategorised,Commissioner remarks,,,,"Remarks of DOI Commissioner Jocelyn E. Strauber, Press Conference at the United States Attorney's Office for the Southern District of New York",,,https://www.nyc.gov/assets/doi/press-releases/2022/April/09JSRemarks04_12_2022.pdf
2022-04-05,2022,Contraband smuggling,Enforcement action,Charged or arrested,,,Two New York City Correction Officers Among Six Defendants Charged with Conspiring to Accept Bribes and Smuggle Contraband into Rikers Island Facilities for Gang Members,,,https://www.nyc.gov/assets/doi/press-releases/2022/April/pr_RikersCorrectionOfficers_40522.pdf
2022-04-04,2022,Payroll and wage abuse,Enforcement action,,900000.0,900000.0,"Attorney General James and DOI Commissioner Strauber Deliver $900,000 to 200 NYCHA Construction Workers Denied Fair Pay","Investigation (DOI) Commissioner Jocelyn E. Strauber today announced their joint efforts to combat wage theft by securing nearly $900,000 for more than 200 workers who were underpaid by Lintech Electric (Lintech). An investigation found that over the course of three","Attorney General James and DOI Commissioner Strauber Deliver $900,000 to 200 NYCHA Construction Workers Denied Fair Pay",https://www.nyc.gov/assets/doi/press-releases/2022/April/pr_OAG_PrevWage_4042022.pdf
2022-04-01,2022,Racketeering and violent crime,Enforcement action,Charged or arrested,,,Bronx Gang Member Charged with Double Murder and Shooting of 16-Year-Old,,,https://www.nyc.gov/assets/doi/press-releases/2022/April/pr_KaijohnsonArrest_40122.pdf
2022-03-31,2022,Uncategorised,DOI report,,,,Eighth Annual Report Issued by DOI's Office of The Inspector General for The New York City Police Department,,,https://www.nyc.gov/assets/doi/press-releases/2022/March/08OIGNYPDAnnualRpt_Release_3312022.pdf
2022-03-22,2022,Deaths and reckless endangerment,Enforcement action,Indicted,,,Construction Company and Owner Indicted for Manslaughter in Death of 5-Year-Old Girl Struck by Pillars Following Wall Collapse,,,https://www.nyc.gov/assets/doi/press-releases/2022/March/KCDA_Anwar_03_22_2022.pdf
2022-02-28,2022,Uncategorised,Commissioner remarks,,,,DOI Commissioner Jocelyn E. Strauber Marks First Day at DOI,,,https://www.nyc.gov/assets/doi/press-releases/2022/February/07FirstDayJS02_28_2022.pdf
2022-02-08,2022,Uncategorised,DOI report,,,,DOI Issues Report on its Investigation of Owner Occupancy and Tax Exemption Violations at a Queens Housing Development Created Through a City Urban Development Project,,,https://www.nyc.gov/assets/doi/press-releases/2022/February/06ArverneRelease.Rpt.02.08.22.pdf
2022-02-07,2022,Assault and cover-ups,Enforcement action,Pleaded guilty,,,Former CEO of City-Funded Bronx Parent Housing Network Pleads Guilty to Conspiracy to Enrich Himself in a Bribery and Kickback Scheme,,,https://www.nyc.gov/assets/doi/press-releases/2022/February/05VictorRivera_02072022.pdf
2022-01-20,2022,Uncategorised,Agency announcement,,400000.0,,DOI Issues 2021 Calendar Year-End Statistics,"by falsely claiming to be healthcare workers and selling hotel rooms to ineligible individuals, defrauding the government of $400,000.  Seven Taxi and Limousine-licensed taxicab drivers pleaded guilty to defrauding passengers by overcharging on toll rates that",,https://www.nyc.gov/assets/doi/press-releases/2022/January/Updated03CalendarYearEnd01_20_2022.pdf
2022-01-20,2022,Benefits fraud,DOI statement,,3700000.0,,DOI Statement on Sentencing of Final Defendant in Scheme that Stole $3.7 Million in City-Issued Public Assistance Checks,DOI Statement on Sentencing of Final Defendant in Scheme that Stole $3.7 Million in City-Issued Public Assistance Checks,,https://www.nyc.gov/assets/doi/press-releases/2022/January/04HRATheft01.20.2022.pdf
2022-01-14,2022,Workers' compensation fraud,Enforcement action,Convicted,,,Labor Broker Convicted of Insurance Fraud in Procuring Workers' Compensation Insurance,,,https://www.nyc.gov/assets/doi/press-releases/2022/January/02Consolidated01.14.2022.pdf
2022-01-12,2022,Benefits fraud,Enforcement action,Indicted,35000.0,,"California Man Indicted for Stealing Identity of Army Veteran, Applying for Benefits, Including More Than $35,000 in Housing Subsidies","California Man Indicted for Stealing Identity of Army Veteran, Applying for Benefits, Including More Than $35,000 in Housing Subsidies",,https://www.nyc.gov/assets/doi/press-releases/2022/January/middleton_kevin_ind_10_2021.pdf
2022-01-11,2022,Theft,Enforcement action,Charged or arrested,,,"DOI Arrests Bronx Resident on a Charge of Stealing More Than $50,000 in City Pension Funds",,,https://www.nyc.gov/assets/doi/press-releases/2022/January/01Pension_01112022.pdf
2021-12-15,2021,Contracting and procurement fraud,Enforcement action,Indicted,93000.0,,"Brooklyn Contractors Indicted for Allegedly Stealing $93,000 from Five Customers Who Hired Them to Perform Plumbing and Gas Work","Brooklyn Contractors Indicted for Allegedly Stealing $93,000 from Five Customers Who Hired Them to Perform Plumbing and Gas Work",,https://www.nyc.gov/assets/doi/press-releases/2021/December/DiMassi_Peter_et.al._ind_12_15_2021.pdf
2021-12-13,2021,Uncategorised,DOI report,,,,DOI Report Finds Mismanagement and Leadership Failures in the Lifeguard Division and Issues 13 Recommendations to Improve Management and Accountability,,,https://www.nyc.gov/assets/doi/press-releases/2021/December/LifeguardReleaseRpt12.13.2021.pdf
2021-12-13,2021,Bribery and kickbacks,Enforcement action,Indicted,,,Three Brooklyn Shopkeepers Indicted for Bribery Scheme to Receive Advance Notice of Health Department Inspections of Eateries,,,https://www.nyc.gov/assets/doi/press-releases/2021/December/DiSanto.etal.ind.12.13.2021.pdf
2021-11-22,2021,"Fraud, other",Enforcement action,Pleaded guilty,4539.0,,DOI Investigation Results in Six Guilty Pleas by Taxi and Limousine-Licensed Taxicab Drivers Who Defrauded Passengers Through Overcharging,"approximately 620 customers for non-existent tolls and/or inflating toll charges for trips with a toll, totaling approximately $4,539 in overcharges between July 4, 2015, and March 18, 2017. • YEVGENY OSTROV, 60, of Brooklyn, N.Y., was charged with overcharging",,https://www.nyc.gov/assets/doi/press-releases/2021/November/24TaxiFraud_11222021.pdf
2021-11-19,2021,"Fraud, other",Enforcement action,Charged or arrested,,,Real Estate Businessman and Lawyer Arrested in Connection with Campaign Finance Scheme,,,https://www.nyc.gov/assets/doi/press-releases/2021/November/Migdol_SDNY_11192021.pdf
2021-11-10,2021,Contracting and procurement fraud,DOI report,,,,DOI Issues Report Today on Corruption Vulnerabilities in the City's Oversight and Administration of Nonprofit Human Services Contracts,,,https://www.nyc.gov/assets/doi/press-releases/2021/November/23NFPRelease.Rpt.11.10.2021.pdf
2021-11-05,2021,Bribery and kickbacks,Enforcement action,Charged or arrested,,,DOI Investigation Leads to Arrest of Staten Island Homeowner on Bribery and Related Charges,,,https://www.nyc.gov/assets/doi/press-releases/2021/November/22ABuci11.05.2021.pdf
2021-11-05,2021,Uncategorised,DOI report,,,,DOI's Office of Inspector General for the NYPD Report Examines Use of NYPD's Body-Worn Camera Footage by City Police Oversight Agencies and Recommends the CCRB be Granted Direct Access to NYPD's BWC Footage Platform,,,https://www.nyc.gov/assets/doi/press-releases/2021/November/21BWCRelease.Rpt.11.05.2021.pdf
2021-10-26,2021,"Fraud, other",Enforcement action,Charged or arrested,3000000.0,,Nine Therapists Arrested in Scheme to Defraud Program for Developmentally Disabled Children,TO DEFRAUD PROGRAM FOR DEVELOPMENTALLY DISABLED CHILDREN Defendants Billed New York State Early Intervention Program More Than $3 Million For Therapy Sessions That Never Occurred A criminal complaint was unsealed today in federal court in Brooklyn charging Marsiste,,https://www.nyc.gov/assets/doi/press-releases/2021/October/ADOLPHE_Arrests_Press_Release.pdf
2021-10-15,2021,Sexual misconduct,Enforcement action,Charged or arrested,,,New York City Correction Officer Charged in Connection with Alleged Sexual Assault of Another Correction Officer in Bronx Parking Lot for the City’s Jail Barge,,,https://www.nyc.gov/assets/doi/press-releases/2021/October/20RWilson_10152021.pdf
2021-10-08,2021,Contraband smuggling,Enforcement action,Charged or arrested,,,DOC-DOI Operation Leads to Arrest of City Correction Officer and Inmate on Promoting Prison Contraband Charges,,,https://www.nyc.gov/assets/doi/press-releases/2021/October/19DOC_10082021.pdf
2021-10-07,2021,Sexual misconduct,Enforcement action,Charged or arrested,,,DOI Investigation Leads to Arrest of City Housing Inspector with The Department of Housing Preservation & Development on Sexual Abuse and Related Charges,,,https://www.nyc.gov/assets/doi/press-releases/2021/October/18HPD_Martinez_10072021.pdf
2021-10-07,2021,Uncategorised,DOI report,,,,DOI Issues Report on Probe into Misuse of the Mayor’s Security Detail,,,https://www.nyc.gov/assets/doi/press-releases/2021/October/16DetailRpt10_07_2021.pdf
2021-10-07,2021,Uncategorised,DOI report,,,,DOI's Investigation into Mayor de Blasio’s Security Detail,,,https://www.nyc.gov/assets/doi/press-releases/2021/October/DOI_Report_re_Security_Detail.pdf
2021-10-07,2021,Uncategorised,Commissioner remarks,,,,Remarks of DOI Commissioner Margaret Garnett Regarding DOI Report on Allegations Involving the Mayor’s Security Detail,,,https://www.nyc.gov/assets/doi/press-releases/2021/October/17DOICommRemarks10_07_2021.pdf
2021-10-05,2021,"Fraud, other",Enforcement action,Charged or arrested,400000.0,,Four Defendants Charged with COVID-19 Fraud Scheme,"by Falsely Claiming to be Healthcare Workers and by Selling Hotel Rooms to Ineligible Individuals, Defrauding the Government of $400,000 Audrey Strauss, the United States Attorney for the Southern District of New York, Margaret Garnett, the Commissioner of the New",,https://www.nyc.gov/assets/doi/press-releases/2021/October/COVID-19HotelFraudPR.10.05.2021.pdf
2021-10-04,2021,Contracting and procurement fraud,Enforcement action,Charged or arrested,64000.0,,"D.A. Vance, DOI: Director of Contracts at New York City Health + Hospitals Corporation Charged with Public Corruption","of EUGENE ROBERSON, 54, a Director of Contracts for New York City Health + Hospitals Corporation (“HHC”), for stealing $64,000 from HHC between March 2018 and June 2021, and filing several false bank statements with DOI. ROBERSON is charged in a New York",,https://www.nyc.gov/assets/doi/press-releases/2021/October/MDA.Robeson.HandH.10.04.2021.pdf
2021-10-04,2021,"Fraud, other",Enforcement action,,,,DOI Debuts Public Information Poster and Radio Campaign Promoting Deterrence Reminding City Employees and the Public to Call DOI about Corruption,,,https://www.nyc.gov/assets/doi/press-releases/2021/October/15PubInfoCampaign10.04.2021.pdf
2021-09-29,2021,"Fraud, other",Enforcement action,Indicted,99000.0,,"Bronx Woman Indicted in Rent Scam that Netted Nearly $100,000","Bronx District Attorney Darcel D. Clark today announced that a Bronx woman has been indicted for stealing approximately $99,000 from 16 people in a scheme promising rent-stabilized apartments to low-income individuals. District Attorney Clark said, “For",,https://www.nyc.gov/assets/doi/press-releases/2021/September/Estrella.BxDA.09.29.2021.pdf
2021-09-28,2021,Contracting and procurement fraud,Enforcement action,Indicted,,,Longtime City Contractor Indicted for $1 Million Insurance Fraud,,,https://www.nyc.gov/assets/doi/press-releases/2021/September/MDA_Contractor_09_28_2021.pdf
2021-09-20,2021,Contracting and procurement fraud,Enforcement action,Indicted,,,Nine Contractors Indicted for Allegedly Bribing Superintendents at New York City Housing Authority Developments for “Micro Purchase” Contracts,,,https://www.nyc.gov/assets/doi/press-releases/2021/September/pr_NYCHA_ind_9_20_2021.pdf
2021-09-20,2021,Contracting and procurement fraud,Commissioner remarks,,,,Remarks of DOI Commissioner Margaret Garnett on Announcement of Indictment of Contractors for Allegedly Bribing City Housing Authority Employees For Small Procurement Contracts,,,https://www.nyc.gov/assets/doi/press-releases/2021/September/14CommRemarksPresser_9202021.pdf
2021-09-14,2021,Theft,Enforcement action,,112176.0,112000.0,$112K in Stolen Wages Recovered for Electrical Workers at Midtown Construction Site of Virgin Hotel,"of Virgin Hotel Manhattan District Attorney Cyrus R. Vance, Jr., today announced that AMPAK ELECTRICAL SERVICES has returned $112,176 in stolen wages to 18 electrical workers who performed work on the construction of the Virgin Hotel in Midtown Manhattan",$112K in Stolen Wages Recovered for Electrical Workers at Midtown Construction Site of Virgin Hotel,https://www.nyc.gov/assets/doi/press-releases/2021/September/MDAWageTheftRelease.09.14.2021.pdf
2021-09-14,2021,Racketeering and violent crime,Enforcement action,Indicted,10000.0,,"14 Defendants Indicted, Including the Entire Administration of the Colombo Organized Crime Family","to select vendors for contracts who were associated with the Colombo crime family. The defendants sought to divert more than $10,000 per month from the Health Fund’s assets to the administration of the Colombo crime family. For example, on June 21, 2021, in a",,https://www.nyc.gov/assets/doi/press-releases/2021/September/EDNYrelease09.14.2021.pdf
2021-09-14,2021,Racketeering and violent crime,Enforcement action,Indicted,,,"14 Defendants Indicted, Including the Entire Administration of the Colombo Organized Crime Family",,,https://www.nyc.gov/assets/doi/press-releases/2021/September/13WageTheft09.14.2021.pdf
2021-09-02,2021,"Fraud, other",Enforcement action,Indicted,,,Attorney General James and DOI Commissioner Garnett Announce Indictment of Four Asbestos Investigators for Filing Fraudulent Inspection Reports,,,https://www.nyc.gov/assets/doi/press-releases/2021/September/OAG_CAIArrests_9022021.pdf
2021-09-01,2021,Contracting and procurement fraud,Enforcement action,Indicted,15000000.0,,Attorney General James and DOI Commissioner Garnett Announce Arrest and Indictment of Group for $15 Million Bid-Rigging Scheme That Defrauded Public Benefits Programs,Attorney General James and DOI Commissioner Garnett Announce Arrest and Indictment of Group for $15 Million Bid-Rigging Scheme That Defrauded Public Benefits Programs,,https://www.nyc.gov/assets/doi/press-releases/2021/September/OAGBidRigging_9012021.pdf
2021-08-11,2021,Benefits fraud,Enforcement action,Charged or arrested,,,HRA Supervisor and Brooklyn Resident Charged Today in Connection with Stealing Funds from the Supplemental Nutrition Assistance Program (“SNAP”),,,https://www.nyc.gov/assets/doi/press-releases/2021/August/12BenefitsFraud_8112021.pdf
2021-08-09,2021,Deaths and reckless endangerment,Enforcement action,Charged or arrested,,,HPD Construction Project Manager Charged with Reckless Endangerment and Unlawful Eviction,,,https://www.nyc.gov/assets/doi/press-releases/2021/August/11Liang08.09.2021.pdf
2021-07-29,2021,Tax offenses,DOI statement,,,5500.0,DOI Statement on Sentencing of Former New York City Councilmember on Tax Fraud Charge,,"ed the following statement on the sentencing of former New York City Councilmember CHAIM DEUTSCH to three months in prison and a $5,500 fine. DEUTSCH will also pay $107,007 in restitution, which is the amount he owes the IRS plus interest. The sentencing was meted",https://www.nyc.gov/assets/doi/press-releases/2021/July/10DeutschSent_7292021.pdf
2021-07-21,2021,Theft,Enforcement action,Charged or arrested,1500.0,,"Two Defendants, Including an HRA Employee, are Charged in Scam that Stole $1,500 from a New Yorker on the Verge of Homelessness","Two Defendants, Including an HRA Employee, are Charged in Scam that Stole $1,500 from a New Yorker on the Verge of Homelessness",,https://www.nyc.gov/assets/doi/press-releases/2021/July/09HRA07.21.2021.pdf
2021-07-13,2021,Forgery and fake credentials,Enforcement action,,,,Fraud Suit Settled Against Spectrum Painting for False Statements about Disadvantaged Business Participation on Federal Construction Projects,,,https://www.nyc.gov/assets/doi/press-releases/2021/July/pr_SpectrumPainting_DBE_settlement.pdf
2021-06-17,2021,Contracting and procurement fraud,Enforcement action,Indicted,,,Unlicensed Contractor and Grocery Store Owner Indicted in Connection to Vendor's Elevator Death,,,https://www.nyc.gov/assets/doi/press-releases/2021/June/pr_KCDA_LiftFatal_61721.pdf
2021-06-15,2021,"Fraud, other",Enforcement action,Indicted,20000.0,,"Bronx Woman Indicted in Rent Scam That Netted Her Nearly $20,000","for Housing Bronx District Attorney Darcel D. Clark today announced that a Bronx woman has been indicted for stealing almost $20,000 from eight people in a scheme promising affordable apartments in city-owned buildings. District Attorney Clark said, “ The",,https://www.nyc.gov/assets/doi/press-releases/2021/June/28_2021JENNIFERRICARDO_INDICTED_RENT_SCAM_6152021.pdf
2021-06-09,2021,Unlicensed operation,Enforcement action,Charged or arrested,,,DOI Investigation Leads to Arrest of City Buildings Inspector on Charges of Improperly Working in the Construction Industry While He Was on Approved Leave From His City Job,,,https://www.nyc.gov/assets/doi/press-releases/2021/June/08moroney_6092021.pdf
2021-05-26,2021,Contraband smuggling,Enforcement action,Charged or arrested,,,Nine Department of Correction Officers and Employees Charged with Taking Bribes to Smuggle Contraband to Inmates at New York City Jails,,,https://www.nyc.gov/assets/doi/press-releases/2021/May/pr_DOC_Employeeindictments_5262021.pdf
2021-05-13,2021,Deaths and reckless endangerment,Enforcement action,Indicted,,,Flatbush Landlord Indicted for Manslaughter in Connection with Fatal Fire That Left One Dead,,,https://www.nyc.gov/assets/doi/press-releases/2021/May/kcda_leon_evener_ind_5132021.pdf
2021-04-26,2021,Deaths and reckless endangerment,Enforcement action,Charged or arrested,,,D.A. Vance: Corrections Captain Charged with Criminally Negligent Homicide in Death of Ryan Wilson,,,https://www.nyc.gov/assets/doi/press-releases/2021/April/pr_Hillman_4262021.pdf
2021-04-22,2021,Tax offenses,Enforcement action,Pleaded guilty,,100000.0,New York City Council Member Pleads Guilty to Tax Fraud,,"DEUTSCH carries a maximum sentence of one year in prison, a maximum term of one year of supervised release, a maximum fine of $100,000, and an order of restitution. The maximum potential sentence is prescribed by Congress and is provided here for informational",https://www.nyc.gov/assets/doi/press-releases/2021/April/pr_ChaimDeutsch_plea_final_4222021.pdf
2021-04-20,2021,Contracting and procurement fraud,Enforcement action,Charged or arrested,8007.0,,DOI Investigation Leads to Arrest of Employee of Two NYCHA Contractors on Charges of Getting Paid for Work He Never Did,"York City Housing Authority ( “NYCHA”) on charges the employee defrauded one of those NYCHA-funded contractors of approximately $8,007 by s tating he was working for both contractors simultaneously at two NYCHA developments in Brooklyn. DOI investigated this",,https://www.nyc.gov/assets/doi/press-releases/2021/April/06Hayes_4202021.pdf
2021-04-06,2021,"Fraud, other",Enforcement action,Charged or arrested,1500000.0,,Queens Man Charged for Defrauding Government Rental Assistance Programs by Renting Out Dilapidated Apartments He Did Not Own to Families in Need,"families shortly after they were placed in the Properties. Through this scheme, the defendant fraudulently obtained more than $1.5 million from HRA, HPD, and NYCHA, including more than $270,000 in federal funds. The Medicaid Fraud The defendant also committed",,https://www.nyc.gov/assets/doi/press-releases/2021/April/Paul%20Fishbein%20Arrest%20PR%20final.pdf
2021-03-30,2021,Theft,Enforcement action,Charged or arrested,13500.0,,Two Former Mortuary Technicians of New York City Office of Chief Medical Examiner Charged With Stealing Decedents’ Property,"and after his employment at the OCME, he used debit and credit cards that he knew had been stolen. McFadgen made more than $13,500 in unauthorized purchases using debit and credit cards stolen from five decedents whose bodies were in the OCME’s custody. The",,https://www.nyc.gov/assets/doi/press-releases/2021/March/pr_OCME_3302021.pdf
2021-03-24,2021,Assault and cover-ups,Enforcement action,Charged or arrested,,,CEO of NYC Non-Profit Charged in Bribery and Kickbacks Scheme Involving Publicly Funded Housing and Social Services,,,https://www1.nyc.gov/assets/doi/press-releases/2021/March/VictorRiveraArrestPR.pdf
2021-02-25,2021,Racketeering and violent crime,Enforcement action,,,,"11 Members and Associates of The ""Bully Gang"" Chaged with Racketeering Offenses",,,https://www.nyc.gov/assets/doi/press-releases/2021/February/pr_BullyGangSupersedingIndictment_2252021.pdf
2021-02-25,2021,Uncategorised,Agency announcement,,1500000.0,666219.0,DOI Issues Calendar Yearend 2020 Statistics,"charges of grand larceny, failure to pay prevailing wages, and scheme to defraud for underpaying at least 11 employees more than $1.5 million in wages for work on public works projects in New York City public schools. The company and its owner pleaded guilty to","Authority (“SCA”) by failing to pay the prevailing wage to his workers. As part of a plea agreement, the owner agreed to pay $666,219 in restitution to six of his employees and their unions and agreed to forfeit $510,000 and pay an additional $48,330 to the SCA.",https://www.nyc.gov/assets/doi/press-releases/2021/February/02252021_CalendarYearEnd_Final_Updated.pdf
2021-02-09,2021,Tenant harassment and eviction,Enforcement action,Charged or arrested,,,Staten Island Landlord Charged with Submitting Falsified Lead Paint Abatement Certification to City Department of Housing Preservation and Development,,,https://www.nyc.gov/assets/doi/press-releases/2021/February/pr_01LeadCert_020921.pdf
2020-12-18,2020,Uncategorised,DOI report,,,,DOI Issues Report on the NYPD’s Response to the Protests in New York City After George Floyd’s Killing by a Minneapolis Police Officer,,,https://www.nyc.gov/assets/doi/press-releases/2020/December/16ProtestRptandRelease12.18.20FINAL.pdf
2020-12-18,2020,Uncategorised,Commissioner remarks,,,,Remarks of DOI Commissioner Margaret Garnett for the Press Conference on DOI’s Report on NYPD’s Response to the George Floyd Protests,,,https://www.nyc.gov/assets/doi/press-releases/2020/December/17DOICommishRemarks12.18.20202.pdf
2020-12-11,2020,Racketeering and violent crime,Enforcement action,Charged or arrested,,,Bronx Gang Member Charged with Racketeering and Firearms Offenses,,,https://www.nyc.gov/assets/doi/press-releases/2020/December/Nicholas Joseph indictment PR.pdf
2020-12-11,2020,"Fraud, other",Enforcement action,,,250000.0,Manager at Queens Not-for-Profit Please Guilty to Wire Fraud,,"Judge William F. Kuntz, II. When sentenced, Coronado faces up to 20 years in prison, as well as forfeiture and a fine of up to $250,000 for submitting false invoices and cashing checks issued in the names of other individua ls. Seth D. DuCharme, Acting United",https://www.nyc.gov/assets/doi/press-releases/2020/December/Coronado Guilty Plea Press Release.pdf
2020-12-08,2020,Forgery and fake credentials,Enforcement action,Indicted,,,"NYC DOC Officer Indicted for Selling Phony Disability Parking Placards, 3 Other Officers Charged With Possessing the Placards",,,https://www.nyc.gov/assets/doi/press-releases/2020/December/DOC_Officer_Gale_indicted_placardscam_12082020.pdf
2020-10-27,2020,Forgery and fake credentials,Enforcement action,Pleaded guilty,,15084.0,Former General Counsel of New York City Civil Service Commission Pleads Guilty to Falsifying Her Work Hours When She Was Employed by the Commission,,"to one count of Offering a False Instrument for Filing in the Second Degree, a class A misdemeanor and tendered payment of $15,084.41 in restitution to the City. Criminal Court Judge Jay L. Weiner accepted the guilty plea. The defendant is scheduled to be",https://www.nyc.gov/assets/doi/press-releases/2020/October/14Serber10.27.2020.pdf
2020-10-26,2020,Contracting and procurement fraud,Enforcement action,Pleaded guilty,,666219.0,Construction Company Executive Pleads Guilty to DeFrauding The New York City School Construction Authority,,"workers. When sentenced, Kumar faces up to 20 years’ imprisonment and, as part of the plea agreement, has agreed to pay $666,219 in restitution to six Orba employees and their unions. Kumar has already begun the process of making his victims whole.",https://www.nyc.gov/assets/doi/press-releases/2020/October/pr_Kumar_guiltyplea_10262020.pdf
2020-10-08,2020,Forgery and fake credentials,Enforcement action,Charged or arrested,,,DOI Arrests Former Day Care Director on Charges of Forging a Training Certificate,,,https://www.nyc.gov/assets/doi/press-releases/2020/October/13Rabich_10082020.pdf
2020-10-01,2020,Uncategorised,DOI report,,,,DOI Report Finds Serious Gaps in Enforcement and Collection of Environmental Control Board (ECB) Fines; Issues Recommendations for Reform,,,https://www.nyc.gov/assets/doi/press-releases/2020/October/12ECB_Release_Report100120.rev12.22.2020 w note.pdf
2020-09-30,2020,Forgery and fake credentials,Enforcement action,Charged or arrested,,,Assistant Commissioner at City Department of Housing Preservation and Development Charged with Possession of a Fake Parking Placard,,,https://www.nyc.gov/assets/doi/press-releases/2020/September/11HPDPlacard_09302020.pdf
2020-09-22,2020,Contracting and procurement fraud,Enforcement action,Pleaded guilty,1500000.0,160000.0,Queens Contractor and His Business Plead Guilty to Violating Prevailing Wage Labor Laws and Steaing More Than $1.5 Million From Workers,DISTRICT ATTORNEY QUEENS CONTRACTOR AND HIS BUSINESS PLEAD GUILTY TO VIOLATING PREVAILING WAGE LABOR LAWS AND STEALING MORE THAN $1.5 MILLION FROM WORKERS Glen Oaks Resident and Laser Electrical Cheated Employees Despite Securing City Contracts That Required Prevailing,"As part of the negotiated plea, Deol will be required to make full restitution and will also reimburse the City approximately $160,000 to cover the cost of the investigation. Moments after pleading guilty, Justice Paynter granted the defendant a conditional",https://www.nyc.gov/assets/doi/press-releases/2020/September/deol_jagdeep_of_laser_electric_09_22_2020_ple.pdf
2020-09-17,2020,Forgery and fake credentials,Enforcement action,Charged or arrested,,,DOI Arrests Expeditor on Charges of Submitting Forged Documents to The City Department of Environmental Protection (DEP),,,https://www.nyc.gov/assets/doi/press-releases/2020/September/10SKelly_9172020.pdf
2020-08-31,2020,"Fraud, other",Enforcement action,Pleaded guilty,,,Guilty Plea in Extensive Insurance Fraud Scheme That Led to the Underinsurance of More Than 100 Construction Workers,,,https://www.nyc.gov/assets/doi/press-releases/2020/August/09southside_83120.pdf
2020-07-15,2020,Contraband smuggling,Enforcement action,Pleaded guilty,,,Former Rikers Correctional Officer Pleads Guilty to Smuggling Contraband for Inmates,,,https://www.nyc.gov/assets/doi/press-releases/2020/July/pr_JoshuaAlba_Plea_7152020.pdf
2020-06-25,2020,Racketeering and violent crime,Enforcement action,Charged or arrested,,,"11 Members and Associates of the Bully Gang Charged with Narcotics Conspiracy, Illegal Weapons Possession and Money Laundering",,,https://www.nyc.gov/assets/doi/press-releases/2020/June/pr_BullyGang_Complaints_6252020.pdf
2020-06-25,2020,Racketeering and violent crime,Enforcement action,Indicted,,,"Operation Green Fury: 26 Trinitarios Indicted for Carrying Out Slashings, Stabbings on Rikers Island",,,https://www.nyc.gov/assets/doi/press-releases/2020/June/21_2020_OperationGreenFuryRikersIsland_Slashings_Trinitarios.pdf
2020-06-24,2020,Uncategorised,DOI report,,,,DOI Commissioner Statement Providing an Update on DOI's Investigation into the New York City Police Department's Response to the Protests in the Wake of George Floyd's Death,,,https://www.nyc.gov/assets/doi/press-releases/2020/June/08protestupdate_06242020finalwletter.pdf
2020-06-05,2020,Deaths and reckless endangerment,DOI report,,,,Bronx DA Darcel D. Clark Releases Results of Investigation into Death of Layleen Polanco in Rikers Island,,,https://www.nyc.gov/assets/doi/press-releases/2020/June/BxDARelease.Rpt.06.05.2020.pdf
2020-06-05,2020,Deaths and reckless endangerment,DOI report,,,,DOI Referral to the City Department Of Correction (DOC) on DOC Actions Surrounding the Death in Custody of Layleen Polanco,,,https://www.nyc.gov/assets/doi/press-releases/2020/June/07DOCRelease.Referral06052020.pdf
2020-06-02,2020,Uncategorised,Commissioner remarks,,,,Brief Remarks of DOI Commissioner Margaret Garnett at City Hall Press Conference Announcing Investigation of NYPD’s Interaction with New York City Protestors,,,https://www.nyc.gov/assets/doi/press-releases/2020/June/06MGstment_5312020.pdf
2020-06-01,2020,Uncategorised,Agency announcement,,,,DOI Letter to New York City Council Regarding Investigation into NYPD Response to Recent Protests,,,https://www.nyc.gov/assets/doi/press-releases/2020/June/DOIResponseLetter.pdf
2020-05-26,2020,"Fraud, other",Enforcement action,Charged or arrested,45000000.0,,New Jersey Man Arrested For $45 Million Scheme to Defraud and Price Gouge New York City During COVID-19 Pandemic,New Jersey Man Arrested For $45 Million Scheme to Defraud and Price Gouge New York City During COVID-19 Pandemic,,https://www.nyc.gov/assets/doi/press-releases/2020/May/RonaldRomano_arrest_PR_final.pdf
2020-05-20,2020,Racketeering and violent crime,Enforcement action,Charged or arrested,,,DOI Arrests HRA Police Lieutenant on Charge of Criminal Possession of a Firearm,,,https://www.nyc.gov/assets/doi/press-releases/2020/May/05Wright05.20.2020.arrest.pdf
2020-04-09,2020,Uncategorised,DOI report,,,,DOI’s Office of The Inspector General for The New York City Police Department Issues its Sixth Annual Report,,,https://www.nyc.gov/assets/doi/press-releases/2020/April/oignypdannualreportwrelease4.9.20.pdf
2020-03-13,2020,Assault and cover-ups,Enforcement action,Convicted,,,D.A. Vance Announces Trial Conviction of Five Corrections Officers For Illegal Strip Searches of Female Visitors at Manhattan Detention Complex,,,https://www.nyc.gov/assets/doi/press-releases/2020/March/Absalom_et_al_Conviction_3132020.pdf
2020-03-12,2020,Payroll and wage abuse,Enforcement action,Charged or arrested,1500000.0,,Queens Business Owner Charged With Bilking Employees Out of More Than $1.5 Million in wages,Queens Business Owner Charged With Bilking Employees Out of More Than $1.5 Million in wages,,https://www.nyc.gov/assets/doi/press-releases/2020/March/deol_jagdeep_Laser_Electronic_Wages_03_11_2020_ind.pdf
2020-03-11,2020,Uncategorised,Agency announcement,,,,DOI Launches Public Portal of DOI Policy and Procedure Recommendations,,,https://www.nyc.gov/assets/doi/press-releases/2020/March/PPRRelease.pdf
2020-02-28,2020,Assault and cover-ups,Enforcement action,Indicted,,,Three NYC DOC Officers Indicted for Covering Up Assault of Detainees at Horizon Juvenile Center,,,https://www.nyc.gov/assets/doi/press-releases/2020/February/11_2020correction_officers_indicted_juvenile_horizon_beating_022820.pdf
2020-02-25,2020,"Fraud, other",Enforcement action,Sentenced,92400.0,,"Attorney General James, Comptroller DiNapoli, and Department of Investigation Commissioner Garnett Announce Sentencing in Straw Donation Scheme","New York City Campaign Finance Board (the “CFB”) to steal at least $4,500 in public matching funds. In total, Alvarez received $92,400 in public matching funds. Alvarez plead guilty to one count of Offering a False Instrument for Filing in the Second Degree, a",,https://www.nyc.gov/assets/doi/press-releases/2020/February/Stment_with_AGO_02_25_2020.pdf
2020-02-24,2020,Uncategorised,Agency announcement,,631271.0,,DOI Announces 2019 Calendar Yearend Statistics,"Foundation”) and President and CEO of Addicts Rehabilitation Center Fund Inc. (“ARC Fund”), was indicted for stealing more than $631,271 from not -for-profit organ izations that contract with the City and State to provide social services to New Yorkers suffering",,https://www.nyc.gov/assets/doi/press-releases/2020/February/DOI_Calendar_Yearend_19.pdf
2020-01-30,2020,Racketeering and violent crime,Enforcement action,Charged or arrested,,,"11 Bronx Gang Members Charged in Manhattan Federal Court with Racketeering, Firearms, and Narcotics Offenses",,,https://www.nyc.gov/assets/doi/press-releases/2020/January/MonroeHousesCrew_indictment_01302020.pdf
2020-01-17,2020,Deaths and reckless endangerment,Enforcement action,Sentenced,,,DA Vance: East Village Explosion Defendants Sentenced to 4-To-12 Years in Prison,,,https://www.nyc.gov/assets/doi/press-releases/2020/January/MariaHrynenko_sentencing_01172020.pdf
2020-01-14,2020,Contraband smuggling,Enforcement action,Charged or arrested,,,Six New York City Correction Officers and 15 Others Charged with Conspiring to Accept Bribes and Smuggle Contraband into Rikers Island Facilities,,,https://www.nyc.gov/assets/doi/press-releases/2020/January/pr_RIkers Island Smuggling Arrests_01142020.pdf
2020-01-02,2020,Uncategorised,DOI statement,,,,"Statement from DOI Commissioner Margaret Garnett Issued on December 31, 2019, in Response to Reporters' Inquiries Regarding DOI's Background Backlog",,,https://www.nyc.gov/assets/doi/press-releases/2020/January/01MGStatement01.02.2020.pdf
2019-12-18,2019,Uncategorised,DOI report,,,,DOI and SCI release statement of findings on joint investigation into delays and political influence of the City Department of Education’s inquiry of education standards at Hasidic Yeshivas,,,https://www.nyc.gov/assets/doi/press-releases/2019/dec/DOISCIJointStatementRelease12_18_19.pdf
2019-12-12,2019,Forgery and fake credentials,Enforcement action,Charged or arrested,,,DOI Arrests Day Care Provider Applicant on Charges of Forging A Training Certificate,,,https://www.nyc.gov/assets/doi/press-releases/2019/dec/27Guzman_12122019.pdf
2019-12-11,2019,"Fraud, other",Enforcement action,Convicted,145000.0,,Social Worker Convicted of Defrauding Program for Developmentally Delayed Children,"billed Medicaid and EIP for more than 1,700 therapy sessions that never occurred, resulting in the theft of more than $145,000 in Medicaid funds and more than $29,000 in New York City Department of Health and Mental Hygiene funds. At trial, several parents",,https://www.nyc.gov/assets/doi/press-releases/2019/dec/Mensah_Verdict_121119.pdf
2019-12-05,2019,Uncategorised,DOI report,,,,DOI Report On HRA’s Special One-time Assistance Program Reveals Flaws That Led To Homeless Clients Being Placed In Unsafe Housing Outside Of New York City,,,https://www.nyc.gov/assets/doi/press-releases/2019/dec/26-SOTA_Release_and_Rpt_12.5.19.pdf
2019-11-21,2019,Deaths and reckless endangerment,Enforcement action,Indicted,47000.0,,"Construction Company Operator, Foreperson and Engineer Indicted for Manslaughter in Death of Laborer Buried in Debris Following Wall Collapse","continued at the site despite the order. Finally, it is alleged, that WSC defrauded the New York State Insurance Fund of nearly $47,000 by making false statements about their employees, and that it also committed tax fraud by failing to file taxes between 2015 and",,https://www.nyc.gov/assets/doi/press-releases/2019/nov/liu_jimmy_etal_112119.pdf
2019-11-21,2019,Deaths and reckless endangerment,Commissioner remarks,,,,Remarks of DOI Commissioner Margaret Garnett at Press Conference on Indictment in Connection with Death of Laborer in Brooklyn Wall Collapse,,,https://www.nyc.gov/assets/doi/press-releases/2019/nov/25KCDAConstructionFatality_112119.pdf
2019-11-15,2019,Deaths and reckless endangerment,Enforcement action,Convicted,,,All Defendants Convicted of Manslaughter for East Village Building Explosion,,,https://www.nyc.gov/assets/doi/press-releases/2019/nov/2019-11-15-2ndAvenueExplosion.pdf
2019-11-15,2019,Theft,Enforcement action,Charged or arrested,,,U.S. Attorney Announces The Arrest of Five Individuals in Scheme to Steal Thousands of Checks From New York City Human Resources Administration,,,https://www.nyc.gov/assets/doi/press-releases/2019/nov/HRACheckFraud_111519.pdf
2019-11-07,2019,Uncategorised,DOI statement,,,,DOI Commissioner Statement on Resignation of City Marshal,,,https://www.nyc.gov/assets/doi/press-releases/2019/nov/24CityMarshal11.07.2019pkg.pdf
2019-11-04,2019,Uncategorised,DOI statement,,,,Statement of DOI Commissioner Margaret Garnett on the Retirement of Police Commissioner James P. O’Neill and Appointment of Dermot Shea to the Position of Police Commissioner,,,https://www.nyc.gov/assets/doi/press-releases/2019/nov/23MGQuote_ONeill_11042019.pdf
2019-11-01,2019,Forgery and fake credentials,Enforcement action,,,,Manhattan U.S. Attorney Settles Fraud Suit Against Ahern Painting Contractors for False Statements About Disadvantaged Business Participation on Federal Construction Projects,,,https://www.nyc.gov/assets/doi/press-releases/2019/nov/Ahern_Settlement_11012019.pdf
2019-10-31,2019,Sexual misconduct,Enforcement action,Convicted,,,"Former Homeless Services Employee Convicted of Forcible Touching, Sexual Abuse for Inappropriately Touching Women in Homeless Shelter",,,https://www.nyc.gov/assets/doi/press-releases/2019/oct/johnson_clyde_cnv_10312019.pdf
2019-10-28,2019,"Fraud, other",Enforcement action,,92400.0,,"Attorney General James, Comptroller DiNapoli, and Department of Investigation Commissioner Garnett Announce Guilty Verdict of Non-Profit Executive in Corruption Scheme","New York City Campaign Finance Board (the “CFB”) to steal at least $4,500 in public matching funds. In total, Alvarez received $92,400 in public matching funds. Alvarez plead guilty to one count of Offering a False Instrument for Filing in the Second Degree, a",,https://www.nyc.gov/assets/doi/press-releases/2019/oct/Mendez_Verdict_10282019.pdf
2019-10-25,2019,Racketeering and violent crime,Enforcement action,Charged or arrested,,,Bronx Gang Member Charged With Murder,,,https://www.nyc.gov/assets/doi/press-releases/2019/oct/BronxGangCase_10252019.pdf
2019-10-25,2019,"Fraud, other",Enforcement action,Sentenced,,3200000.0,Former Executive Director of Central United Talmudic Academy Sentenced to 24 Months in Prison for School Meals Fraud Scheme,,"community service for his leadership role in a multi-million dollar fraud scheme. The Court also ordered Porges to pay more than $3.2 million in restitution to the United States Department of Agriculture and a $150,000 fine. Porges committed this fraud while serving as",https://www.nyc.gov/assets/doi/press-releases/2019/oct/Porges_Sentencing_102519.pdf
2019-10-17,2019,Theft,Enforcement action,Indicted,376660.0,,"Four Individuals Arraigned on Indictment Charging Them in Bogus Not-For-Profit Scheme Involving Approximately $376,660 in Stolen City Funds","Four Individuals Arraigned on Indictment Charging Them in Bogus Not-For-Profit Scheme Involving Approximately $376,660 in Stolen City Funds",,https://www.nyc.gov/assets/doi/press-releases/2019/oct/Not_For_Profit_Scheme_10172019.pdf
2019-10-17,2019,Forgery and fake credentials,Enforcement action,Charged or arrested,,,Three Luna Park Housing Corporation Tenants Arrested for Submitting Forged Documents for Illegal Purchase of Highly Desirable and Affordable Mitchell-Lama Apartments,,,https://www.nyc.gov/assets/doi/press-releases/2019/oct/luna_tenants_forgery_9172019.pdf
2019-10-07,2019,Bribery and kickbacks,Enforcement action,Charged or arrested,,,DOI Arrests Two Contractors on Charges of Offering a Bribe to a City Buildings Inspector,,,https://www.nyc.gov/assets/doi/press-releases/2019/oct/22ConstructionBribe_10012019.pdf
2019-10-07,2019,Sexual misconduct,Enforcement action,Indicted,,,Rikers Island Physical Therapist Indicted for Sexually Abusing Male Inmate,,,https://www.nyc.gov/assets/doi/press-releases/2019/oct/xx-2019-Carlos-Negron-indicted-sexual-abuse-on-Rikers-inmate.pdf
2019-09-24,2019,Uncategorised,Enforcement action,,,,"DOI's Office of the Inspector General for the NYPD and NYPD Jointly Announce Improvements to NYPD's Policies, Practices, and Training on Officer Wellness and Safety",,,https://www.nyc.gov/assets/doi/press-releases/2019/sep/JointRelease.Rpt.Response09-24-2019.pdf
2019-09-05,2019,Unlicensed operation,Enforcement action,Indicted,,,"D.A. Vance, NYC DOI Commissioner, NYS Inspector General Announce Indictment of Unlicensed Labor Broker for Million-Dollar Insurance Fraud",,,https://www.nyc.gov/assets/doi/press-releases/2019/sep/2019-09-05-SouthsideRelease.pdf
2019-09-04,2019,Racketeering and violent crime,Enforcement action,Charged or arrested,,,"Three Bronx Gang Members Arrested and Charged with Murder, Racketeering, and Firearms Offenses",,,https://www.nyc.gov/assets/doi/press-releases/2019/aug/SDNY-Gang-Release-09-04-2019.pdf
2019-08-27,2019,"Fraud, other",Enforcement action,Convicted,3000000.0,1500000.0,Operation Skyfall: AG James Announces Convictions In $3 Million Dollar Loan Fraud And Money Laundering Scheme,Operation Skyfall: AG James Announces Convictions In $3 Million Dollar Loan Fraud And Money Laundering Scheme,"for Stealing Over $455,000 in Taxes Three Defendants and Three Companies Plead Guilty to Felony Charges and Must Pay a Total of $1.5 Million in Restitution and Judgements Kenneth Martinez, Owner of Metropolitan Enterprises, Sentenced to Three to Nine Years in Prison",https://www.nyc.gov/assets/doi/press-releases/2019/aug/AGO.Martinez.08.27.2019.pdf
2019-08-14,2019,Conflict of interest,Enforcement action,Charged or arrested,,,DOI Arrests City Sanitation Worker on Charges of Ignoring Traffic Violations and Fines Incurred From Misusing New York State License Plates He Took From The Trash,,,https://www.nyc.gov/assets/doi/press-releases/2019/aug/21Rivera_81419.pdf
2019-08-09,2019,Contraband smuggling,Enforcement action,Pleaded guilty,,250000.0,Former New York City Correction Officer Pleads Guilty to Conspiring to Smuggle Contraband into Rikers Island Jail,,"United States District Judge Carol Bagley Amon. When sentenced, Gordon faces up to five years in prison and a fine of up to $250,000. Richard P. Donoghue, United States Attorney for the Eastern District of New York, and Margaret Garnett, Commissioner, New York",https://www.nyc.gov/assets/doi/press-releases/2019/aug/pr_GordonGuiltyPlea_80919.pdf
2019-07-31,2019,Theft,Enforcement action,Indicted,631000.0,233259.0,"D.A. Vance, NYS Inspector General, NYC DOI Commissioner, Announce Indictment of Non-Profit Head for Stealing $631K from Addicts Rehabilitation Center Foundation and Addicts Rehabilitation Center Fund","D.A. Vance, NYS Inspector General, NYC DOI Commissioner, Announce Indictment of Non-Profit Head for Stealing $631K from Addicts Rehabilitation Center Foundation and Addicts Rehabilitation Center Fund","three years of 2 supervised release (six months of which will be served under home confinement). P EREZ was also ordered to pay $233,259 in restitution and forfeit $233,259. GONZALES, 27, of the Bronx, N.Y., pleaded guilty to misdemeanor bank theft and was sentenced",https://www.nyc.gov/assets/doi/press-releases/2019/jul/20BautaSentence07.17.19.pdf
2019-07-31,2019,Theft,Enforcement action,Indicted,631000.0,,"D.A. Vance, NYS Inspector General, NYC DOI Commissioner, Announce Indictment of Non-Profit Head for Stealing $631K from Addicts Rehabilitation Center Foundation and Addicts Rehabilitation Center Fund","D.A. Vance, NYS Inspector General, NYC DOI Commissioner, Announce Indictment of Non-Profit Head for Stealing $631K from Addicts Rehabilitation Center Foundation and Addicts Rehabilitation Center Fund",,https://www.nyc.gov/assets/doi/press-releases/2019/jul/7.31.19 Williams Hadnott Barrera Release.pdf
2019-06-27,2019,Bribery and kickbacks,Enforcement action,Charged or arrested,,,Leaders of Brooklyn and Manhattan Chapters of The United Brotherhood of Carpenters Charged in Rampant Admissions-Bribery Scheme,,,https://www.nyc.gov/assets/doi/press-releases/2019/jun/pr_TagliaferroandDefalcoIndictment_62819.pdf
2019-06-26,2019,Uncategorised,Enforcement action,,,,Examination By DOI's Office of The Inspector General for The NYPD Identifies Deficiencies and Recommends Improvements in How NYPD Handles Complaints of Biased Policing,,,https://www.nyc.gov/assets/doi/press-releases/2019/jun/19BiasRpt_62619.pdf
2019-06-20,2019,Contracting and procurement fraud,Enforcement action,Charged or arrested,30000.0,,"DOI Investigation Leads to Arrest of City Department of Parks and Recreation Employee for Allegedly Stealing More Than $30,000 in Contract Payments","DOI Investigation Leads to Arrest of City Department of Parks and Recreation Employee for Allegedly Stealing More Than $30,000 in Contract Payments",,https://www.nyc.gov/assets/doi/press-releases/2019/jun/18Gamory06-20-2019.pdf
2019-06-04,2019,Forgery and fake credentials,Enforcement action,Charged or arrested,,,DOI Arrests Eight Individuals for Submitting Forged Parking Placards in Effort to Have Parking Tickets Dismissed,,,https://www.nyc.gov/assets/doi/press-releases/2019/jun/16ParkingPlacards_60419.pdf
2019-06-03,2019,"Fraud, other",Enforcement action,Pleaded guilty,4500.0,92400.0,Attorney General James and Comptroller DiNapoli Announce Guilty Plea of Former New York city Council Candidate Albert Alverez in Straw Donation Scheme,"contribution cards were false, Alvarez submitted them to the New York City Campaign Finance Board (the “CFB”) to steal at least $4,500 in public matching funds. In total, Alvarez received $92,400 in public matching funds. Alvarez agreed to pay back $10,450 in","New York City Campaign Finance Board (the “CFB”) to steal at least $4,500 in public matching funds. In total, Alvarez received $92,400 in public matching funds. Alvarez agreed to pay back $10,450 in restitution and fines as part of his plea deal. The charges filed",https://www.nyc.gov/assets/doi/press-releases/2019/jun/AGRelease_Alvarez_60319.pdf
2019-05-23,2019,Uncategorised,Commissioner remarks,,,,Keynote Remarks of DOI Commissioner Margaret Garnett Citywide Seminar on Ethics in Government New York Law School,,,https://www.nyc.gov/assets/doi/press-releases/2019/may/15 MG Remarks COIB Ethics Seminar 05.23.2019.pdf
2019-05-21,2019,Benefits fraud,Commissioner remarks,,,,Remarks of City Department of Investigation Commissioner Margaret Garnett Regarding Announcement of Charges Involving Affordable Housing Fraud in Brooklyn,,,https://www.nyc.gov/assets/doi/press-releases/2019/may/14MGRemarksLunaPk05.21.2019.pdf
2019-05-21,2019,Bribery and kickbacks,Enforcement action,Indicted,874000.0,,"Three Luna Park Housing Corp. Officials Indicted for Conspiring to Receive Bribes, Forge Documents to Corrupt the Process by Which Mitchell-Lama Apartments are Acquired","in which they are charged with conspiracy, grand larceny, forgery and other charges, including accepting approximately $874,000 in bribes to get apartments for ineligible applicants. District Attorney Gonzalez said, “These defendants allegedly conspired to",,https://www.nyc.gov/assets/doi/press-releases/2019/may/luna_park_ind_5_21_2019.pdf
2019-05-10,2019,Embezzlement,Enforcement action,Indicted,,,Former Executive Director Indicted for Embezzling Hundreds of Thousands of Dollars From Queens-Based Non-Profit,,,https://www.nyc.gov/assets/doi/press-releases/2019/may/pr_SemeoDoe_Indictment_ 5102019.pdf
2019-05-06,2019,Assault and cover-ups,Enforcement action,Charged or arrested,,,"D.A. Vance, DOI Announce Charges Against DOC Officers Who Illegally Strip Searched Women Visiting manhattan Detention Complex",,,https://www.nyc.gov/assets/doi/press-releases/2019/may/DOC_VisitorSearch_Arrests_ManDA_50619.pdf
2019-04-29,2019,Contraband smuggling,Enforcement action,Indicted,,,"Department of Correction Officer, Inmate and Three Civilians Indicted for Smuggling Contraband into Rikers Island",,,https://www.nyc.gov/assets/doi/press-releases/2019/April/TorrayRiles_Indicted_RikersCO_42919.pdf
2019-04-23,2019,Theft,DOI statement,,,124098.0,DOI Statement on Sentencing of Former New York City Department of Youth and Community Development Employee in Theft of More Than One Hundred City Mobile Phones,,"one hun dred City-purchased mobile phones , which LUNA then diverted and sold online and through other methods for a total of $124,098 in profit. As part of his sentencing, LUNA will forfeit $124,098, and pay an additional $124,098 in restitution to the City .",https://www.nyc.gov/assets/doi/press-releases/2019/April/12LunaSentencing_42319.pdf
2019-04-15,2019,Contraband smuggling,Enforcement action,Sentenced,,,New York City Prison Bribery and Narcotics Smuggling Prosecution Completed with Sentencing of Last Defendant,,,https://www.nyc.gov/assets/doi/press-releases/2019/April/NOELetalSentencing04-15-2019.pdf
2019-04-11,2019,Benefits fraud,Enforcement action,Charged or arrested,28000.0,,"DOI Arrests City Correction Officer for Allegedly Stealing More Than $28,000 in Public Housing Rental Subsidies","DOI Arrests City Correction Officer for Allegedly Stealing More Than $28,000 in Public Housing Rental Subsidies",,https://www.nyc.gov/assets/doi/press-releases/2019/April/10DOCTenantFraud04-11-19.pdf
2019-04-11,2019,Theft,DOI statement,,300000.0,312409.0,"DOI Statement on Guilty Plea of Former Human Resources Administration Employee in Theft of More Than $300,000 in Public Funds","DOI Statement on Guilty Plea of Former Human Resources Administration Employee in Theft of More Than $300,000 in Public Funds","from HRA. She is scheduled to be sentenced on July 17, 2019 . Bauta has agreed to forfeit $256,348.46, and pay an additional $312,408.60 in restitution. DOI investigated this matter in partnership with the office of Geoffrey S. Berman, United States Attorney for the",https://www.nyc.gov/assets/doi/press-releases/2019/April/11BautaPlea _41119.pdf
2019-04-04,2019,Forgery and fake credentials,Enforcement action,Charged or arrested,,,DOI Arrests Licensed Filing Representative on Charges of Submitting Forged Documents to The City Buildings Department in Connection With Dozens of Construction Projects,,,https://www.nyc.gov/assets/doi/press-releases/2019/April/09Stamp_4042019.pdf
2019-04-01,2019,Uncategorised,DOI report,,,,Fifth Annual Report: Office of the Inspector General for the NYPD,,,https://www.nyc.gov/assets/doi/press-releases/2019/April/08OIGNYPDAnnualReport04-01-19.Release.pdf
2019-03-15,2019,Theft,Enforcement action,Sentenced,78000.0,78000.0,"Former Public Administrator Employee to be Sentenced for Stealing Over $78,000 From Estates of Eight Decedents","Former Public Administrator Employee to be Sentenced for Stealing Over $78,000 From Estates of Eight Decedents","restitution and serve five years’ probation following a 60-day jail term that he began today. He admitted stealing more than $78,000 from the eight deceased individuals whose estates his agency was administering. District Attorney Gonzalez said, “I am committed",https://www.nyc.gov/assets/doi/press-releases/2019/Mar/pr_thompson_fitzroy_sen_3152019.pdf
2019-03-14,2019,Contracting and procurement fraud,Enforcement action,Indicted,,,Construction Company Executive Indicted for Defrauding New York City School Construction Authority,,,https://www.nyc.gov/assets/doi/press-releases/2019/Mar/pr_Kumar_Arrest_31419.pdf
2019-03-07,2019,Uncategorised,Enforcement action,Charged or arrested,,,Manhattan U.S. Attorney Announces Charges Against Former NYC Department of Homeless Services Police Sergeant for Violating the Constitutional Rights of NYC Resident,,,https://www.nyc.gov/assets/doi/press-releases/2019/Mar/Cordell-Fitts-Arrest-PR.pdf
2019-03-07,2019,Forgery and fake credentials,Enforcement action,,10000.0,,Manhattan U.S. Attorney Files Fraud Suit Against Three Painting Contractors for Lying About Disadvantaged Business Participation on Federal Projects,"and that TOWER did not hire a subcontractor to perform any of that work. SPECTRUM also paid kickbacks to AHERN in the form of a $10,000 “commission payment” and a free trip to Atlantic City. As a result of the false statements and records, the defendants obtained",,https://www.nyc.gov/assets/doi/press-releases/2019/Mar/Ahern-Tower-Spectrum-DBE-Fraud-PR.pdf
2019-03-06,2019,Theft,Enforcement action,Charged or arrested,220000.0,,"DOI Investigation Leads to Arrest of Two Individuals in Bogus Not-For-Profit Scheme Involving More Than $220,000 Theft","DOI Investigation Leads to Arrest of Two Individuals in Bogus Not-For-Profit Scheme Involving More Than $220,000 Theft",,https://www.nyc.gov/assets/doi/press-releases/2019/Mar/07RAGregg03.06.19.pdf
2019-03-05,2019,Forgery and fake credentials,Enforcement action,Charged or arrested,,,DOI Investigation Leads to Arrest of Former FDNY Fire Protection Inspector on Charges of Falsifying Inspections,,,https://www.nyc.gov/assets/doi/press-releases/2019/Mar/06FDNY03-05-2019.pdf
2019-02-28,2019,Uncategorised,Agency announcement,,,,DOI Issues Calendar Yearend 2018 Statistics,,,https://www.nyc.gov/assets/doi/press-releases/2019/Feb/05CY2018Yearend_22819.pdf
2019-02-26,2019,Theft,Enforcement action,Pleaded guilty,50000.0,,"Former Department of Buildings Cashier Pleads Guilty to Theft of More Than $50,000 From Customers at DOB's Brooklyn Borough Office","Former Department of Buildings Cashier Pleads Guilty to Theft of More Than $50,000 From Customers at DOB's Brooklyn Borough Office",,https://www.nyc.gov/assets/doi/press-releases/2019/Feb/04Morris_022619.pdf
2019-02-22,2019,Theft,Enforcement action,Indicted,14000.0,,"Chef Turned Restaurant Consultant Indicted for Allegedly Stealing More Than $14,000 From Owners of Bay Ridge Eatery","Chef Turned Restaurant Consultant Indicted for Allegedly Stealing More Than $14,000 From Owners of Bay Ridge Eatery",,https://www.nyc.gov/assets/doi/press-releases/2019/Feb/pr_tropepe_vincent_ind_22219.pdf
2019-02-22,2019,"Fraud, other",DOI statement,,,,DOI Statement on Federal Jury Conviction of Doctor in Opioid Diversion Scheme,,,https://www.nyc.gov/assets/doi/press-releases/2019/Feb/03lopez_022219.pdf
2019-02-20,2019,"Fraud, other",Enforcement action,,,5300000.0,Manhattan U.S. Attorney Announces $5.3 Million Proposed Settlement of Lawsuit Against New York City for Fraudulently Obtaining FEMA Funds Following Superstorm Sandy,,Manhattan U.S. Attorney Announces $5.3 Million Proposed Settlement of Lawsuit Against New York City for Fraudulently Obtaining FEMA Funds Following Superstorm Sandy,https://www.nyc.gov/assets/doi/press-releases/2019/Feb/pr_NYCDOT_settlement_22019.pdf
2019-01-24,2019,Theft,Enforcement action,Charged or arrested,,,City Housing Authority Supervisor Charged With Stealing a Kitchen Appliance and Other Equipment From NYCHA's Wagner Houses,,,https://www.nyc.gov/assets/doi/press-releases/2019/jan/01Torres_01242019.pdf
2019-01-18,2019,Contracting and procurement fraud,DOI statement,,440000.0,440000.0,"DOI Statement on Sentencing of Former Procurement Director of Staten Island District Attorney’s Office For Embezzling More Than $440,000 in Government Funds","DOI Statement on Sentencing of Former Procurement Director of Staten Island District Attorney’s Office For Embezzling More Than $440,000 in Government Funds","Director of Procurement at the Richmond County District Attorney’s Office (RCDA) , to 24 months in prison for embezzling over $440,000 from the RCDA. NELSON was ordered to pay full restitution for the amount of the theft. U.S. District Judge Raymond J. Dearie",https://www.nyc.gov/assets/doi/press-releases/2019/jan/01WilliamNelsonSentencing_011819.pdf
2018-12-18,2018,Uncategorised,Enforcement action,Indicted,50000.0,,"A.G. Underwood, Comptroller DiNapoli, And DOI Commissioner Garnett Announce Indictment of Former Non-Profit Director Anna Mendez","DiNapoli, And DOI Commissioner Garnett Announce Indictment Of Former Non-Profit Director Anna Mendez Mendez Allegedly Stole Over $50,000 from Bronx Non-Profit and Falsified Business Records to Conceal the Theft BRONX - Attorney General Barbara D. Underwood,",,https://www.nyc.gov/assets/doi/press-releases/2018/dec/pr_AGO_AnnaMendez_121818.pdf
2018-12-17,2018,Bribery and kickbacks,Enforcement action,Charged or arrested,,,A.G. Underwood and DOI Commissioner Garnett Announce Arrest of DEP Inspector Who Accepted Bribes From Asbestos Abatement Contractor,,,https://www.nyc.gov/assets/doi/press-releases/2018/dec/pr_AGO_DEP_121718.pdf
2018-12-13,2018,Uncategorised,Enforcement action,,,,Keynote Remarks for DOI Commissioner Margaret Garnett City & State Ethics and Accountability Summit,,,https://www.nyc.gov/assets/doi/press-releases/2018/dec/39CityState_Remarks_121318.pdf
2018-12-12,2018,Contraband smuggling,Enforcement action,Indicted,,,"29 Alleged 'Mac Balla' Gang Members and Associates Indicted for Crimes Including Attempted Murder, Assault, Smuggling Scalpels into Jails",,,https://www.nyc.gov/assets/doi/press-releases/2018/dec/Bxda_release_macballa_121218.pdf
2018-12-12,2018,Racketeering and violent crime,Commissioner remarks,,,,Remarks of DOI Commissioner Margaret Garnett at Press Conference on Indictment of Alleged Gang Members and Associates on an Array of Charges,,,https://www.nyc.gov/assets/doi/press-releases/2018/dec/38BxPresser_121218.pdf
2018-12-10,2018,Uncategorised,Enforcement action,,,,DOI Commissioner Margaret Garnett Takes Office Today and Announces Executive Team Members,,,https://www.nyc.gov/assets/doi/press-releases/2018/dec/37MGFirstDayStmt_121018.pdf
2018-11-19,2018,Uncategorised,DOI statement,,,,Statement From DOI Commissioner Mark G. Peters,,,https://www.nyc.gov/assets/doi/press-releases/2018/nov/36MGPstmet_11192018.pdf
2018-11-16,2018,Uncategorised,DOI statement,,,,Statement From DOI Commissioner Mark G. Peters,,,https://www.nyc.gov/assets/doi/press-releases/2018/nov/35MGPstmt_11162018.pdf
2018-11-08,2018,Assault and cover-ups,Enforcement action,Charged or arrested,1400000.0,,DA Vance Partners Announce Assault Charges in Harlem Construction Site Incident; Warn Industry About Increasingly Popular “Mini Cranes”,"the Construction Fraud Task Force, which has secured a number of notable convictions and has previously returned approximately $1.4 million in stolen wages to workers. WhatsApp Manhattan DA: (646) 712-0298 NYS Department of Labor: 1 (888) 4-NYSDOL Assistant D.A.",,https://www.nyc.gov/assets/doi/press-releases/2018/nov/DANY.Mini-Crane.11.08.2018.pdf
2018-11-08,2018,Uncategorised,Enforcement action,Charged or arrested,,,DOI Commissioner’s Remarks for Manhattan District Attorney’s Press Conference Announcing Arrests in Serious Mini Crane Incident in Harlem,,,https://www.nyc.gov/assets/doi/press-releases/2018/nov/34MGPremarksMiniCrane_11_08_18.pdf
2018-10-24,2018,Obstruction and tampering,Enforcement action,Sentenced,45600.0,70400.0,Former Brooklyn Assemblywoman Sentenced to Prison for Multiple Fraud Schemes and Witness Tampering,"January 2017—both before and while she served as a New York State Assemblywoman— Harris defrauded the New York City Council of $45,600 in discretionary funding allocated to Coney Island Generation Gap (CIGG), a not-for-profit organization that she controlled.","one count of disaster relief fraud and one count of witness tampering. As part of the sentence, the Court imposed restitution of $70,400 and forfeiture of $10,000. Harris was arrested on January 9, 2018, resigned from the New York State Assembly on April 2, 2018 and",https://www.nyc.gov/assets/doi/press-releases/2018/oct/pr_PamelaHarris_Sentencing _10242018.pdf
2018-10-17,2018,Uncategorised,DOI statement,,,,Statement From DOI Commissioner Mark G. Peters,,,https://www.nyc.gov/assets/doi/press-releases/2018/oct/33MGPStmt_10172018.pdf
2018-10-12,2018,Contraband smuggling,Enforcement action,Charged or arrested,,140.0,DOI Investigation Leads to Arrest of New York City Correction Officer on Charges of Smuggling Contraband Into the Manhattan Detention Complex,,"ounces, and contained multiple rubber balloons filled with a green leafy substance believed to be marijuana. DOI later recovered $140 in cash from the defendant who indicated he had been paid that sum to bring in the contraband to give to a prisoner. The",https://www.nyc.gov/assets/doi/press-releases/2018/oct/32Stewart10-12-2018.pdf
2018-10-11,2018,Contraband smuggling,Enforcement action,Charged or arrested,,,DOI Investigation Leads to Arrest of City Correction Officer on Charge of Contraband Smuggling,,,https://www.nyc.gov/assets/doi/press-releases/2018/oct/29bertrand_10112018.pdf
2018-10-11,2018,Drug offenses,Enforcement action,Charged or arrested,,,Manhattan U.S. Attorney Announces Charges Against 5 Doctors and 2 Other Medical Professionals for Illegally Distributing Oxycodone,,,https://www.nyc.gov/assets/doi/press-releases/2018/oct/pr_cubangbang_arrest_10112018.pdf
2018-10-11,2018,Uncategorised,Enforcement action,,,,Statement By DOI Commissioner Mark G. Peters,,,https://www.nyc.gov/assets/doi/press-releases/2018/oct/30MGP_WB_10112018.pdf
2018-10-05,2018,Contraband smuggling,Enforcement action,Pleaded guilty,,,Former New York City Correction Officer Pleads Guilty to Conspiring to Smuggle Contraband into Jail,,,https://www.nyc.gov/assets/doi/press-releases/2018/oct/pr_Noel_guilty_plea_100518.pdf
2018-10-04,2018,"Fraud, other",Enforcement action,Charged or arrested,600000.0,,Eight Therapists Arrested in Scheme to Defraud Program for Developmentally Disabled Children,"DEVELOPMENTALLY DISABLED CHILDREN Defendants Allegedly Defrauded the New York State Early Intervention Program Out of More Than $600,000 Through Fraudulent Billing for Therapy Sessions that Never Occurred A criminal complaint was unsealed today in federal court in",,https://www.nyc.gov/assets/doi/press-releases/2018/oct/pr_EarlyInterventionProgram_Arrests_100418.pdf
2018-10-03,2018,"Fraud, other",Enforcement action,Indicted,,,Multiple Defendants Indicted for Allegedly Concealing Asbestos and Filing False Documents in Connection with Renovation of Four Properties in Greenwood Section of Brooklyn,,,https://www.nyc.gov/assets/doi/press-releases/2018/oct/KCDA_DOI_Asbestos_100318.pdf
2018-09-27,2018,Contracting and procurement fraud,Enforcement action,Charged or arrested,,,"DOI Investigation Leads to Arrest of Owner of Security Services Company for More Than $100,000 in Overbilling of The School Construction Authority",,,https://www.nyc.gov/assets/doi/press-releases/2018/sep/28AbdullateefSanni_SCA_92418.pdf
2018-08-31,2018,Tenant harassment and eviction,Enforcement action,Charged or arrested,8000.0,,"Landlord Who Allegedly Stole Over $8,000 from Brooklyn Tenant After Illegal Eviction Charged with Grand Larceny","Landlord Who Allegedly Stole Over $8,000 from Brooklyn Tenant After Illegal Eviction Charged with Grand Larceny",,https://www.nyc.gov/assets/doi/press-releases/2018/aug/pr_Erez_Yaniv_ind_83018.pdf
2018-08-30,2018,Uncategorised,Enforcement action,,,,DOI Commissioner Mark G. Peters Issued the Following Statement Today on a Matter at the New York City Housing Authority's Throggs Neck Houses,,,https://www.nyc.gov/assets/doi/press-releases/2018/aug/27MGPstment_83018.pdf
2018-08-15,2018,Contraband smuggling,Enforcement action,Indicted,,,"NYC DOC Officer, 3 Inmates and Two Others Indicted for Smuggling Marijuana into Rikers Island",,,https://www.nyc.gov/assets/doi/press-releases/2018/aug/DOC_officer_inmates_indicted_81518.pdf
2018-08-08,2018,Uncategorised,Enforcement action,Sentenced,,,Former National Grid Employee Who Helped Facilitate Operation of Shadow Utility Company that Illegally Installed Gas Meters Sentenced to Up to Three Years in State Prison,,,https://www.nyc.gov/assets/doi/press-releases/2018/aug/bogan_phoebe_sen_80818.pdf
2018-07-25,2018,Theft,Enforcement action,Indicted,1400000.0,,"Another Construction Company Indicted for Wage Theft, Insurance Fraud","the Construction Fraud Task Force, which has secured a number of notable convictions and has previously returned approximately $1.4 million in stolen wages to workers. WhatsApp Manhattan DA: (646) 712-0298 NYS Department of Labor: 1 (888) 4-NYSDOL Assistant D.A. Leah",,https://www.nyc.gov/assets/doi/press-releases/2018/jul/pr_crv_precast_construction_72518.pdf
2018-07-25,2018,"Fraud, other",Enforcement action,Pleaded guilty,750000.0,1500000.0,Staten Island Resident Pleads Guilty to Disaster Relief Fraud,"254-6323 PRESS RELEASE STATEN ISLAND RESIDENT PLEADS GUILTY TO DISASTER RELIEF FRAUD Defendant Fraudulently Obtained More Than $750,000 from Relief Programs Intended for New York City Residents Displaced by Hurricane Sandy Earlier today, Nagwa Elsilimy pleaded","and city aid totaling more than $750,000. When sentenced, Elsilimy faces up to 30 years in prison, as well as a fine of up to $1,500,000. 2 The government’s case is being handled by the Office’s General Crimes Section. Assistant United States Attorney Elizabeth",https://www.nyc.gov/assets/doi/press-releases/2018/jul/pr_Elsilimy_Plea_72518.pdf
2018-07-19,2018,Assault and cover-ups,Enforcement action,Sentenced,,,"DA Vance, Commissioner Peters: HRA Peace Officer Sentenced to Prison for Sexually Assaulting Woman in Custody",,,https://www.nyc.gov/assets/doi/press-releases/2018/jul/JohnLugo_Sentencing_71918.pdf
2018-07-13,2018,Deaths and reckless endangerment,Enforcement action,Pleaded guilty,2000000.0,10000.0,"Construction Company Pleads Guilty to Manslaughter, Pays Full Restitution to Workers","to causing the death of Chonillo, stealing more than $500,000 in wages from more than 50 employees, and underreporting nearly $2 million in payroll. “SSC High Rise stole half a million dollars from vulnerable workers, and then robbed Juan Chonillo of his life,”","for causing the death of construction worker Juan Chonillo, paid approximately $842,000 in restitution, and was assessed a $10,000 corporate fine, the maximum permitted under New York Law. In a Superior Court Information previously filed in New York State",https://www.nyc.gov/assets/doi/press-releases/2018/jul/pr_SSCHighrise_7132018.pdf
2018-06-26,2018,Uncategorised,Enforcement action,,,,Statement on The NYPD's Response to DOI's Investigation of NYPD's Special victims Division-Adult Sex Crimes,,,https://www.nyc.gov/assets/doi/press-releases/2018/jun/26DOIstmt_62618.pdf
2018-06-18,2018,Uncategorised,Enforcement action,Pleaded guilty,,303411.0,"Brooklyn Construction Company Pleads Guilty to Failing to Pay Employees More Than $303,000 in Owed Wages",,"Brooklyn Supreme Court Justice Danny Chun, to one count of second-degree grand larceny. The corporation made full restitution of $303,410.97 and was sentenced to a conditional discharge. The company will be debarred from city contracts for five years. The District",https://www.nyc.gov/assets/doi/press-releases/2018/jun/urban_group_plea_6_18_2018.pdf
2018-06-12,2018,Obstruction and tampering,Enforcement action,Pleaded guilty,22800.0,,Former Brooklyn Assemblywoman Pleads Guilty to Multiple Fraud Schemes and Witness Tampering,"at the time the Executive Director of a not-for-profit organization located in Brooklyn, defrauded the New York City Council of $22,800 in discretionary funding by falsely claiming that the not-for-profit would use the funds to rent a studio space. As part of her",,https://www.nyc.gov/assets/doi/press-releases/2018/jun/HARRIS_guiltyplea_61218.pdf
2018-06-06,2018,Contraband smuggling,Enforcement action,Indicted,,,"Former Correction Officer, Inmate and Inmate's Girlfriend Indicted in Connection with Alleged Attempt to Smuggle Marijuana into Brooklyn Jail",,,https://www.nyc.gov/assets/doi/press-releases/2018/jun/gaillard_et_ al_ind_6062018.pdf
2018-06-06,2018,Bribery and kickbacks,Enforcement action,Pleaded guilty,,250000.0,New York City Correction Officer Pleads Guilty to Bribery Conspiracy,,"to Mizell and other correction officers. When sentenced, Mizell faces up to five years in prison, as well as a fine of up to $250,000. The government’s case is being handled by Assistant United States Attorney Erik Paulsen of the Office’s Public Integrity",https://www.nyc.gov/assets/doi/press-releases/2018/jun/Mizell_GuiltyPlea_60618.pdf
2018-05-30,2018,"Fraud, other",Enforcement action,,,,DOI Announces Initiative to Strengthen Anti-Fraud Training at NYC's Social Services Agencies,,,https://www.nyc.gov/assets/doi/press-releases/2018/may/25Training_53018.pdf
2018-05-30,2018,Theft,Enforcement action,Charged or arrested,,,"Doctor Employed By FDNY at World Trade Center Monitoring Clinics Charged with Stealing $156,757 in UnEarned Salary",,,https://www.nyc.gov/assets/doi/press-releases/2018/may/ChangArrest_pr_53018.pdf
2018-05-17,2018,Uncategorised,Agency announcement,,,,DOI Launches 2018 'Shine A Light On Shady Behavior' Campaign in the City Subways,,,https://www.nyc.gov/assets/doi/press-releases/2018/may/24Campaign_51718.pdf
2018-05-16,2018,Theft,Enforcement action,Charged or arrested,1700000.0,,"DA Vance, Partners Announce Criminal Charges in Multimillion Dollar Wage Theft and Insurance Fraud Case","included PARKSIDE CONSTRUCTION BUILDERS CORP., PARKSIDE CONSTRUCTION CONTRACTORS INC., and GS&F ENTERPRISES LLC, stole more than $1.7 million from employees through a wage theft scheme with the assistance of AFFINITY HUMAN RESOURCES, LLC (“AFFINITY”), a professional",,https://www.nyc.gov/assets/doi/press-releases/2018/may/ParksideandAffinity_ManDARelease_51618.pdf
2018-05-16,2018,Theft,Enforcement action,Charged or arrested,1750000.0,,DOI Commissioner Remarks for Press Conference on Wage Theft Arrests,"impact that construction fraud has in New York City. In t his case, it stole the hard -earned wages from construction workers, $1.75 million in wages, according to the charges. Parkside Construction and its co -defendants manipulated these workers by teasing them with",,https://www.nyc.gov/assets/doi/press-releases/2018/may/23MGPRemarks_Parkside_5162018.pdf
2018-04-23,2018,Contracting and procurement fraud,Enforcement action,Pleaded guilty,440000.0,441262.0,Former Procurement Director of Staten Island District Attorney's Office Pleads Guilty to Embezzling Government Funds,"GOVERNMENT FUNDS Defendant Fraudulently Purchased Personal Items in Scheme to Defraud the District Attorney’s Office of Over $440,000 Earlier today, at the federal courthouse in Brooklyn, William Nelson, former Director of Procurement at the Richmond County","of his fraudulent personal expenditures. 2 As part of his plea agreement, Nelson is required to pay forfeiture in the amount of $441,262.30, as well as restitution in the same amount to the RCDA. When sentenced, the defendant faces up to 10 years’ imprisonment. The",https://www.nyc.gov/assets/doi/press-releases/2018/apr/NelsonGuiltyPlea_42318.pdf
2018-04-18,2018,Contracting and procurement fraud,Enforcement action,,,,Procurement Fraud at the Department of Environmental Protection and other Corruption Schemes,,,https://www.nyc.gov/assets/doi/press-releases/2018/apr/41818ContractingFraudwReport.pdf
2018-04-17,2018,Contraband smuggling,Enforcement action,Charged or arrested,,,DOI Arrests a City Correction Officer on Drug and Contraband Charges,,,https://www.nyc.gov/assets/doi/press-releases/2018/apr/19prieto04-17-2018.pdf
2018-04-10,2018,Benefits fraud,Enforcement action,Charged or arrested,35500.0,,DOI Investigation Leads to Arrest of Former Human Resources Administration Employee and Metropolitan Transit Authority Train Operator on Charges of Public Assistance Fraud,"of the New York City Department of Investigation (“DOI”), announced today the arrest of five individuals for the theft of over $35,500 in public assistance funds, including a former New York City Human Resources Administration (“HRA”) Job Opportunity Specialist",,https://www.nyc.gov/assets/doi/press-releases/2018/apr/18Batson_41018.pdf
2018-04-05,2018,Theft,Enforcement action,Pleaded guilty,950000.0,95000.0,"DA Vance: Construction Company, Principals Plead Guilty to Stealing Workers' Wages","protect workers’ rights and livelihoods.” As admitted in the defendants’ guilty pleas, NIKOLIS and CAGGIANO stole approximately $95,0000 from well over two dozen CITY METRO CORP. workers who were hired to perform a concrete installation project at a hotel being","2018 leongr@dany.nyc.gov DA VANCE: CONSTRUCTION COMPANY, PRINCIPALS PLEAD GUILTY TO STEALING WORKERS’ WAGES Workers to be Repaid $95,000 in Full Restitution Manhattan District Attorney Cyrus R. Vance, Jr. today announced the guilty plea of CITY METRO CORP., and the",https://www.nyc.gov/assets/doi/press-releases/2018/apr/CityMetroCorpPlea_40518.pdf
2018-04-04,2018,Uncategorised,Enforcement action,,,,Statement From New York City Department of Investigation,,,https://www.nyc.gov/assets/doi/press-releases/2018/apr/17DOIstment_40418.pdf
2018-03-30,2018,"Fraud, other",Enforcement action,Pleaded guilty,3000000.0,3256339.0,Former Officials of Central United Talmudic Academy in Brooklyn Plead Guilty to $3 Million Fraud Scheme,Former Officials of Central United Talmudic Academy in Brooklyn Plead Guilty to $3 Million Fraud Scheme,"the inflated meal counts on behalf of Central UTA. As part of their plea agreements, Porges and Lowy are required to reimburse $3,256,338.68 to the USDA in restitution. Lowy is also required to pay restitution in the amount of $98,407.21 for food stamp and child care",https://www.nyc.gov/assets/doi/press-releases/2018/mar/LowyandPorgesGuiltyPleas_33018_.pdf
2018-03-29,2018,Contracting and procurement fraud,Enforcement action,Indicted,,,"A.G. Schneiderman Announces Indictment in Bid-Rigging Scheme, Charging Two Defendants with Colluding to Fix Construction Prices for Luxury Brooklyn Building",,,https://www.nyc.gov/assets/doi/press-releases/2018/mar/AGOBidRigging_32918.pdf
2018-03-27,2018,Uncategorised,DOI statement,,,,DOI Statement on NYPD's Response to Our Findings on NYPD's Special Victims Division - Adult Sex Crimes,,,https://www.nyc.gov/assets/doi/press-releases/2018/mar/14DOIResponse_32718.pdf
2018-03-22,2018,Theft,Enforcement action,Charged or arrested,,,Two New York City Employees Charged in Manhattan Federal Court with Theft of Government Funds and Wire Fraud,,,https://www.nyc.gov/assets/doi/press-releases/2018/mar/sdny_ericluna_32218.pdf
2018-03-13,2018,Racketeering and violent crime,Enforcement action,Charged or arrested,,,DOI Investigation Leads to Arrest of City Correction Department Employee for Providing False Information About Gang Affiliations on Employment Application,,,https://www.nyc.gov/assets/doi/press-releases/2018/mar/12_Riley_DOC_03-13-18.pdf
2018-02-27,2018,"Fraud, other",Enforcement action,Pleaded guilty,,,Defendant Who Operated Shadow Utility Company that Illegally Installed Gas Meters Pleads Guilty to Enterprise Corruption,,,https://www.nyc.gov/assets/doi/press-releases/2018/feb/findlay_weldon_plea_22718.pdf
2018-02-26,2018,Uncategorised,Enforcement action,Charged or arrested,3000000.0,432000.0,"DOI Releases 2017 Statistics Showing Gains in Arrests, Investigations, and Reforms Strengthening City Operations",a City-funded nonprofit execut ive and spouse in connection with the theft of more than a half-million dollars;  Uncovering a $3 million fraud scheme in partnership wi th the United States Attorney’s Office of the Eastern District involving the submission of,"resulting in 2017 in the arrests of seven City employees, 14 gu ilty pleas, and court-ordered restitution totaling more than $432,000; and  A detailed report on how high-level managers at DOC, including the agency’s Commissioner, misused their City-issued",https://www.nyc.gov/assets/doi/press-releases/2018/feb/11DOIStats02-26-2018.pdf
2018-02-22,2018,Uncategorised,Enforcement action,Charged or arrested,4500.0,,Announcement on Arrest of Former New York City Council Candidate Albert Alvarez,"CITY COUNCIL CANDIDATE ALBERT ALVAREZ Felony Complaint Alleges that Alvarez Knowingly Accepted Straw Donations, Stole at Least $4,500 in NYC Public Matching Funds NEW YORK – Attorney General Eric T. Sc hneiderman and Comptroller Thomas P. DiNapoli today announced",,https://www.nyc.gov/assets/doi/press-releases/2018/feb/AGO_Alvarez_022218.pdf
2018-02-21,2018,Uncategorised,Enforcement action,,,,Takedown of Illegal Monopoly That Dominated Towing Industry Citywide,,,https://www.nyc.gov/assets/doi/press-releases/2018/feb/22118TowTrucksSCARelease.pdf
2018-02-08,2018,Contraband smuggling,Enforcement action,Charged or arrested,,,New York City Correction Officers Charged with Smuggling Narcotics into City Prison Facilities,,,https://www.nyc.gov/assets/doi/press-releases/2018/feb/pr_doc_ indictment_020818.pdf
2018-02-06,2018,Uncategorised,Enforcement action,,,,DOI Investigation Finds Non-Compliance by NYPD with New Use-of-Use Reporting Requirements,,,https://www.nyc.gov/assets/doi/press-releases/2018/feb/08Use_of_Force_Report_020618.pdf
2018-02-05,2018,Contracting and procurement fraud,Enforcement action,,25.0,650000.0,"Contractor Who Admitted Shortchanging Workers on New York City Housing Authority Construction Project Pays $650,000 Restitution","the defendants had paid all workers the correct wages. It is alleged that, in reality, the workers were paid between $15 and $25 per hour and some were not paid for all the weeks of work. In an attempt to evade discovery of the scheme, defendants Miah and","Contractor Who Admitted Shortchanging Workers on New York City Housing Authority Construction Project Pays $650,000 Restitution",https://www.nyc.gov/assets/doi/press-releases/2018/feb/KCDAreleaseEEC_02052018.pdf
2018-02-02,2018,Sexual misconduct,Enforcement action,Charged or arrested,,,DOI Investigation Leads to Re-Arrest of a City Department of Homeless Services Employee on Sexual Misconduct Charges,,,https://www.nyc.gov/assets/doi/press-releases/2018/feb/07ClydeJohnsonrearrest_020218.pdf
2018-02-01,2018,"Fraud, other",Enforcement action,Charged or arrested,,,DOI Commissioner Mark G. Peters' Remarks on Fraud Arrests involving Certified Asbestos Investigators,,,https://www.nyc.gov/assets/doi/press-releases/2018/feb/06MGPRemarks_02018.pdf
2018-02-01,2018,"Fraud, other",Enforcement action,Charged or arrested,,,Widespread Criminal Investigation Results in Arrests of 17 Certified Asbestos Investigators Exposing Numerous Fraudulent Inspection in Two New York City Boroughs,,,https://www.nyc.gov/assets/doi/press-releases/2018/feb/05Asbestos_Report_02018.pdf
2018-01-29,2018,"Fraud, other",Enforcement action,Pleaded guilty,,,Former President and CEO of City-Funded Nonprofit Organization Pleads Guilty to Federal Fraud Charges,,,https://www.nyc.gov/assets/doi/press-releases/2018/jan/04BroomesPlea01292018_UL.pdf
2018-01-23,2018,Contraband smuggling,Enforcement action,Charged or arrested,,,DOI Investigation Leads to Arrest of City Correction Officer on Contraband Charges,,,https://www.nyc.gov/assets/doi/press-releases/2018/jan/03Riles_012318.pdf
2018-01-19,2018,Racketeering and violent crime,Enforcement action,,,,NYCHA Public Safety Failures Connected to Gang and Narcotics Activity at Sheephead/Nostrand Houses,,,https://www.nyc.gov/assets/doi/press-releases/2018/jan/02SheepsheadNostrand_Report_011918.pdf
2018-01-16,2018,Uncategorised,Enforcement action,Charged or arrested,,,Queens Couple Charged with Illegal Conversion of Elmhurst Home into Single Room Occupancy Residences,,,https://www.nyc.gov/assets/doi/press-releases/2018/jan/chimbays_01_16_2018.pdf
2018-01-11,2018,Theft,Enforcement action,Indicted,130000.0,,"Two Bronx Daycare Workers Indicted for Stealing Nearly $130,000 From Non-Profit Organization","Two Bronx Daycare Workers Indicted for Stealing Nearly $130,000 From Non-Profit Organization",,https://www.nyc.gov/assets/doi/press-releases/2018/jan/04-2018_NewGrindley_Indicted_11118.pdf
2018-01-09,2018,Obstruction and tampering,Enforcement action,Indicted,25000.0,,Brooklyn Assemblywoman Indicted for Multiple Fraud Schemes and Obstructing Justice,"time, $11,400—for her personal use. FEMA Fraud Scheme. Between 2012 and 2014, the defendant defrauded FEMA out of nearly $25,000 by falsely claiming to FEMA she had been forced out of her residence by Hurricane Sandy. The defendant represented to FEMA that",,https://www.nyc.gov/assets/doi/press-releases/2018/jan/HARRIS_Indictment_Press_Release_10918.pdf
2017-12-08,2017,Benefits fraud,Enforcement action,Charged or arrested,200000.0,,"DOI Investigation Leads to Three Arrests on Charges of Stealing Nearly $200,000 in Rental Subsidies From NYCHA in Separate Schemes","DOI Investigation Leads to Three Arrests on Charges of Stealing Nearly $200,000 in Rental Subsidies From NYCHA in Separate Schemes",,https://www.nyc.gov/assets/doi/press-releases/2017/dec/34Grijalba_Section8_120817.pdf
2017-12-06,2017,Tenant harassment and eviction,Enforcement action,Pleaded guilty,,,DA Vance: Landlord Pleads Guilty for Creating Life-Threatening Conditions at East Harlem Apartment Building,,,https://www.nyc.gov/assets/doi/press-releases/2017/dec/Ephraim_Vashovsky_Plea_Release_120617.pdf
2017-12-05,2017,Sexual misconduct,Enforcement action,Charged or arrested,,,DOI Investigation Leads to Arrest of City Department of Homeless Employee on Charges of Sexual Misconduct,,,https://www.nyc.gov/assets/doi/press-releases/2017/dec/33ClydeJohnson_DHS_120517.pdf
2017-12-04,2017,Theft,Enforcement action,,2500000.0,,New York City and State Partners Announce Joint Effort to Combat Wage Theft in the Construction Industry,"involving multiple jurisdictions have been brought against defendants across New York City and State, accounting for more than $2.5 million in stolen wages affecting over 400 workers. 1 1 The charges contained in the criminal complaints and indictments are merely",,https://www.nyc.gov/assets/doi/press-releases/2017/dec/MDA_Wage Theft_12-04-2017.pdf
2017-12-04,2017,Theft,Commissioner remarks,,1700000.0,,Remarks of DOI Commissioner Mark G. Peters for Announcement of Joint Effort to Combat Wage Theft in the Construction industry,"than criminal. Two cases that we worked together on with the Brooklyn District Attorney have led to arrests in a total of $1.7 million in wage theft, where the contractors are charged with falsifying payrolls on City construction jobs. In each of these cases, law",,https://www.nyc.gov/assets/doi/press-releases/2017/dec/32WageRemarks_120417.pdf
2017-11-29,2017,Assault and cover-ups,Enforcement action,Indicted,,,NYC Department of Correction Captain Indicted for Assault on Rikers Island Inmate; Four Officers Charged with Coverup,,,https://www.nyc.gov/assets/doi/press-releases/2017/nov/98_2017_DOC_Captain_4_COs_ indicted.pdf
2017-11-21,2017,Uncategorised,Enforcement action,,,,DOI Investigation Finds Gaps in NYPD's Implementation of 2012 Patrol Guide Revisions for LGBTQ and TGNC People,,,https://www.nyc.gov/assets/doi/press-releases/2017/nov/31_LGBTQ_ReportRelease_112117.pdf
2017-11-20,2017,Racketeering and violent crime,Enforcement action,Indicted,,,"Members of Coney island Street Gang Indicted for Murder, Racketeering Conspiracy and Unlawful Use of Firearms",,,https://www.nyc.gov/assets/doi/press-releases/2017/nov/COOPER_ et _al _RICO_Indictment_112017.pdf
2017-11-16,2017,Sexual misconduct,Enforcement action,Charged or arrested,,,DOI Investigation Leads to Arrest of City Sanitation Worker and Lifeguard on Charges of Sexual Misconduct,,,https://www.nyc.gov/assets/doi/press-releases/2017/nov/30Lorenzo_DSNY_DPR_111617.pdf
2017-11-15,2017,Contracting and procurement fraud,Enforcement action,,700000.0,2500000.0,"Brooklyn Construction Company, Long Beach Owner with Public Contracts to Forfeit $2.5 Million After Pleading Guilty to Underpaying Workers","today announced that a Brooklynbased construction company and its owner have pleaded guilty to grand larceny for stealing over $700,000 from workers by failing to pay the prevailing wage on public works projects. The projects were financed by the New York City","Brooklyn Construction Company, Long Beach Owner with Public Contracts to Forfeit $2.5 Million After Pleading Guilty to Underpaying Workers",https://www.nyc.gov/assets/doi/press-releases/2017/nov/pr_msr_plea_11_15_2017.pdf
2017-11-14,2017,"Fraud, other",Enforcement action,,,,Investigation into False Certification of NYCHA Lead Paint Inspections,,,https://www.nyc.gov/assets/doi/press-releases/2017/nov/27NYCHALeadPaint11-14-2017_UL.pdf
2017-11-06,2017,"Fraud, other",Enforcement action,Charged or arrested,,,DOI Arrest Site Safety Representative on a Charge of Possessing Fraudulent Safety Certificates,,,https://www.nyc.gov/assets/doi/press-releases/2017/nov/26Tsamos110617.pdf
2017-11-03,2017,Uncategorised,Enforcement action,,,,DOI Follow-Up Investigation Finds Insufficient Inventory Controls Over Large Applicances at NYCHA Facilities,,,https://www.nyc.gov/assets/doi/press-releases/2017/nov/25NYCHAInventory_11-03-17.pdf
2017-11-02,2017,Drug offenses,Enforcement action,Charged or arrested,,,Doctor and Nurse Practitioner Among Three Defendants Charged in Manhattan Federal Court for Oxycodone and Fentanyl Diversion Scheme,,,https://www.nyc.gov/assets/doi/press-releases/2017/nov/ErnestoLopezetal_Arrests_PRFINAL.pdf
2017-10-25,2017,"Fraud, other",Enforcement action,Charged or arrested,,,14 Charged in Separate Construction Schemes Joint Investigation by DOI and Brooklyn District Attorney,,,https://www.nyc.gov/assets/doi/press-releases/2017/oct/23-KCDA_WireAsbestos_10-25-17.pdf
2017-10-25,2017,"Fraud, other",Commissioner remarks,,2000.0,,DOI Commissioner Mark G. Peters Remarks at Press Conference Announcing Charges Against 14 Individuals in Three Separate Construction-Related Schemes,"or directly supervise it. Licensed Master Plumber Henry Samuels is charged with selling his license for between $1,500 and $2,000 a job, according to the investigation. We call th is kind of scheme “covering” and it undercuts safety, because the work that",,https://www.nyc.gov/assets/doi/press-releases/2017/oct/24_PetersRemarksKCDAWire_102517.pdf
2017-10-18,2017,Forgery and fake credentials,Enforcement action,Charged or arrested,,,DOI Investigation Leads to Arrest of Taxi Driver Charged with Falsifying Driving Record to Avoid Suspension of TLC License,,,https://www.nyc.gov/assets/doi/press-releases/2017/oct/22TLC_Louis _101817_2.pdf
2017-10-03,2017,Forgery and fake credentials,Enforcement action,,,,Investigation into Fraudulent Parking Placards,,,https://www.nyc.gov/assets/doi/press-releases/2017/oct/DANY_Release_and_Placard_Summary.pdf
2017-09-27,2017,Theft,DOI statement,,,,DOI Statement on Prison Sentences for City-Funded Nonprofit Executive and Spouse in Connection with More Than Half-Million-Dollar Theft,,,https://www.nyc.gov/assets/doi/press-releases/2017/sep/21-UBAsentencing_09-27-17.pdf
2017-09-14,2017,"Fraud, other",Enforcement action,Charged or arrested,750000.0,,Staten Island Couple Charged with Hurricane Sandy Relief Fraud,"Office (718) 254-6323 PRESS RELEASE STATEN ISLAND COUPLE CHARGED WITH HURRICANE SANDY RELIEF FRAUD Defendants Obtained $750,000 from Relief Programs Intended for Residents Displaced by the Superstorm A criminal complaint was unsealed today in federal court",,https://www.nyc.gov/assets/doi/press-releases/2017/sep/Elsilimy_fraud_arrest_press_release.pdf
2017-08-17,2017,Assault and cover-ups,DOI statement,,,,DOI Statement on Conviction of City Correction Officer in Cover Up,,,https://www.nyc.gov/assets/doi/press-releases/2017/aug/2017-08-17-calypso.pdf
2017-08-17,2017,"Fraud, other",Enforcement action,Indicted,3000000.0,,Former Officials of Central United Talmudic Academy Indicted in $3 Million Fraud Scheme,Former Officials of Central United Talmudic Academy Indicted in $3 Million Fraud Scheme,,https://www.nyc.gov/assets/doi/press-releases/2017/aug/2017-08-17-CUTA-Indictment-Press-Release.pdf
2017-08-17,2017,Assault and cover-ups,Enforcement action,Indicted,,,Two NYC Department of Correction Officers Indicted for Assaulting Inmate and Falsifying Reports to Cover Up Attack,,,https://www.nyc.gov/assets/doi/press-releases/2017/aug/2017-08-17-Cardoza-Nervi-indicted.pdf
2017-08-16,2017,Contraband smuggling,Enforcement action,Pleaded guilty,,,NYC Department of Correction Officer Pleads Guilty to Smuggling Scalpels Commonly Used in Slashings into Rikers Island,,,https://www.nyc.gov/assets/doi/press-releases/2017/aug/2017-08-16-Kevin-McKoy-Plea.pdf
2017-08-03,2017,Contracting and procurement fraud,Enforcement action,,440000.0,,Theft of Funds by the Former Procurement Director of the Richmond County District Attorney's Office,"Fraudulently Purchased Hundreds of Personal Items in Scheme to Defraud the Richmond County District Attorney’s Office of Over $440,000 A ten-count indictment was unsealed today in the United States District Court for the Eastern District of New York charging",,https://www.nyc.gov/assets/doi/press-releases/2017/aug/2017-08-03-NelsonRelease-Rpt.pdf
2017-08-02,2017,Uncategorised,Enforcement action,Charged or arrested,,,New York City Health and Hospitals Employee Charged with Possessing Child Pornography,,,https://www.nyc.gov/assets/doi/press-releases/2017/aug/2017-08-02-Sherlock-SDNY.pdf
2017-07-28,2017,Uncategorised,Enforcement action,,,,An Assessment of NYPD's Handling of U Visa Certification Requests,,,https://www.nyc.gov/assets/doi/press-releases/2017/jul/2017-07-28-U-Visa-Rpt-Release.pdf
2017-07-14,2017,Contraband smuggling,Enforcement action,Sentenced,700.0,,Former NYC Correction Officer Sentenced to a Year in Jail for Taking Bribes to Smuggle Contraband into Rikers Island,"Justice George Villegas to one year in jail. Brown pleaded guilty to third-degree Bribe Receiving on June 1, 2017 for accepting $700 from Dene Morris to bring the contraband to her husband, Shane Morris, who was being held in the Otis Bantum Correctional Center.",,https://www.nyc.gov/assets/doi/press-releases/2017/jul/2017-07-14-CO-James-Brown-sentenced-for-contraband.pdf
2017-06-08,2017,Uncategorised,Enforcement action,,,,DOI Commissioner Mark G. Peters Keynote Remarks for the Center for the Advancement of Public Integrity’s Global Cities Conference II,,,https://www.nyc.gov/assets/doi/press-releases/2017/jun/2017-06-08-CAPIRemarks.pdf
2017-06-08,2017,Uncategorised,Enforcement action,Pleaded guilty,,,NYC Department of Correction Officer Pleads Guilty to Engaging in Criminal Sex Act with Inmate in Rikers Island Jail,,,https://www.nyc.gov/assets/doi/press-releases/2017/jun/2017-06-08-JoseCome-Pleads.pdf
2017-05-24,2017,Embezzlement,Enforcement action,Charged or arrested,800000.0,,Former President and CEO of New York City Nonprofit Organization Charged with Fraud and Embezzlement Offenses,"based in Harlem, New York (the “Housing Nonprofit”). BROOMES is charged with fraud, embezzlement, and misappropriating more than $800,000 from a federally funded program intended to provide housing to low-income individuals living with HIV and AIDS. BROOMES was",,https://www.nyc.gov/assets/doi/press-releases/2017/may/Derek-Broomes-Release-SDNY.pdf
2017-05-19,2017,Uncategorised,Commissioner remarks,,,,DOI Commissioner Mark Peters Delivers Remarks at 23rd Annual Seminar on Ethics in New York City Government,,,https://www.nyc.gov/assets/doi/press-releases/2017/may/18ethics-conference05-19-17.pdf
2017-05-10,2017,Deaths and reckless endangerment,Enforcement action,Indicted,7996.0,,Construction Company Owner Indicted for Manslaughter,"Based on this unreported income he owed state taxes of $4,310 and unlawfully received a refund of $3,686. He thereby stole $7,996 from the NYS Department of Taxation and Finance. The case was investigated by Chief of Investigations with the DOI Buildings",,https://www.nyc.gov/assets/doi/press-releases/2017/may/weiss_michael_etal_4_13_2017.pdf
2017-05-10,2017,Unlicensed operation,Commissioner remarks,,,,DOI Commissioner Mark Peters' Remarks at the Press Conference with the Brooklyn District Attorney's Office Regarding Indictment of Unlicensed Builder in Worker Death,,,https://www.nyc.gov/assets/doi/press-releases/2017/may/17MyrtleAve05-10-17.pdf
2017-05-08,2017,Uncategorised,Enforcement action,,,,Statement from New York City Department of Investigation (“DOI”) Commissioner Mark G. Peters,,,https://www.nyc.gov/assets/doi/press-releases/2017/may/16DOCStatement05-08-17.pdf
2017-05-02,2017,Theft,DOI statement,,,,DOI Statement on Conviction of City-Funded Nonprofit Executive and Spouse on Theft Charges,,,https://www.nyc.gov/assets/doi/press-releases/2017/may/15-UBAtrial_05-02-17.pdf
2017-04-28,2017,Uncategorised,Enforcement action,,,,Misuse of City-Owned Vehicles at the New York City Department of Correction,,,https://www.nyc.gov/assets/doi/press-releases/2017/apr/14-DOCCars04-28-17withrpt_2.pdf
2017-04-28,2017,Uncategorised,DOI statement,,,,Statement from DOI Commissioner Mark G. Peters,,,https://www.nyc.gov/assets/doi/press-releases/2017/apr/15MGPstment04-28-2017.pdf
2017-04-24,2017,Sexual misconduct,Enforcement action,Indicted,,,"Former Rikers Island Physician’s Assistant Indicted for Sexual Abuse, Rape and Related Crimes Against Inmates",,,https://www.nyc.gov/assets/doi/press-releases/2017/apr/30-2017SidneyWilsonindicted.pdf
2017-04-07,2017,Benefits fraud,Enforcement action,,,,Brooklyn Medical Clinics Pumped Over 6.3 Million Narcotic Painkillers onto Black Market and Billed Millions of Dollars in Fraudulent Medicaid and Medicare Reimbursements,,,https://www.nyc.gov/assets/doi/press-releases/2017/apr/PressRelease_20170407.pdf
2017-04-07,2017,Benefits fraud,Commissioner remarks,,,,Remarks of DOI Commissioner at Press Conference Announcing Arrests in Connection with Schemes to Defraud Medicaid and Medicare,,,https://www.nyc.gov/assets/doi/press-releases/2017/apr/13MetroPlusRemarks04-07-2017.pdf
2017-04-06,2017,Uncategorised,Enforcement action,,,10000.0,"Statement by Manhattan District Attorney Cyrus R. Vance, Jr., and DOI Commissioner Mark G. Peters on Anniversary of Carlos Moncayo’s Death",,"role in causing Mr. Moncayo’s death, contractor Harco Construction and subcontractor Sky Materials were each sentenced to pay a $10,000 fine—the maximum penalty for any company convicted of a felony in New York State. “A $10,000 fine is but a rounding error on a",https://www.nyc.gov/assets/doi/press-releases/2017/apr/STATEMENTBYMANHATTANDISTRICTATTORNEYCYRUSR-VANCE-JR-4-6-17.pdf
2017-04-04,2017,Benefits fraud,DOI statement,,600000.0,675000.0,DOI Statement on the Sentencing of a Former Human Resources Administration Employee on Public Assistance Fraud and Other Charges,"to 90 months in federal prison for charges including Conspiracy to Commit Wire Fraud in connection with the theft of more than $600,000 in cash assistance benefits, and other unrelated charges involving a narcotics trafficking scheme. DOI’s role focused on the","benefits to individuals who were not entitled to receive them. PERALTA was also ordered, upon release from prison, to pay $675,000 in restitution to HRA. The case was highlighted in DOI’s 2015 Report, detailing various schemes to defraud HRA. A copy of the",https://www.nyc.gov/assets/doi/press-releases/2017/apr/12PeraltaSentencing04-04-17.pdf
2017-03-31,2017,Uncategorised,DOI report,,,,Third Annual Report: Inspector General for the NYPD,,,https://www.nyc.gov/assets/doi/press-releases/2017/mar/11OIGNYPDAnnualReport03-31-17wReport.pdf
2017-03-30,2017,"Fraud, other",Enforcement action,,59000.0,,Corruption in the Supplemental Nutitional Assistance Program at the Human Resources Administration,"ADMINISTRATION EMPLOYEE CHARGED WITH INSIDE SCHEME TO STEAL PUBLIC BENEFITS City Employee and Co-Conspirator Stole Approximately $59,000 in Supplemental Nutrition Assistance Program Benefits Earmarked for Needy New Yorkers A complaint was unsealed today in United",,https://www.nyc.gov/assets/doi/press-releases/2017/mar/AbrahamSNAPBenefitsTheft_PressRelease_Report03-30-17.pdf
2017-03-28,2017,Uncategorised,Enforcement action,,,,NYCHA Is Still Failing to Remove Dangerous Criminals from Public Housing,,,https://www.nyc.gov/assets/doi/press-releases/2017/mar/10NYCHAMOU03-27-17wreport.pdf
2017-03-21,2017,Theft,Enforcement action,Indicted,243000.0,,"Former City Tax Auditor Indicted for Allegedly Stealing Over $243,000 from Sheriff’s Office Trust Accounts","Former City Tax Auditor Indicted for Allegedly Stealing Over $243,000 from Sheriff’s Office Trust Accounts",,https://www.nyc.gov/assets/doi/press-releases/2017/mar/wilson_kasara_ind_3_14_2017.pdf
2017-03-16,2017,Embezzlement,Enforcement action,Pleaded guilty,400000.0,,"A.G. Schneiderman Announces Guilty Plea of Former Non-Profit Employee for Diverting $400,000 for Personal Use","A.G. Schneiderman Announces Guilty Plea of Former Non-Profit Employee for Diverting $400,000 for Personal Use",,https://www.nyc.gov/assets/doi/press-releases/2017/mar/AGOHopeCommunity-03-16-17.pdf
2017-03-09,2017,Uncategorised,Commissioner remarks,,,,"Testimony of Mark G. Peters Commissioner, New York City Department of Investigation Concerning the Fiscal Year 2018 Preliminary Budget, Mayor's Fiscal Year 2017 Preliminary Management Report and Agency Oversight Hearings",,,https://www.nyc.gov/assets/doi/press-releases/2017/mar/FINALDOITestimonyPrelimBudgetHearingMarch92017.pdf
2017-02-28,2017,Uncategorised,Enforcement action,Charged or arrested,4000000.0,,"DOI’s Calendar Year 2016 Statistics Show Increase in Investigations, Arrests, and Recommended Reforms","involving prevailing wage theft, leading to the arrest of 19 individuals and 13 companies and the recovery of more than $4 million.  Worked with the Manhattan District Attorney’s Office, and area consulates, to e stablish a giveback program where workers",,https://www.nyc.gov/assets/doi/press-releases/2017/feb/09CYearend02-28-2017.pdf
2017-02-22,2017,Contraband smuggling,Enforcement action,Charged or arrested,,,DOI Investigation Leads to Arrest of City Correction Officer on Contraband Charges,,,https://www.nyc.gov/assets/doi/press-releases/2017/feb/08graham02-22-2017.pdf
2017-02-15,2017,Uncategorised,DOI report,,1000000.0,,Interim Report on Monitorship of the City's Rapid Repairs and Build-it-Back Programs,"in the theft of nearly $300,000 in disaster relief funds and a broader scheme by one of the defendants to steal more than $1 million in property from a deceased Rockaway, Queens homeowner. In conjunction with the arrests, DOI issued a Report on BIB and the",,https://www.nyc.gov/assets/doi/press-releases/2017/feb/BIB_PR_Report_2-15-17.pdf
2017-02-07,2017,Uncategorised,Enforcement action,,,,"NYPD's Handling of Complaints: An investigation of the ""Outside Guidelines"" Process",,,https://www.nyc.gov/assets/doi/press-releases/2017/feb/OG-oignypd-02-06-17wReport2.pdf
2017-02-06,2017,Uncategorised,DOI report,,,,DOI Commissioner Mark G. Peters’ Statement on Misleading Use of DOI’s 2013 Report on the New York City Board of Elections’ Operations,,,https://www.nyc.gov/assets/doi/press-releases/2017/feb/06BOE02-06-2017.pdf
2017-01-26,2017,Uncategorised,Enforcement action,,,,Investigation into ACS's Response to Child Abuse and Neglect Allegations Involving Jaden Jordan,,,https://www.nyc.gov/assets/doi/press-releases/2017/jan/05ACSstmt01-26-2017.pdf
2017-01-19,2017,Uncategorised,Enforcement action,,,,A Review of NYPD's Approach to Handling Interactions with People in Mental Crisis,,,https://www.nyc.gov/assets/doi/press-releases/2017/jan/04OIGNYPDCITRpt01-19-2017_Report.pdf
2017-01-12,2017,"Fraud, other",Enforcement action,,,,Corruption Vulnerabilities at the Brooklyn Union Gas Company D/B/A National Grid NY,,,https://www.nyc.gov/assets/doi/press-releases/2017/jan/national_grid_presser_1_12_2017.pdf
2017-01-12,2017,"Fraud, other",Enforcement action,Charged or arrested,,,DOI Commissioner Mark G. Peters' Remarks in Connection with Arrests Involving Corruption of Gas Meter Installation,,,https://www.nyc.gov/assets/doi/press-releases/2017/jan/03-MGP-Remarks-01-12-17.pdf
2017-01-12,2017,Assault and cover-ups,Enforcement action,Sentenced,,,"Three NYC Department of Correction Officers Sentenced to Serve Time in Assault, Coverup of Rikers Island Inmate",,,https://www.nyc.gov/assets/doi/press-releases/2017/jan/BXDA-release-dorsainvil.pdf
2017-01-04,2017,Bribery and kickbacks,Enforcement action,Charged or arrested,,,DOI Investigation Leads to Arrest of City Department of Environmental Protection Inspector on Bribery and Other Charges,,,https://www.nyc.gov/assets/doi/press-releases/2017/jan/02Richardson_Daniel_01-04-17.pdf
2017-01-03,2017,Benefits fraud,DOI statement,,600000.0,1809811.0,DOI Statement on the Guilty Plea by a Former Human Resources Administration Employee on Public Assistance Fraud and Other Charges,"who pleaded guilty today to Conspiracy to Commit Wire Fraud in U.S. District Court in connection with the theft of more than $600,000 in cash assistance benefits, and to other unrelated charges involving a narcotics trafficking scheme. DOI’s role focused on the","quantities of the energy drink “Red Bull,” to be “fenced” at local bodegas for cash. WATSON-JACKSON was also ordered to pay $1,809,811 in restitution and another $1,809,811 in forfeiture. A copy of the release on WATSON-JACKSON’s sentencing can be found here: 2",https://www.nyc.gov/assets/doi/press-releases/2017/jan/01Peralta-01-03-17.pdf
2016-12-20,2016,Bribery and kickbacks,Enforcement action,Charged or arrested,,,DOI Arrests Three Restuarant Operators on Bribery Charges in an Attempt to Evade Health Code Violations,,,https://www.nyc.gov/assets/doi/press-releases/2016/dec/45restaurant12-20-2016.pdf
2016-12-20,2016,Uncategorised,Enforcement action,,,10000.0,"Statement by Manhattan District Attorney Cyrus R. Vance, Jr., and DOI Commissioner Mark G. Peters Regarding Corporate Penalties Under New York State Law",,"for the death of a worker at its site. T oday, for its role in Moncayo’s death, Harco Construction was sentenced to a $10,000 fine—the maximum penalty for any company convicted of a felony in New York State. F or companies like Harco Construction, $10,000",https://www.nyc.gov/assets/doi/press-releases/2016/dec/12-20-16_Joint_DA_DOI_Harco_Construction_Statement.pdf
2016-12-15,2016,Deaths and reckless endangerment,Enforcement action,Sentenced,,,Construction Company Foreman Sentenced to Prison for Death of Worker on Site,,,https://www.nyc.gov/assets/doi/press-releases/2016/dec/12.15.16_Wilmer_Cueva_Sentencing_Release.pdf
2016-12-15,2016,Theft,Enforcement action,Charged or arrested,40000.0,,"DOI Investigation Leads to Arrests of 12 Licensed Taxicab Drivers for Credit Card Scam Resulting in the Theft of Nearly $40,000","DOI Investigation Leads to Arrests of 12 Licensed Taxicab Drivers for Credit Card Scam Resulting in the Theft of Nearly $40,000",,https://www.nyc.gov/assets/doi/press-releases/2016/dec/44TLCScam 12-15-16.pdf
2016-12-14,2016,Bribery and kickbacks,Enforcement action,Charged or arrested,,,Joint Probe Leads to Arrest of Property Owner on Bribery and Endangerment Charges,,,https://www.nyc.gov/assets/doi/press-releases/2016/dec/43cardena12-14-2016.pdf
2016-12-13,2016,"Fraud, other",Enforcement action,Indicted,,,"DOI Commissioner Mark G. Peters, NYS Attorney General ric T. Schneiderman and NYS Department of Financial Services Superintendant Maria T. Vullo Jointly Announce Indictments of 13 Current and Former City Fire and Police Department Employees in Half Million Dollar Supplemental Insurance Fraud Scams",,,https://www.nyc.gov/assets/doi/press-releases/2016/dec/pr41AFLAC_121316.pdf
2016-12-13,2016,Uncategorised,DOI statement,,,,Statement from DOI Commissioner Mark G. Peters,,,https://www.nyc.gov/assets/doi/press-releases/2016/dec/42MGPstment12-13-2016.pdf
2016-12-09,2016,Contraband smuggling,Enforcement action,Charged or arrested,,,DOI Investigation Leads to Arrest of City Correction Officer on Contraband Charge,,,https://www.nyc.gov/assets/doi/press-releases/2016/dec/pr39Brown_120316.pdf
2016-11-30,2016,Uncategorised,DOI statement,,,,Statement From DOI Commissioner Mark G. Peters,,,https://www.nyc.gov/assets/doi/press-releases/2016/nov/pr38MGPstatement_113016.pdf
2016-11-29,2016,Drug offenses,Enforcement action,Charged or arrested,,,New York City Firefighter Charged in Narcotics Sales: Drugs Sold in Front of Firehouse and Near Schools,,,https://www.nyc.gov/assets/doi/press-releases/2016/nov/TorresFDNYSNPRelease11-29-16.pdf
2016-11-22,2016,Assault and cover-ups,Enforcement action,Indicted,,,Two NYC Department of Correction Officers Indicted in Beating of Inmate and Cover-up,,,https://www.nyc.gov/assets/doi/press-releases/2016/nov/pr106_2016COsSmithanRogers_indicted.pdf
2016-11-10,2016,Assault and cover-ups,DOI statement,,,,DOI Statement on Guilty Pleas of a Department of Correction Captain and Two Officers in Connection with Assault of Inmate and Cover-up Scheme,,,https://www.nyc.gov/assets/doi/press-releases/2016/nov/pr37simancas_et_al_111016.pdf
2016-11-09,2016,Extortion,Enforcement action,Indicted,,,Former New York City Building Inspector and the Owner of a Demolition Company Indicted for Extortion,,,https://www.nyc.gov/assets/doi/press-releases/2016/nov/11-09-2016.dabusco.menadi.pdf
2016-11-04,2016,Deaths and reckless endangerment,DOI statement,,,,DOI Statement on Conviction of Excavation Company Supervisor in 2015 Death of Construction Worker in Meatpacking District,,,https://www.nyc.gov/assets/doi/press-releases/2016/nov/pr36cueva_110416.pdf
2016-11-01,2016,Embezzlement,Enforcement action,Indicted,400000.0,,"A.G. Schneiderman Announces Indictment of Non-Profit Employee for Allegedly Diverting $400,000 for Personal Use","A.G. Schneiderman Announces Indictment of Non-Profit Employee for Allegedly Diverting $400,000 for Personal Use",,https://www.nyc.gov/assets/doi/press-releases/2016/nov/AGO_Release_Chantel_Pierre_11-01-16.pdf
2016-10-31,2016,Bribery and kickbacks,Enforcement action,Charged or arrested,,,DOI Investigation Leads to Arrest of City Fire Inspector on Bribery and Related Charges During Off-Duty Conduct,,,https://www.nyc.gov/assets/doi/press-releases/2016/oct/35Young_10-31-16.pdf
2016-10-27,2016,Assault and cover-ups,DOI statement,,,,DOI Statement on Convictions of Four Correction Officers in Inmate Assault and Related Cover-up,,,https://www.nyc.gov/assets/doi/press-releases/2016/oct/pr34dorsainvil _102716.pdf
2016-10-09,2016,Uncategorised,DOI statement,,,,DOI Statement on the Passing of Brooklyn District Attorney Kenneth P. Thompson,,,https://www.nyc.gov/assets/doi/press-releases/2016/oct/33_Statement_on_Ken_Thompson_10-09-16.pdf
2016-10-07,2016,Benefits fraud,DOI statement,,1800000.0,1809811.0,DOI Statement on Prison Sentence for Former City Human Resources Administration Employee for Public Assistance Fraud Totaling Approximately $1.8 Million,"(“HRA”) employee sentenced today to 23 months in federal prison for her role in multiple schemes totaling approximately $1.8 million in fraudulent issuances, including a scheme in which DOI investigators found $120,000 of public assistance funds were used to","addition to the 23-month prison sentence, WATSON JACKSON was sentenced to three years ’ supervised release and or dered to pay $1,809,811 in restitution and another $1,809,811 in forfeiture. The following individuals , who were not City employees, were also convicted",https://www.nyc.gov/assets/doi/press-releases/2016/oct/pr32WatsonJackson_HRA_100716.pdf
2016-10-04,2016,Uncategorised,Enforcement action,,,,Smoke Alarm and Other Safety Deficiencies in NYCHA Public Housing,,,https://www.nyc.gov/assets/doi/press-releases/2016/oct/31NYCHA_Smoke_Detectors_10-04-16.pdf
2016-09-30,2016,Sexual misconduct,Enforcement action,Charged or arrested,,,Investigation Leads to Arrest of Department of Correction Captain on Forcible Touching and Sexual Abuse Charges,,,https://www.nyc.gov/assets/doi/press-releases/2016/sep/30Cowen 09.30.16.pdf
2016-09-27,2016,Benefits fraud,Enforcement action,Charged or arrested,1300000.0,,Six Individuals Charged with Participating in Large-Scale Government Benefits Fraud,"order to attain government benefits designed for low-income individuals. In total, the defendants allegedly obtained more than $1.3 million of government benefits. SHLOMO KUBITSHUK, RACHEL KUBITSHUK, NAFTALI ENGLANDER, and HINDA ENGLANDER were charged in one",,https://www.nyc.gov/assets/doi/press-releases/2016/sep/09272016_EnglanderPR_FINAL.pdf
2016-09-16,2016,Racketeering and violent crime,DOI statement,,,,DOI Statement on Investigation that Resulted in Prison Sentences for Six Correction Department Officers and Employees in Gang Assault and Cover-up,,,https://www.nyc.gov/assets/doi/press-releases/2016/sep/29Lightfoot-Sentencing09-16-16.pdf
2016-09-07,2016,Uncategorised,DOI report,,,,Department of Investigation Statement on The New York City Police Department’s Response to Report on Quality-of-life Summonses,,,https://www.nyc.gov/assets/doi/press-releases/2016/sep/28_Statement_on_NYPD_Response_09-07-2016.pdf
