date,year,month,title,pdf_url,money_context,pdf_chars,pdf_note,pdf_fetched
,2017,december,D.A.McMahon Announces Takedown of Crack Cocaine Distribution Network Operating from South Beach Homes,https://www.nyc.gov/assets/doi/press-releases/2017/dec/DAMcMahon_Takedown_Crackcocaine_SoBeachHouses.pdf,"77 grams of crack cocaine from undercover buys from this network. It is also estimated that this network grossed approximately $10,000 weekly in drug sales. At least three drug overdoses being investigated under the Overdose Response Initiative were linked to",4057,,1
2016-09-07,2016,september,Department of Investigation Statement on The New York City Police Department’s Response to Report on Quality-of-life Summonses,https://www.nyc.gov/assets/doi/press-releases/2016/sep/28_Statement_on_NYPD_Response_09-07-2016.pdf,,3253,,1
2016-09-16,2016,september,DOI Statement on Investigation that Resulted in Prison Sentences for Six Correction Department Officers and Employees in Gang Assault and Cover-up,https://www.nyc.gov/assets/doi/press-releases/2016/sep/29Lightfoot-Sentencing09-16-16.pdf,"7. W hen he retired as Assistant Chief of Security in June 2013, at the time of his arrest, he was receiving an annual salary of $178,907. PEREZ was sentenced to a total of 6½ years followed by three years of po st release supervision.  ALFRED RIVERA, 47, of Staten ¦ 47, of Staten Island, N.Y., began working as a Correction Officer in January 2008, and was receiving an annual base salary of $76,488 when he was terminated in June 2016, upon hi s convi ction. RIVERA was sentenced to a total of 4½ years followed by 2½ years of ¦ PARKER, 46, of Queens, N.Y., began working as a Correction Officer in June 2000 and was receiving an annual base salary of $76,488 when he was terminated in June 2016, upon his conviction. PARKER was sentenced to a total of 4½ years followed by 2½ years of ¦ PARRA, 47, of the Bronx, N.Y., began working as a Correction Officer in March 2004 and was receiving an annual base salary of $76,488 when he was terminated in June 2016, upon his conviction. PARRA was sentenced to a total of 4½ years followed by 2½ years of post ¦ RODRIGUEZ, 41, of Bayville, N.Y., began workin g as a Correction Officer in July 1998 and was receiving an annual base salary of $76,488 when he was terminated in June 2016, upon his conviction. RODRIGUEZ was sentenced to a total of 4½ years fo llowed by 2½ years of ¦ ing for DOC in September 1990. He retired as a DOC Captain in January 2014 and at that time was receiving an annual salary of $98, 072. VAUGHN was sentenced to a total of 5½ years followed by three years of post release supervision. Two additional officers ¦ 45, of the Br onx, N.Y., began working as a Correction Officer in January 2008 and was receiving an annual base salary of $76,488 w hen he was terminated in July 2016, upon his conviction. MAYNARD was sentenced to a conditional discharge and 500 hours of ¦ 42, of the Bronx, N.Y., began work ing as a Correction Officer in December 2004 and was receiving an annual base salary of $76,4 88 when he was terminated in July 2016, upon his conviction. FRIERSON was sentenced to a conditional discharge and 500 hours of",5829,,1
2016-09-27,2016,september,Six Individuals Charged with Participating in Large-Scale Government Benefits Fraud,https://www.nyc.gov/assets/doi/press-releases/2016/sep/09272016_EnglanderPR_FINAL.pdf,"order to attain government benefits designed for low-income individuals. In total, the defendants allegedly obtained more than $1.3 million of government benefits. SHLOMO KUBITSHUK, RACHEL KUBITSHUK, NAFTALI ENGLANDER, and HINDA ENGLANDER were charged in one ¦ subsidies, Medicaid health insurance, and Supplemental Nutrition Assistance Program (“SNAP”) food stamps, totaling more than $980,000. In connection with applications for these benefits, they failed to disclose substantial income and financial assets, including ¦ low-income residents, including Section 8 housing subsidies, Medicaid health insurance, and SNAP food stamps, totaling more than $330,000. In connection with applications for these benefits, they failed to disclose substantial income and financial assets, including",4756,,1
2016-09-30,2016,september,Investigation Leads to Arrest of Department of Correction Captain on Forcible Touching and Sexual Abuse Charges,https://www.nyc.gov/assets/doi/press-releases/2016/sep/30Cowen 09.30.16.pdf,"to 15 days’ incarceration. COWEN has been employed by DOC since March 2007 and receives an annual base salary of approximately $81,879. COWEN was reassigned to another facility by DOC after the incident was reported in January 2016. According to the criminal c",4616,,1
2016-10-04,2016,october,Smoke Alarm and Other Safety Deficiencies in NYCHA Public Housing,https://www.nyc.gov/assets/doi/press-releases/2016/oct/31NYCHA_Smoke_Detectors_10-04-16.pdf,,14668,,1
2016-10-07,2016,october,DOI Statement on Prison Sentence for Former City Human Resources Administration Employee for Public Assistance Fraud Totaling Approximately $1.8 Million,https://www.nyc.gov/assets/doi/press-releases/2016/oct/pr32WatsonJackson_HRA_100716.pdf,"ON PRISON SENTENCE FOR FORMER CITY HUMAN RESOURCES ADMINISTRATION EMPLOYEE FOR PUBLIC ASSISTANCE FRAUD TOTALING APPROXIMATELY $1.8 MILLION Mark G. Peters, Commissi oner of the New York City Department of Investigation (“DOI”) issued the following statement on a ¦ (“HRA”) employee sentenced today to 23 months in federal prison for her role in multiple schemes totaling approximately $1.8 million in fraudulent issuances, including a scheme in which DOI investigators found $120,000 of public assistance funds were used to ¦ schemes totaling approximately $1.8 million in fraudulent issuances, including a scheme in which DOI investigators found $120,000 of public assistance funds were used to purchase large quantities of the energy drink “Red Bull,” which were then “fenced” to ¦ leveraged her access to City information to steer cash to herself and associates, ultimately gaming the system of approximately $1.8 million. DOI’s working partnership with HRA allowed law enforcement to expose and stop this scheme, and others, and for the v ¦ businesses, such as Pay -OMatic, to redeem the fraudulently-issued HRA checks for cash. These schemes resulted in approximately $1.8 million in fraud between 2012 and 2013. WATSON-JACKSON, 45, of Queens, N.Y., began working at HRA in June 1993 and was a supervisor with ¦ in June 1993 and was a supervisor with the title of Associate Job Opportunity Specialist II . She received an annual salary of $63,241 when she resigned from her position in June 2016 after pleading guilty in this criminal matter. In addition to the 23-month ¦ addition to the 23-month prison sentence, WATSON JACKSON was sentenced to three years ’ supervised release and or dered to pay $1,809,811 in restitution and another $1,809,811 in forfeiture. The following individuals , who were not City employees, were also convicted ¦ WATSON JACKSON was sentenced to three years ’ supervised release and or dered to pay $1,809,811 in restitution and another $1,809,811 in forfeiture. The following individuals , who were not City employees, were also convicted and sentenced for their roles in",8749,,1
2016-10-09,2016,october,DOI Statement on the Passing of Brooklyn District Attorney Kenneth P. Thompson,https://www.nyc.gov/assets/doi/press-releases/2016/oct/33_Statement_on_Ken_Thompson_10-09-16.pdf,,1230,,1
2016-10-27,2016,october,DOI Statement on Convictions of Four Correction Officers in Inmate Assault and Related Cover-up,https://www.nyc.gov/assets/doi/press-releases/2016/oct/pr34dorsainvil _102716.pdf,"employed at DOC since August 2004, and DONNELLEY has been employed with DOC since December 2001. Each receives a base salary of $76,488. The officers were suspended upon arrest. As of their convictions, DOC has moved to terminate each of the defendants. DOI",4765,,1
2016-10-31,2016,october,DOI Investigation Leads to Arrest of City Fire Inspector on Bribery and Related Charges During Off-Duty Conduct,https://www.nyc.gov/assets/doi/press-releases/2016/oct/35Young_10-31-16.pdf,"been posted at his property. On September 21, 2016, the two met in a Brooklyn coffee shop and the defendant promised to supply $300 in return for not processing the violation. Five days later the two met again in Brooklyn, this time the defendant arrived in a ¦ who gave the undercover investigator an envelope that stated “Happy Birthday.” In the envelope, there was a card and three $100 bills (pictured in a photo attached to this release). YOUNG joined the FDNY as a Fire Prevention Inspector in February 2010 and ¦ release). YOUNG joined the FDNY as a Fire Prevention Inspector in February 2010 and receives an annual salary of approximately $50,507. Upon his arrest, YOUNG was suspended by the FDNY. 2 DOI Commissioner Peters thanked DOB Commissioner Rick D. Chandler, DOB ¦ also be found at twitter.com/doinews See Something Crooked in NYC? Report Corruption at 212-3-NYC-DOI 3 The greeting card and $300 in cash provided during an undercover DOI operation.",5028,,1
2016-11-01,2016,november,"A.G. Schneiderman Announces Indictment of Non-Profit Employee for Allegedly Diverting $400,000 for Personal Use",https://www.nyc.gov/assets/doi/press-releases/2016/nov/AGO_Release_Chantel_Pierre_11-01-16.pdf,"A.G. Schneiderman Announces Indictment Of Non-Profit Employee For Allegedly Diverting $400,000 For Personal Use Human Resources Director Of Hope Community Inc. Allegedly Directed Pay-Outs For Unused Vacation Time And ¦ Resources Director of the non-profit Hope Community, Inc., Chantel Rodriquez Pierre, for a scheme that allegedly diverted over $400,000 into accounts controlled by her and her associates. Hope Community owns and operates low income housing in Manhattan and is ¦ low income housing in Manhattan and is currently under contract with the New York City Department of Homeless Services for $8.9 million over five-years to operate a homeless shelter for families. In early 2014, the non-profit outsourced its payroll functions to a ¦ Repeated Failure to File Personal Income and Earnings Taxes. She faces up to 5-15 years in prison. Rodriguez Pierre was held on $50,000 cash bail or fully secured bond. The case was investigated by Investigator Sixto Santiago under the supervision of Deputy Chief",3778,,1
2016-11-04,2016,november,DOI Statement on Conviction of Excavation Company Supervisor in 2015 Death of Construction Worker in Meatpacking District,https://www.nyc.gov/assets/doi/press-releases/2016/nov/pr36cueva_110416.pdf,,4633,,1
2016-11-09,2016,november,Former New York City Building Inspector and the Owner of a Demolition Company Indicted for Extortion,https://www.nyc.gov/assets/doi/press-releases/2016/nov/11-09-2016.dabusco.menadi.pdf,,4209,,1
2016-11-10,2016,november,DOI Statement on Guilty Pleas of a Department of Correction Captain and Two Officers in Connection with Assault of Inmate and Cover-up Scheme,https://www.nyc.gov/assets/doi/press-releases/2016/nov/pr37simancas_et_al_111016.pdf,"a class E felony. SIMANCAS has been employed with DOC since October 1997 and received an annual base salary of approximately $78,683. JACKSON has been employed with DOC since August 2008 and WINT has been employed with DOC since June 2008 and each received an ¦ since August 2008 and WINT has been employed with DOC since June 2008 and each received an annual base salary of approximately $76,488. Each of the defendants resigned from their positions with DOC on Wednesday, November 9, 2016. DOI’s investigation found that on",4425,,1
2016-11-22,2016,november,Two NYC Department of Correction Officers Indicted in Beating of Inmate and Cover-up,https://www.nyc.gov/assets/doi/press-releases/2016/nov/pr106_2016COsSmithanRogers_indicted.pdf,,3910,,1
2016-11-29,2016,november,New York City Firefighter Charged in Narcotics Sales: Drugs Sold in Front of Firehouse and Near Schools,https://www.nyc.gov/assets/doi/press-releases/2016/nov/TorresFDNYSNPRelease11-29-16.pdf,"as well as at a nearby gas station. He was arraigned this afternoon before Manhattan Supreme Court Justice Neil Ross and held on $25,000 bail. In March of 2016, agents and officers with the DEA’s New York Organized Crime Drug Enforcement Strike Force, Financial",5811,,1
2016-11-30,2016,november,Statement From DOI Commissioner Mark G. Peters,https://www.nyc.gov/assets/doi/press-releases/2016/nov/pr38MGPstatement_113016.pdf,,2105,,1
2016-12-09,2016,december,DOI Investigation Leads to Arrest of City Correction Officer on Contraband Charge,https://www.nyc.gov/assets/doi/press-releases/2016/dec/pr39Brown_120316.pdf,"Bronx County District Attorney’s Office. BROWN has been employed by DOC since January 2016 and receives an annual base salary of $41,992. He was suspended by DOC upon arrest. According to DOI’s investigation, BROWN was screened as he entered OBCC. DOI’s",3914,,1
2016-12-13,2016,december,"DOI Commissioner Mark G. Peters, NYS Attorney General ric T. Schneiderman and NYS Department of Financial Services Superintendant Maria T. Vullo Jointly Announce Indictments of 13 Current and Former City Fire and Police Department Employees in Half Million Dollar Supplemental Insurance Fraud Scams",https://www.nyc.gov/assets/doi/press-releases/2016/dec/pr41AFLAC_121316.pdf,"Degree both class C felonies. Grand Larceny in the Second Degree is charged when the value of the st olen property exceeds $50,000. Upon c onviction, a class C felony is punishable by up to fifteen years in prison:  MARC MASTROS, 37, of Queens, N.Y., a form ¦ resigned from the FDNY in Marc h 2014. At the time of his resignation he was receiving an annual base salary of approximately $48,153. He is charged with defrauding AFLAC of approximately $118,630 and was arraigned in Queens County Supreme Court.  DEVON GRAHAM, ¦ he was receiving an annual base salary of approximately $48,153. He is charged with defrauding AFLAC of approximately $118,630 and was arraigned in Queens County Supreme Court.  DEVON GRAHAM, 46, of Queens, N.Y., has be en employed as an FDNY EMT since ¦ 46, of Queens, N.Y., has be en employed as an FDNY EMT since May 2005 and receives an annual base salary of approximately $50,097. He is charged with defrauding AFLAC of approximately $71,310 and was arraigned in Queens County Supreme Court.  KENNETH ¦ since May 2005 and receives an annual base salary of approximately $50,097. He is charged with defrauding AFLAC of approximately $71,310 and was arraigned in Queens County Supreme Court.  KENNETH LAMBERT, 35, of Hasbrook Heights, N.J., has been employed as an FDNY ¦ Hasbrook Heights, N.J., has been employed as an FDNY EMT since February 2004 and receives an annual base salary of approximately $50,097. He is charged with defrauding AFLAC of approximately $91,056 and was arraigned in Queens County Supreme Court. The following ¦ February 2004 and receives an annual base salary of approximately $50,097. He is charged with defrauding AFLAC of approximately $91,056 and was arraigned in Queens County Supreme Court. The following defendants were arrested this morning on charges of Grand Larceny ¦ Third Degree both class D felo nies. Grand Larceny in the Third Degree is charged when the value of the stolen property exceeds $3,000. Up on conviction, a class D felony is punishable by up to seven years in prison:  JUAN MASTROS, 28, of Queens, N.Y., has been",11826,,1
2016-12-13,2016,december,Statement from DOI Commissioner Mark G. Peters,https://www.nyc.gov/assets/doi/press-releases/2016/dec/42MGPstment12-13-2016.pdf,,1412,,1
2016-12-14,2016,december,Joint Probe Leads to Arrest of Property Owner on Bribery and Endangerment Charges,https://www.nyc.gov/assets/doi/press-releases/2016/dec/43cardena12-14-2016.pdf,"City Department of Buildings (“DOB”), jointly announced the arrest of a Woodside, Queens property owner on charges of offering $200 in cash in exchange for overlooking a vacate order issued for the building, which contained illegal room conversions creating ¦ shelter. When the investigator asked for the defendan t’s identification, the defendant asked him to help her out, later placing $200 in cash, in the investigator’s hand. The investigat or told the defendant that was not proper, placed the money on a table in a ¦ and his colleague went back into the building and recorded the conversation with the defendant, who again handed over $200 in cash in exchange for overlooking the vacate order due to dangerous conditions in the building. According to the investigation,",4978,,1
2016-12-15,2016,december,Construction Company Foreman Sentenced to Prison for Death of Worker on Site,https://www.nyc.gov/assets/doi/press-releases/2016/dec/12.15.16_Wilmer_Cueva_Sentencing_Release.pdf,,6919,,1
2016-12-15,2016,december,"DOI Investigation Leads to Arrests of 12 Licensed Taxicab Drivers for Credit Card Scam Resulting in the Theft of Nearly $40,000",https://www.nyc.gov/assets/doi/press-releases/2016/dec/44TLCScam 12-15-16.pdf,"825-5931 DOI INVESTIGATION LEADS TO ARRESTS OF 12 LICENSED TAXICAB DRIVERS FOR CREDIT CARD SCAM RESULTING IN THE THEFT OF NEARLY $40,000 --DOI made a 13th arrest: The brother of a licensed taxicab driver charged with posing as his sibling-- Mark G. Peters, ¦ Taxi and Limousine Commission (“TLC”) for their roles in an alleged credit card scam that resulted in the theft of approximately $39,550 from credit ca rd holders and TLC vendor Verifone, Inc. (“Verifone”). The vendors responsible for electronic payments in taxis ¦ presence in the cabs, most of the “trips” lasting less than a minute, some with no distances at all, with charge s ranging from $100 to $499 per trip. In each of these instances, DOI investigators spoke to the card holders in question an d found that they were ¦ in the cabs, most of the “trips” lasting less than a minute, some with no distances at all, with charge s ranging from $100 to $499 per trip. In each of these instances, DOI investigators spoke to the card holders in question an d found that they were either 2 ¦ in prison. According to the charges and DOI’s investigation:  JANZEB ALTAF, 22, of Queens, N.Y., is charge d with stealing $3,022 over 19 fraudulent transactions between February 2015 and April 2015. ALTAF processed credit card transactions with trip ¦ ALTAF processed credit card transactions with trip distances ranging from zero to .82 miles for fraudulent charges of up to $250 per trip, when the card holders were not present in New York City or not taking taxicabs.  JEAN MASSANGO, 43, of Tarrytown, ¦ were not present in New York City or not taking taxicabs.  JEAN MASSANGO, 43, of Tarrytown, N.Y., is charge d with stealing $6,148 over 14 fraudulent transactions between January 2015 and March 2015. MASSANGO processed credit card transactions with trip ¦ MASSANGO processed credit card transactions with trip distances ranging from zero to .26 miles for fraudulent charges of up to $491 per trip, when the card holders were not present in New York City or not taking taxicabs.  LIDIAL SECK, 51, of New York, N.Y.,",11846,,1
2016-12-20,2016,december,DOI Arrests Three Restuarant Operators on Bribery Charges in an Attempt to Evade Health Code Violations,https://www.nyc.gov/assets/doi/press-releases/2016/dec/45restaurant12-20-2016.pdf,"about the Health Code violations, and KABBA in return said he wanted the investig ator to reduce the violations and gave him $160 in cash. • JONATHAN NIRANJAN, 28, of Richmond Hill, Queens, N.Y., was arrested on December 20, 2016, and charged with Bribery in ¦ return asked the undercover investigator to sa ve him on some of the violations so he would not get into trouble, and gave him $300 in cash. • MOHAMMAD SAFI, 62, of Woodbury, N.Y., was arrested on December 20, 2016, and charged with two counts of Bribery in the ¦ investigator told SAFI about the Health Code violations, and SAFI left and then returned, handing an envelope that contained $200 in cash to the undercover investigator and asked him to give him an “A” despite the violations. DOI Commissioner Mark Peters",8791,,1
2016-12-20,2016,december,"Statement by Manhattan District Attorney Cyrus R. Vance, Jr., and DOI Commissioner Mark G. Peters Regarding Corporate Penalties Under New York State Law",https://www.nyc.gov/assets/doi/press-releases/2016/dec/12-20-16_Joint_DA_DOI_Harco_Construction_Statement.pdf,"for the death of a worker at its site. T oday, for its role in Moncayo’s death, Harco Construction was sentenced to a $10,000 fine—the maximum penalty for any company convicted of a felony in New York State. F or companies like Harco Construction, $10,000 ¦ fine—the maximum penalty for any company convicted of a felony in New York State. F or companies like Harco Construction, $10,000 is Monopoly money. A s we noted previously, a maximum penalty of $10,000 does not meaningfully deter companies from this type of ¦ New York State. F or companies like Harco Construction, $10,000 is Monopoly money. A s we noted previously, a maximum penalty of $10,000 does not meaningfully deter companies from this type of misconduct. When members of the State legislature reconvene next month,",1647,,1
2017-01-03,2017,january,DOI Statement on the Guilty Plea by a Former Human Resources Administration Employee on Public Assistance Fraud and Other Charges,https://www.nyc.gov/assets/doi/press-releases/2017/jan/01Peralta-01-03-17.pdf,"who pleaded guilty today to Conspiracy to Commit Wire Fraud in U.S. District Court in connection with the theft of more than $600,000 in cash assistance benefits, and to other unrelated charges involving a narcotics trafficking scheme. DOI’s role focused on the ¦ August, 2014, in connection with DOI’s investigation. At the time of her termination, Peralta was receiving an annual salary of $42,346. DOI’s investigation showed between 2008 and 2011, PERALTA was linked to over 800 fraudulent benefit issuances to approximately ¦ which was susceptible to fraud, an issue that was addressed in DOI’s Report. PERALTA’s scheme resulted in the theft of more than $600,000 of public funds. Two other City employees have received prison sentences as a result of DOI’s investigat ion into public ¦ was sentenced to 23 months in federal prison for her role in multiple public assistance fraud schemes totaling approximately $1.8 million, including a scheme in which DOI investigators found $120,000 of public assistance funds were used to purchase large quantities ¦ public assistance fraud schemes totaling approximately $1.8 million, including a scheme in which DOI investigators found $120,000 of public assistance funds were used to purchase large quantities of the energy drink “Red Bull,” to be “fenced” at local bodegas ¦ quantities of the energy drink “Red Bull,” to be “fenced” at local bodegas for cash. WATSON-JACKSON was also ordered to pay $1,809,811 in restitution and another $1,809,811 in forfeiture. A copy of the release on WATSON-JACKSON’s sentencing can be found here: 2 ¦ Bull,” to be “fenced” at local bodegas for cash. WATSON-JACKSON was also ordered to pay $1,809,811 in restitution and another $1,809,811 in forfeiture. A copy of the release on WATSON-JACKSON’s sentencing can be found here: 2 ¦ Bribes and was sentenced to three years in federal prison for his role in fraudulently issuing SNAP benefits totaling more than $250,000 in exchange for cash. A copy of the release on FLETCHER’s sentencing can be found here:",5919,,1
2017-01-04,2017,january,DOI Investigation Leads to Arrest of City Department of Environmental Protection Inspector on Bribery and Other Charges,https://www.nyc.gov/assets/doi/press-releases/2017/jan/02Richardson_Daniel_01-04-17.pdf,"active violations at that location. The defendant told the CI a partial SWO or full SWO c ould end up costing anywhere between $25,000 to $50,000. The defendant then stated he would come back to the address three days later to pick up $15,000 in exchange for not ¦ at that location. The defendant told the CI a partial SWO or full SWO c ould end up costing anywhere between $25,000 to $50,000. The defendant then stated he would come back to the address three days later to pick up $15,000 in exchange for not issuing the ¦ anywhere between $25,000 to $50,000. The defendant then stated he would come back to the address three days later to pick up $15,000 in exchange for not issuing the SWO. On December 7, 2015, RICHARDSON-DANIEL went back to the address and was caught on audio ¦ The CI pulled out a white envelope containing cash, and the two entered the CI’s vehicle, where the CI counted out the $1,500 in cash and gave it to RICHARDSON-DANIEL, who accepted the payment. Separately, on November 28, 2016, DEP transported the ¦ , resigned from his position yesterday, on January 3, 2017, and at that time was receiving an annual salary of approximately $50,026. DOI Commissioner Peters thanked Acting Brooklyn District Attorney Eric Gonzalez and Acting DEP Co mmissioner Vincent Sapienza,",6296,,1
2017-01-12,2017,january,Corruption Vulnerabilities at the Brooklyn Union Gas Company D/B/A National Grid NY,https://www.nyc.gov/assets/doi/press-releases/2017/jan/national_grid_presser_1_12_2017.pdf,"and National Grid regulations and procedures, installing illegal gas meters across Brooklyn for landlords willing to pay $1,300 to $2,500 per meter. A total of 37 defendants, including seven National Grid employees, have been charged in connection with the ¦ National Grid regulations and procedures, installing illegal gas meters across Brooklyn for landlords willing to pay $1,300 to $2,500 per meter. A total of 37 defendants, including seven National Grid employees, have been charged in connection with the ¦ Findlay (for instance, “need one meter” or “need 3”) and send an address; Findlay would then text back a price, generally around $1,500 per meter. If the owner agreed, Findlay set his criminal enterprise in motion: 3  He asked for and received contact information ¦ service and bill the customer, Findlay paid Bogan and the others for their criminal conduct; allegedly, Bogan initially received $200 per meter, but later more. Three additional defendants, Rahsaan Rashidi, Ravindra Rattan, and Lawrence Berlianshik, are alleged ¦ for illegal service by the enterprise. According to the investigation, the latter two defendants sometimes charged as much as $2,500 per meter, a part of which they retained before passing the balance to Findlay. Other National Grid employees are accused of",13047,,1
2017-01-12,2017,january,DOI Commissioner Mark G. Peters' Remarks in Connection with Arrests Involving Corruption of Gas Meter Installation,https://www.nyc.gov/assets/doi/press-releases/2017/jan/03-MGP-Remarks-01-12-17.pdf,"expeditor. The conversation raised questions, because they discussed a price for the installation of the gas meter – a $1,500 price – and discussed a “girl in the office.” Both mentions, that of a price for an installation and the need for a “girl in th e",8097,,1
2017-01-12,2017,january,"Three NYC Department of Correction Officers Sentenced to Serve Time in Assault, Coverup of Rikers Island Inmate",https://www.nyc.gov/assets/doi/press-releases/2017/jan/BXDA-release-dorsainvil.pdf,,3818,,1
2017-01-19,2017,january,A Review of NYPD's Approach to Handling Interactions with People in Mental Crisis,https://www.nyc.gov/assets/doi/press-releases/2017/jan/04OIGNYPDCITRpt01-19-2017_Report.pdf,,15157,,1
2017-01-26,2017,january,Investigation into ACS's Response to Child Abuse and Neglect Allegations Involving Jaden Jordan,https://www.nyc.gov/assets/doi/press-releases/2017/jan/05ACSstmt01-26-2017.pdf,,9847,,1
2017-02-06,2017,february,DOI Commissioner Mark G. Peters’ Statement on Misleading Use of DOI’s 2013 Report on the New York City Board of Elections’ Operations,https://www.nyc.gov/assets/doi/press-releases/2017/feb/06BOE02-06-2017.pdf,"Stat e and federal prosecutors, we have arrested, 19 individuals and 13 companies, and DOI has made recoveries of approximately $4 million, prim arily tak en from recent immigrants to this country. • Last year, working with the Manhattan District Attorney, we pros",3419,,1
2017-02-07,2017,february,"NYPD's Handling of Complaints: An investigation of the ""Outside Guidelines"" Process",https://www.nyc.gov/assets/doi/press-releases/2017/feb/OG-oignypd-02-06-17wReport2.pdf,,12259,,1
2017-02-15,2017,february,Interim Report on Monitorship of the City's Rapid Repairs and Build-it-Back Programs,https://www.nyc.gov/assets/doi/press-releases/2017/feb/BIB_PR_Report_2-15-17.pdf,"15, 2017 NICOLE TURSO (212) 825-5931 DOI INVESTIGATION OF BUILD IT BACK PROGRAM LEADS TO FOUR ARRESTS AND SAVES APPROXIMATELY $40 MILLION, PRIMARILY DUE TO OVERBILLING BY CONTRACTORS Mark G. Peters, Commissioner of the New York City Department of Investigation ¦ charged with fraudulently submitting applications to the City’s Build It Back (“BIB”) program resulting in the theft of nearly $300,000 in disaster relief funds and a broader scheme by one of the defendants to steal more than $1 million in property from a deceased ¦ in the theft of nearly $300,000 in disaster relief funds and a broader scheme by one of the defendants to steal more than $1 million in property from a deceased Rockaway, Queens homeowner. In conjunction with the arrests, DOI issued a Report on BIB and the ¦ an interim investigation examining contractor invoices and field audits, which has resulted so far in savings of approximately $40 million in taxpayer funds. Both BIB and RRP are under DOI’s Integrity Monitorship Program, which proactively oversees integrity issues ¦ put the construction work and its expenditures under a microscope, allowing DOI to take immediate action in saving nearly $40 million in public funds so far. In addition to today’s arrests, DOI’s investigations are ongoing and aimed at ensuring aid righ tfully ¦ falsifying documents and collecting money from the Build It Back program and a ttempting to sell one of the properties for $800,000. I thank DOI Commissioner Peters and his staff for exposi ng the fraud associated with this worthy recovery program meant to ¦ site was halted a fter DOI commenced its investigation, however, BONITSIS had already received construction repa irs valued at $125,802 in November 2015. The investigation found the defendant’s primary residence was held in Brooklyn, N.Y.  JOHN HOLL, 73, of East ¦ the property as his primary residen ce. The application was approved in June 2016, and as a result, HOLL fraudulently obtained $86,560 for reconstruction of the property, when, in fact, the investigation showed his primary residence was held in East Meadow, Nassau",15494,,1
2017-02-22,2017,february,DOI Investigation Leads to Arrest of City Correction Officer on Contraband Charges,https://www.nyc.gov/assets/doi/press-releases/2017/feb/08graham02-22-2017.pdf,"date is scheduled for April 10, 2017. GRAHAM has been employed by DOC since August 2015 and receives an annual base salary of $45,817. He was suspended by DOC upon arrest. According to the criminal complaint and DOI’s investigation, a K9 from DOC’s",4528,,1
2017-02-28,2017,february,"DOI’s Calendar Year 2016 Statistics Show Increase in Investigations, Arrests, and Recommended Reforms",https://www.nyc.gov/assets/doi/press-releases/2017/feb/09CYearend02-28-2017.pdf,"involving prevailing wage theft, leading to the arrest of 19 individuals and 13 companies and the recovery of more than $4 million.  Worked with the Manhattan District Attorney’s Office, and area consulates, to e stablish a giveback program where workers",7130,,1
2017-03-09,2017,march,"Testimony of Mark G. Peters Commissioner, New York City Department of Investigation Concerning the Fiscal Year 2018 Preliminary Budget, Mayor's Fiscal Year 2017 Preliminary Management Report and Agency Oversight Hearings",https://www.nyc.gov/assets/doi/press-releases/2017/mar/FINALDOITestimonyPrelimBudgetHearingMarch92017.pdf,"successful investigations we have announced. First, the budget numbers: DOI's preliminary expense budget for Fiscal Year 2017 is $58.4 million consisting of $31.9 million that supports approximately 422 fulltime staff positions, and $26.5 million for Other Than Personal ¦ have announced. First, the budget numbers: DOI's preliminary expense budget for Fiscal Year 2017 is $58.4 million consisting of $31.9 million that supports approximately 422 fulltime staff positions, and $26.5 million for Other Than Personal Services, such as supplies, ¦ for Fiscal Year 2017 is $58.4 million consisting of $31.9 million that supports approximately 422 fulltime staff positions, and $26.5 million for Other Than Personal Services, such as supplies, equipment and space. Included in the $31.9 million for Personal Services is ¦ staff positions, and $26.5 million for Other Than Personal Services, such as supplies, equipment and space. Included in the $31.9 million for Personal Services is $5.8 million Intra-City funding, such as the funding for Memoranda of Understanding with nine City ¦ for Other Than Personal Services, such as supplies, equipment and space. Included in the $31.9 million for Personal Services is $5.8 million Intra-City funding, such as the funding for Memoranda of Understanding with nine City agencies that support 94 positions. In",8284,,1
2017-03-16,2017,march,"A.G. Schneiderman Announces Guilty Plea of Former Non-Profit Employee for Diverting $400,000 for Personal Use",https://www.nyc.gov/assets/doi/press-releases/2017/mar/AGOHopeCommunity-03-16-17.pdf,"A.G. Schneiderman Announces Guilty Plea Of Former Non-Profit Employee For Diverting $400,000 For Personal Use Former Human Resources Manager Of Hope Community Inc. Will Be Sentenced To 1-3 Years In Prison NEW YORK—Attorney ¦ Human Resources Manager of the non-profit Hope Community, Inc., Chantel Rodriquez Pierre, for using her position to steal over $400,000 from the organization. Hope Community owns and operates low-income housing in Manhattan and is currently under contract with the ¦ low-income housing in Manhattan and is currently under contract with the New York City Department of Homeless Services for $8.9 million over five years to operate a homeless shelter for families. Rodriquez Pierre admitted that from June 2014 to February 2016, she",3207,,1
2017-03-21,2017,march,"Former City Tax Auditor Indicted for Allegedly Stealing Over $243,000 from Sheriff’s Office Trust Accounts",https://www.nyc.gov/assets/doi/press-releases/2017/mar/wilson_kasara_ind_3_14_2017.pdf,"FOR IMMEDIATE RELEASE Tuesday, March 21, 2017 Former City Tax Auditor Indicted for Allegedly Stealing over $243,000 from Sheriff’s Office Trust Accounts Deposited Checks to Personal Account and Spent Money on Plastic Surgery, High-End Fashion, ¦ by the New York City Sheriff’s Office has been charged with grand larceny and related counts for allegedly stealing over $243,000 from Trust Accounts that were under her authority. After depositing checks to her personal accounts, she allegedly used the money ¦ attempted grand larceny and an administrative code violation for failure to account to comptroller. She was ordered held on a $20,000 bond and to return to court on March 29, 2017. The defendant faces up to 15 years in prison if convicted of the top count with ¦ without permission or authorization, deposited checks written from the Queens County Sheriff’s Trust Account in the amounts of $4,871, $7,800, $104,804 and $38,585 into her personal accounts with Municipal Credit Union and JP Morgan Chase. In September 2014, she ¦ permission or authorization, deposited checks written from the Queens County Sheriff’s Trust Account in the amounts of $4,871, $7,800, $104,804 and $38,585 into her personal accounts with Municipal Credit Union and JP Morgan Chase. In September 2014, she allegedly ¦ or authorization, deposited checks written from the Queens County Sheriff’s Trust Account in the amounts of $4,871, $7,800, $104,804 and $38,585 into her personal accounts with Municipal Credit Union and JP Morgan Chase. In September 2014, she allegedly ¦ deposited checks written from the Queens County Sheriff’s Trust Account in the amounts of $4,871, $7,800, $104,804 and $38,585 into her personal accounts with Municipal Credit Union and JP Morgan Chase. In September 2014, she allegedly deposited an $87,593 ¦ into her personal accounts with Municipal Credit Union and JP Morgan Chase. In September 2014, she allegedly deposited an $87,593 check from the Kings County Sheriff’s Trust Account into her personal account. The total of all five checks was $243,654. In May",5022,,1
2017-03-28,2017,march,NYCHA Is Still Failing to Remove Dangerous Criminals from Public Housing,https://www.nyc.gov/assets/doi/press-releases/2017/mar/10NYCHAMOU03-27-17wreport.pdf,,11831,,1
2017-03-30,2017,march,Corruption in the Supplemental Nutitional Assistance Program at the Human Resources Administration,https://www.nyc.gov/assets/doi/press-releases/2017/mar/AbrahamSNAPBenefitsTheft_PressRelease_Report03-30-17.pdf,"ADMINISTRATION EMPLOYEE CHARGED WITH INSIDE SCHEME TO STEAL PUBLIC BENEFITS City Employee and Co-Conspirator Stole Approximately $59,000 in Supplemental Nutrition Assistance Program Benefits Earmarked for Needy New Yorkers A complaint was unsealed today in United ¦ Human Resources Administration’s Office of Research and Program Monitoring, and William Hopkins, with stealing approximately $59,000 in benefits earmarked for the Supplemental Nutrition Assistance Program (“SNAP”) and Temporary Aid to Needy Families Program ¦ filed documents, the charges against the defendants stem from an investigation that began when one SNAP recipient noticed $56 worth of benefits had been withdrawn from her SNAP electronic benefits transfer card (“EBT”) without her permission. The ¦ and purchase baby formula, which he sold to bodegas for cash. In total, the defendants Abraham and Hopkins stole approximately $53,000 in SNAP benefits and $6,000 in TANF benefits. 2 “As alleged, the defendants used Mahalia Abraham’s position as an HRA employee to ¦ which he sold to bodegas for cash. In total, the defendants Abraham and Hopkins stole approximately $53,000 in SNAP benefits and $6,000 in TANF benefits. 2 “As alleged, the defendants used Mahalia Abraham’s position as an HRA employee to access the personal ¦ its assistance during the course of this year-long investigation. “This case began with a complaint from a recipient who noticed $56 in SNAP benefits missing from her account and ultimately led DOI to uncover tens of thousands of dollars in fraud, according to ¦ account numbers of individuals and families on public assistance. Through this theft, Abraham and Hopkins stole approximately $60,000 earmarked for needy New Yorkers and left their victims without food assistance for some time. INVESTIGATION In April 2016, a New ¦ 2016, a New York City resident re ceiving public assistance through HRA (Client A) filed a complaint with DOI alleging that $56 in SNAP benefits in her account was used without her permission. Client A further informed DOI th at she had physical possession",14069,,1
2017-03-31,2017,march,Third Annual Report: Inspector General for the NYPD,https://www.nyc.gov/assets/doi/press-releases/2017/mar/11OIGNYPDAnnualReport03-31-17wReport.pdf,,14140,,1
2017-04-04,2017,april,DOI Statement on the Sentencing of a Former Human Resources Administration Employee on Public Assistance Fraud and Other Charges,https://www.nyc.gov/assets/doi/press-releases/2017/apr/12PeraltaSentencing04-04-17.pdf,"to 90 months in federal prison for charges including Conspiracy to Commit Wire Fraud in connection with the theft of more than $600,000 in cash assistance benefits, and other unrelated charges involving a narcotics trafficking scheme. DOI’s role focused on the ¦ benefits to individuals who were not entitled to receive them. PERALTA was also ordered, upon release from prison, to pay $675,000 in restitution to HRA. The case was highlighted in DOI’s 2015 Report, detailing various schemes to defraud HRA. A copy of the ¦ August 2014, in connection with DOI’s investigation. At the time of her termination, Peralta was receiving an annual salary of $42,346. DOI’s investigation showed between 2008 and 2011, PERALTA was linked to over 800 fraudulent benefit issuances to approximately ¦ account information, which was then used to issue the fraudulent benefits. PERALTA ’s scheme resulted in the theft of more than $600,000 of public funds. DOI Commissioner Peters thanked Joon H. Kim , Acting United States Attorney for the Southern District of New",4125,,1
2017-04-06,2017,april,"Statement by Manhattan District Attorney Cyrus R. Vance, Jr., and DOI Commissioner Mark G. Peters on Anniversary of Carlos Moncayo’s Death",https://www.nyc.gov/assets/doi/press-releases/2017/apr/STATEMENTBYMANHATTANDISTRICTATTORNEYCYRUSR-VANCE-JR-4-6-17.pdf,"role in causing Mr. Moncayo’s death, contractor Harco Construction and subcontractor Sky Materials were each sentenced to pay a $10,000 fine—the maximum penalty for any company convicted of a felony in New York State. “A $10,000 fine is but a rounding error on a ¦ were each sentenced to pay a $10,000 fine—the maximum penalty for any company convicted of a felony in New York State. “A $10,000 fine is but a rounding error on a multi-million dollar building contract. To honor Mr. Moncayo and protect workers like him, New",1344,,1
2017-04-07,2017,april,Brooklyn Medical Clinics Pumped Over 6.3 Million Narcotic Painkillers onto Black Market and Billed Millions of Dollars in Fraudulent Medicaid and Medicare Reimbursements,https://www.nyc.gov/assets/doi/press-releases/2017/apr/PressRelease_20170407.pdf,"over 3.7 million oxycodone pills between early 2012 and early 2017 and ordering reimbursed procedures, generating over $16 million in revenue. Indicted PM MEDICAL practitioners prescribed over 2.6 million pills between mid-2013 and early 2017, and ordered ¦ prescribed over 2.6 million pills between mid-2013 and early 2017, and ordered reimbursed procedures generating more than $8 million in revenue. At the height of the conspiracies in 2016, the three clinics conducted a total of more than 1,600 office visits per ¦ Attorney’s Office provided 4 crucial assistance in developing this aspect of the investigation. FEYGIN’s clinics received over $16 million in reimbursements from Medicaid/Medicare between early 2013 and early 2017, while PM MEDICAL received over $8.6 million between ¦ over $16 million in reimbursements from Medicaid/Medicare between early 2013 and early 2017, while PM MEDICAL received over $8.6 million between 2013 and 2017. Both FEYGIN and MCCLUNG were in the top 10 highest reimbursed providers for all of MetroPlus Health Plan ¦ determined that MCCLUNG, MAKSAKOV and KRASNOU each derived— either personally or through their shell companies—approximately $1 million in checks from PM MEDICAL between August 2013 and July 2016. Similarly, FEYGIN wrote more than $1 million in checks to promote ¦ $1 million in checks from PM MEDICAL between August 2013 and July 2016. Similarly, FEYGIN wrote more than $1 million in checks to promote the continuing illegal activity of PARKVILLE; SMOLITSKY wrote more than $50,000 in checks to promote the ¦ FEYGIN wrote more than $1 million in checks to promote the continuing illegal activity of PARKVILLE; SMOLITSKY wrote more than $50,000 in checks to promote the continuing illegal activity of LF MEDICAL. The Special Narcotics Prosecutor’s Office, DEA, and HIDTA ¦ of LF MEDICAL. The Special Narcotics Prosecutor’s Office, DEA, and HIDTA determined that FEYGIN was provided personally over $2 million in checks from PARKVILLE between September 2012 and September 2016, and $276,000 in checks between January 2015 and June 2016 by",22542,,1
2017-04-07,2017,april,Remarks of DOI Commissioner at Press Conference Announcing Arrests in Connection with Schemes to Defraud Medicaid and Medicare,https://www.nyc.gov/assets/doi/press-releases/2017/apr/13MetroPlusRemarks04-07-2017.pdf,"plan for City residents, MetroPlus, a wholly -owned subsidiary of Health + Hospitals, the City’s public hospital system. Of the $24 million in government healthcare funds paid out to the defendants’ fraudulent operations, more than half went through MetroPlus. These ¦ there was only one goal – to make a profit for these 13 defendants. In total, the defendants’ fraudulent activities netted them $13 million in publicly -funded healthcare benefits from MetroPlus. That’s $13 million that would have otherwise gone to the City’s Health + ¦ the defendants’ fraudulent activities netted them $13 million in publicly -funded healthcare benefits from MetroPlus. That’s $13 million that would have otherwise gone to the City’s Health + Hospitals. 2 That’s $13 million in public health funds that could have ¦ healthcare benefits from MetroPlus. That’s $13 million that would have otherwise gone to the City’s Health + Hospitals. 2 That’s $13 million in public health funds that could have paid for: • 120,000 breast cancer screenings or • 55,000 colonoscopies or • 264,000",4553,,1
2017-04-24,2017,april,"Former Rikers Island Physician’s Assistant Indicted for Sexual Abuse, Rape and Related Crimes Against Inmates",https://www.nyc.gov/assets/doi/press-releases/2017/apr/30-2017SidneyWilsonindicted.pdf,"Wilson, 60, of 6506 Avenue N, Brooklyn, was arraigned today before Bronx Supreme Court Justic e Ralph Fabrizio. Bail was set at $7,500 and he is due back on July 18,2017 . He was indicted on two counts of thirddegree Rape, two counts of third-degree Criminal",3397,,1
2017-04-28,2017,april,Misuse of City-Owned Vehicles at the New York City Department of Correction,https://www.nyc.gov/assets/doi/press-releases/2017/apr/14-DOCCars04-28-17withrpt_2.pdf,"a nd multiple trips to John F. Kennedy (“JFK”) and LaGuardia airports to transport family.  DC Kuczinski was previously fined $1 ,500 by the Conflicts of Interest Board (“COIB”) for having a subordinate transport him and his family to JFK Airport for a famil ¦ DOC Op. Order 08/13 III.A. 11See Matter of Gregory Gomez COIB 2012-095 where a Human Resources Administration employee was fined $3,750 for using his City vehicle while off-duty to transport his girlfriend to her work location on several occasions and transporting ¦ store on one occasion.; Matter of Martin Brenner COIB 2008-716 where a Director at the Parks Department was demoted and paid an $11,000 fine for using his City vehicle on two occasions to run errands on the weekend and using his City E-ZPass for personal commuting ¦ to run errands on the weekend and using his City E-ZPass for personal commuting purposes which cost the City approximately $40.",18003,,1
2017-04-28,2017,april,Statement from DOI Commissioner Mark G. Peters,https://www.nyc.gov/assets/doi/press-releases/2017/apr/15MGPstment04-28-2017.pdf,,1413,,1
2017-05-02,2017,may,DOI Statement on Conviction of City-Funded Nonprofit Executive and Spouse on Theft Charges,https://www.nyc.gov/assets/doi/press-releases/2017/may/15-UBAtrial_05-02-17.pdf,"(“DOI”) issued the following statement today on the convictions after a jury trial of two defendants charged with more than $500,000 in fraud involving a City-funded not-for-profit that served senior citizens in Upper Manhattan. The former executive director of",4769,,1
2017-05-08,2017,may,Statement from New York City Department of Investigation (“DOI”) Commissioner Mark G. Peters,https://www.nyc.gov/assets/doi/press-releases/2017/may/16DOCStatement05-08-17.pdf,,4123,,1
2017-05-10,2017,may,Construction Company Owner Indicted for Manslaughter,https://www.nyc.gov/assets/doi/press-releases/2017/may/weiss_michael_etal_4_13_2017.pdf,"with two counts of second-degree reckless endangerment and will be arraigned at a later date. Weiss was ordered held on bail of $250,000 bond or $100,000 cash and to return to court on August 9, 2017. He faces up to 15 years in prison if convicted of the top count. ¦ of second-degree reckless endangerment and will be arraigned at a later date. Weiss was ordered held on bail of $250,000 bond or $100,000 cash and to return to court on August 9, 2017. He faces up to 15 years in prison if convicted of the top count. His codefendant ¦ did not have the appropriate licenses with DOB to apply for the necessary permits to perform the work he paid the co-defendant $10,000 to sign the work permit applications and insurance certificates as general contractor. The Acting District Attorney said that, ¦ at the site, then applied for coverage hours after the collapse. He also allegedly committed tax fraud by failing to report $75,000 in income on his state tax returns. Based on this unreported income he owed state taxes of $4,310 and unlawfully received a ¦ fraud by failing to report $75,000 in income on his state tax returns. Based on this unreported income he owed state taxes of $4,310 and unlawfully received a refund of $3,686. He thereby stole $7,996 from the NYS Department of Taxation and Finance. The case was ¦ on his state tax returns. Based on this unreported income he owed state taxes of $4,310 and unlawfully received a refund of $3,686. He thereby stole $7,996 from the NYS Department of Taxation and Finance. The case was investigated by Chief of Investigations ¦ Based on this unreported income he owed state taxes of $4,310 and unlawfully received a refund of $3,686. He thereby stole $7,996 from the NYS Department of Taxation and Finance. The case was investigated by Chief of Investigations with the DOI Buildings",11282,,1
2017-05-10,2017,may,DOI Commissioner Mark Peters' Remarks at the Press Conference with the Brooklyn District Attorney's Office Regarding Indictment of Unlicensed Builder in Worker Death,https://www.nyc.gov/assets/doi/press-releases/2017/may/17MyrtleAve05-10-17.pdf,,5204,,1
2017-05-19,2017,may,DOI Commissioner Mark Peters Delivers Remarks at 23rd Annual Seminar on Ethics in New York City Government,https://www.nyc.gov/assets/doi/press-releases/2017/may/18ethics-conference05-19-17.pdf,,3700,,1
2017-05-24,2017,may,Former President and CEO of New York City Nonprofit Organization Charged with Fraud and Embezzlement Offenses,https://www.nyc.gov/assets/doi/press-releases/2017/may/Derek-Broomes-Release-SDNY.pdf,"based in Harlem, New York (the “Housing Nonprofit”). BROOMES is charged with fraud, embezzlement, and misappropriating more than $800,000 from a federally funded program intended to provide housing to low-income individuals living with HIV and AIDS. BROOMES was ¦ “As alleged, Derek Broomes, the former president and CEO of a non-profit organization, abused his position to divert more than $800,000 in public funds designed to assist low-income citizens living with HIV/AIDS. By his scheme to enrich himself at the expense of ¦ by the Program. In fiscal year 2014, which ran from July 2013 through June 2014, the Housing Nonprofit received approximately $1,590,845.67 in SSHP funds. In fiscal year 2015, which ran from July 2014 through June 2015, the Housing Nonprofit received approximately ¦ in SSHP funds. In fiscal year 2015, which ran from July 2014 through June 2015, the Housing Nonprofit received approximately $1,552,378.01 in SSHP funds from the City. Beginning in at least 2013, BROOMES abused his position as president and CEO of the Housing ¦ approximately March 2013, when the Corporate Credit Card was issued, and March 2015, when it was cancelled, BROOMES charged $394,145.65 to the Corporate Credit Card. Of that, an analysis conducted by the Housing Nonprofit determined that at least $243,907.35 in ¦ $394,145.65 to the Corporate Credit Card. Of that, an analysis conducted by the Housing Nonprofit determined that at least $243,907.35 in charges were either personal or otherwise unauthorized. To cover those expenditures and other operating expenses at the ¦ To cover those expenditures and other operating expenses at the Housing Nonprofit, BROOMES misappropriated more than $800,000 in federal funds that were provided through the SSHP. Specifically, BROOMES diverted the SSHP funds, which were intended to be ¦ expenses, including the monthly Corporate Credit Card bills. For example, in July 2014, the Housing Nonprofit received a $284,000 advance from the SSHP intended to be used exclusively to cover Program expenses. Instead, that same day, BROOMES directed the",8332,,1
2017-06-08,2017,june,DOI Commissioner Mark G. Peters Keynote Remarks for the Center for the Advancement of Public Integrity’s Global Cities Conference II,https://www.nyc.gov/assets/doi/press-releases/2017/jun/2017-06-08-CAPIRemarks.pdf,,14853,,1
2017-06-08,2017,june,NYC Department of Correction Officer Pleads Guilty to Engaging in Criminal Sex Act with Inmate in Rikers Island Jail,https://www.nyc.gov/assets/doi/press-releases/2017/jun/2017-06-08-JoseCome-Pleads.pdf,,2081,,1
2017-07-14,2017,july,Former NYC Correction Officer Sentenced to a Year in Jail for Taking Bribes to Smuggle Contraband into Rikers Island,https://www.nyc.gov/assets/doi/press-releases/2017/jul/2017-07-14-CO-James-Brown-sentenced-for-contraband.pdf,"Justice George Villegas to one year in jail. Brown pleaded guilty to third-degree Bribe Receiving on June 1, 2017 for accepting $700 from Dene Morris to bring the contraband to her husband, Shane Morris, who was being held in the Otis Bantum Correctional Center.",2352,,1
2017-07-28,2017,july,An Assessment of NYPD's Handling of U Visa Certification Requests,https://www.nyc.gov/assets/doi/press-releases/2017/jul/2017-07-28-U-Visa-Rpt-Release.pdf,,12546,,1
2017-08-02,2017,august,New York City Health and Hospitals Employee Charged with Possessing Child Pornography,https://www.nyc.gov/assets/doi/press-releases/2017/aug/2017-08-02-Sherlock-SDNY.pdf,,3790,,1
2017-08-03,2017,august,Theft of Funds by the Former Procurement Director of the Richmond County District Attorney's Office,https://www.nyc.gov/assets/doi/press-releases/2017/aug/2017-08-03-NelsonRelease-Rpt.pdf,"Fraudulently Purchased Hundreds of Personal Items in Scheme to Defraud the Richmond County District Attorney’s Office of Over $440,000 A ten-count indictment was unsealed today in the United States District Court for the Eastern District of New York charging ¦ of Investigation (DOI). As alleged in the indictment, for approximately 10 years between 2006 and 2016, Nelson stole over $440,000 from the RCDA as part of a long-term scheme to defraud the RCDA of funds. Specifically, Nelson used two RCDA American Express ¦ Procurement Director of RC DA, with theft of government funds and mail fraud.1 As charged in the indictment, Nelson stole over $440,000 in City funds from RCDA between 2007 and 2016 by using agency credit cards for personal expenditures. As charged in the ¦ deficiencies in RCDA’s past fiscal practices, and sets forth DOI’s recommendations. II. William Nelson Misappropriated More Than $440,000 in City Funds from RCDA. DOI initiated its investigation after RCDA identified questionable transactions during a reconciliation ¦ purchases. As charged in the indictment and set forth in public filings, Nelson used the RCDA AMEX cards to misappropriate over $440,000 in City f unds. DOI’s investigation uncovered vendor records, social media posts by Nelson, and agency records that confirmed ¦ RCDA AMEX credit cards to purchase a variety of personal goods and services including but not limited to the following:  Over $72,000 in vacation expenses such as ai rfare, lodging, meals, and excursions for Nelson and his family, including for trips to Disney ¦ DOI previously arrested Nelson on June 6, 2017, and RCDA charged Nelson with grand larceny in the second degree. 2  Over $100,000 on an extensive knife collection.  Over $99,000 in personal items from the online vendor Amazon.com Inc. and other vendors, ¦ and RCDA charged Nelson with grand larceny in the second degree. 2  Over $100,000 on an extensive knife collection.  Over $99,000 in personal items from the online vendor Amazon.com Inc. and other vendors, including items such as clothing, jewelry, watches,",13680,,1
2017-08-16,2017,august,NYC Department of Correction Officer Pleads Guilty to Smuggling Scalpels Commonly Used in Slashings into Rikers Island,https://www.nyc.gov/assets/doi/press-releases/2017/aug/2017-08-16-Kevin-McKoy-Plea.pdf,"a Correction Officer assigned to the Anna M. Kross Center (AMKC) Quad “12 Upper” housing area, received bribes totaling at least $10,000 for bringing in scalpels wrapped in duct tape to avoid metal detectors, K2, (synthetic marijuana) and suboxone (opioid) strips to",4252,,1
2017-08-17,2017,august,DOI Statement on Conviction of City Correction Officer in Cover Up,https://www.nyc.gov/assets/doi/press-releases/2017/aug/2017-08-17-calypso.pdf,"30, 2017 . He began working at DOC on August 2014 and has been suspended since his arrest. He receives an annual base salary of $76,500. T o date, DOI’s investigations into DOC have resulted in the arrest of 43 Correction Officers and other DOC staff. DO I Co",2976,,1
2017-08-17,2017,august,Former Officials of Central United Talmudic Academy Indicted in $3 Million Fraud Scheme,https://www.nyc.gov/assets/doi/press-releases/2017/aug/2017-08-17-CUTA-Indictment-Press-Release.pdf,"United States Attorney’s Office (718) 254-6323 PRESS RELEASE FORMER OFFICIALS OF CENTRAL UNITED TALMUDIC ACADEMY INDICTED IN $3 MILLION FRAUD SCHEME Defendants Fraudulently Submitted Reimbursement Claims for School Meals That Were Never Served A five-count ¦ others, at-risk children. In total, Porges and Lowy, based on their false representations, fraudulently obtained approximately $3 million in reimbursement payments to CUTA. 2 “Former CUTA Executive Director Porges and Assistant Director Lowy allegedly obtained $3 ¦ in reimbursement payments to CUTA. 2 “Former CUTA Executive Director Porges and Assistant Director Lowy allegedly obtained $3 million from a federal program designed to fund meals for needy children by claiming to have served meals they did not serve, thus ¦ to do the same,” stated Assistant Director-in-Charge Sweeney. “Instead, they allegedly falsified documents to gain approximately $3 million in reimbursement for meals that were never served. To defraud programs designed to help those in need is simply inexcusable, and",5130,,1
2017-08-17,2017,august,Two NYC Department of Correction Officers Indicted for Assaulting Inmate and Falsifying Reports to Cover Up Attack,https://www.nyc.gov/assets/doi/press-releases/2017/aug/2017-08-17-Cardoza-Nervi-indicted.pdf,,4354,,1
2017-09-14,2017,september,Staten Island Couple Charged with Hurricane Sandy Relief Fraud,https://www.nyc.gov/assets/doi/press-releases/2017/sep/Elsilimy_fraud_arrest_press_release.pdf,"Office (718) 254-6323 PRESS RELEASE STATEN ISLAND COUPLE CHARGED WITH HURRICANE SANDY RELIEF FRAUD Defendants Obtained $750,000 from Relief Programs Intended for Residents Displaced by the Superstorm A criminal complaint was unsealed today in federal court ¦ (FEMA) and the United States Department of Housing and Urban Development (HUD) in connection with their obtaining more than $750,000 in disaster relief from New York City’s Build It Back program (BIB) and FEMA in the aftermath of Hurricane Sandy. The defendants ¦ their primary residence at the time the superstorm devastated New York and New Jersey. The defendants unlawfully obtained over $750,000 in aid intended for people displaced by the storm. Elsilimy was arrested this morning, and her initial appearance is scheduled ¦ months. Evidence obtained in the investigation suggests that the defendants fraudulently obtained federal aid totaling more than $750,000 based upon their misrepresentations in applications to FEMA, HUD and BIB, the New York City program established with federal",5526,,1
2017-09-27,2017,september,DOI Statement on Prison Sentences for City-Funded Nonprofit Executive and Spouse in Connection with More Than Half-Million-Dollar Theft,https://www.nyc.gov/assets/doi/press-releases/2017/sep/21-UBAsentencing_09-27-17.pdf,"of Investigation (“DOI”) issued the following state ment tod ay on the prison sentences of two defendants charged with more than $500,000 in fraud involving a City-funded not-for-profit that served senior citizens in Upper Manhattan. KWAME INSAIDOO, the former",4223,,1
2017-10-03,2017,october,Investigation into Fraudulent Parking Placards,https://www.nyc.gov/assets/doi/press-releases/2017/oct/DANY_Release_and_Placard_Summary.pdf,,10841,,1
2017-10-18,2017,october,DOI Investigation Leads to Arrest of Taxi Driver Charged with Falsifying Driving Record to Avoid Suspension of TLC License,https://www.nyc.gov/assets/doi/press-releases/2017/oct/22TLC_Louis _101817_2.pdf,,4321,,1
2017-10-25,2017,october,14 Charged in Separate Construction Schemes Joint Investigation by DOI and Brooklyn District Attorney,https://www.nyc.gov/assets/doi/press-releases/2017/oct/23-KCDA_WireAsbestos_10-25-17.pdf,"Asbestos Investigator (“CAI”) licensed with the New York City Department of Environmental Protection (“DEP”) charged between $1,000 to $3,500 to provide a fraudulent asbestos report, known as an ACP-5, to property managers and developers, stating that a ¦ Investigator (“CAI”) licensed with the New York City Department of Environmental Protection (“DEP”) charged between $1,000 to $3,500 to provide a fraudulent asbestos report, known as an ACP-5, to property managers and developers, stating that a property had no ¦ in the First Degree, a class E felony. BEZA has been employed by DOB since April 2005, and receives an annual base salary of $68,672; MULZAC has been employed by DOB since April 2005 , and receives an annual base salary of $71,515. Each was suspended upon ¦ an annual base salary of $68,672; MULZAC has been employed by DOB since April 2005 , and receives an annual base salary of $71,515. Each was suspended upon arrest. The following property managers and developers were charged in connection with this scheme: ¦ with the City that allowed unlicensed individuals to work on the properties. In return, SAMUELS received a fee of between $1,500 and $2,500 per permit. LMPs are mandated by the City’s construction code to perform the work or directly supervise the work ¦ the City that allowed unlicensed individuals to work on the properties. In return, SAMUELS received a fee of between $1,500 and $2,500 per permit. LMPs are mandated by the City’s construction code to perform the work or directly supervise the work listed on the",11251,,1
2017-10-25,2017,october,DOI Commissioner Mark G. Peters Remarks at Press Conference Announcing Charges Against 14 Individuals in Three Separate Construction-Related Schemes,https://www.nyc.gov/assets/doi/press-releases/2017/oct/24_PetersRemarksKCDAWire_102517.pdf,"making sure that the project did not continue until it was abated. For compromising his integrity, Kogan earned betw een $1,500 and $3,000 for each bogus inspection report. Based on the findings of this investigation, Kogan surrendered his asbestos ¦ sure that the project did not continue until it was abated. For compromising his integrity, Kogan earned betw een $1,500 and $3,000 for each bogus inspection report. Based on the findings of this investigation, Kogan surrendered his asbestos investigator ¦ work themselves, or directly supervise it. Licensed Master Plumber Henry Samuels is charged with selling his license for between $1,500 and $2,000 a job, according to the investigation. We call th is kind of scheme “covering” and it undercuts safety, because the ¦ or directly supervise it. Licensed Master Plumber Henry Samuels is charged with selling his license for between $1,500 and $2,000 a job, according to the investigation. We call th is kind of scheme “covering” and it undercuts safety, because the work that",9633,,1
2017-11-02,2017,november,Doctor and Nurse Practitioner Among Three Defendants Charged in Manhattan Federal Court for Oxycodone and Fentanyl Diversion Scheme,https://www.nyc.gov/assets/doi/press-releases/2017/nov/ErnestoLopezetal_Arrests_PRFINAL.pdf,"the street for large amounts of money. For example, 30-milligram oxycodone tablets have a current street value of approximately $20 to $30 per tablet in New York City, with street prices even higher in other parts of the country. Thus, a single prescription for ¦ for large amounts of money. For example, 30-milligram oxycodone tablets have a current street value of approximately $20 to $30 per tablet in New York City, with street prices even higher in other parts of the country. Thus, a single prescription for 120 ¦ other parts of the country. Thus, a single prescription for 120 30-milligram tablets of oxycodone can net an illicit distributor $2,400 in cash or more. Fentanyl patches are also commonly abused and sold for cash on the street by drug dealers. Because it is much ¦ patches in exchange for cash payments. BAKER assisted LOPEZ in operating two of his medical offices. LOPEZ typically charged $200 to $300 in cash for “patient visits,” where LOPEZ performed no meaningful physical examination of patients. Instead, a typical ¦ in exchange for cash payments. BAKER assisted LOPEZ in operating two of his medical offices. LOPEZ typically charged $200 to $300 in cash for “patient visits,” where LOPEZ performed no meaningful physical examination of patients. Instead, a typical “patient ¦ patches. Between January 2015 and the present, LOPEZ wrote more than 8,000 oxycodone prescriptions, resulting in an estimated $2 million in fees to LOPEZ. BAKER assisted LOPEZ in the diversion of oxycodone and fentanyl. For example, BAKER steered at least one",7523,,1
2017-11-03,2017,november,DOI Follow-Up Investigation Finds Insufficient Inventory Controls Over Large Applicances at NYCHA Facilities,https://www.nyc.gov/assets/doi/press-releases/2017/nov/25NYCHAInventory_11-03-17.pdf,"prior recommendation and is still failing to systemically safeguard and track its large appliance inventory, including over $3 million in annual purchases of refrigerators and stoves. DOI investigators went undercover, either as NYCHA employees 1 or in",15724,,1
2017-11-06,2017,november,DOI Arrest Site Safety Representative on a Charge of Possessing Fraudulent Safety Certificates,https://www.nyc.gov/assets/doi/press-releases/2017/nov/26Tsamos110617.pdf,,5503,,1
2017-11-14,2017,november,Investigation into False Certification of NYCHA Lead Paint Inspections,https://www.nyc.gov/assets/doi/press-releases/2017/nov/27NYCHALeadPaint11-14-2017_UL.pdf,,15931,,1
2017-11-15,2017,november,"Brooklyn Construction Company, Long Beach Owner with Public Contracts to Forfeit $2.5 Million After Pleading Guilty to Underpaying Workers",https://www.nyc.gov/assets/doi/press-releases/2017/nov/pr_msr_plea_11_15_2017.pdf,"IMMEDIATE RELEASE Wednesday, November 15, 2017 Brooklyn Construction Company, Long Beach Owner with Public Contracts To Forfeit $2.5 Million After Pleading Guilty to Underpaying Workers Defendants Allegedly Paid Less than the Prevailing Wage; Five Victims to Receive ¦ Pleading Guilty to Underpaying Workers Defendants Allegedly Paid Less than the Prevailing Wage; Five Victims to Receive Over $700,000 Acting Brooklyn District Attorney Eric Gonzalez, together with New York City Department of Investigation Commissioner Mark G. ¦ today announced that a Brooklynbased construction company and its owner have pleaded guilty to grand larceny for stealing over $700,000 from workers by failing to pay the prevailing wage on public works projects. The projects were financed by the New York City ¦ will receive a conditional discharge. Both will be debarred from public works contracts for five years and agreed to forfeit $2.5 million. Of that amount, over $700,000 will be distributed to five workers; $500,000, including penalties, will go to the state agencies ¦ Both will be debarred from public works contracts for five years and agreed to forfeit $2.5 million. Of that amount, over $700,000 will be distributed to five workers; $500,000, including penalties, will go to the state agencies that were defrauded by ¦ contracts for five years and agreed to forfeit $2.5 million. Of that amount, over $700,000 will be distributed to five workers; $500,000, including penalties, will go to the state agencies that were defrauded by misrepresentations made to the New York State Insurance ¦ defrauded by misrepresentations made to the New York State Insurance Fund and to the New York State Workers’ Compensation Board; $28,000 will go to the New York City School Construction Authority for the cost of its investigation; $45,739 will go to the Office of ¦ Compensation Board; $28,000 will go to the New York City School Construction Authority for the cost of its investigation; $45,739 will go to the Office of the New York State Comptroller for the cost of its investigation; and the remainder will be forfeited to",7789,,1
2017-11-16,2017,november,DOI Investigation Leads to Arrest of City Sanitation Worker and Lifeguard on Charges of Sexual Misconduct,https://www.nyc.gov/assets/doi/press-releases/2017/nov/30Lorenzo_DSNY_DPR_111617.pdf,"by up to fifteen days’ incarceration. LORENZO began working at DSNY in October 1999 and receives an annual base salary of $98,370. LORENZO has also worked as a Lieutenant Lifeguard seasonally since 1990 , making $23.16 per hour , and received an annual ¦ and receives an annual base salary of $98,370. LORENZO has also worked as a Lieutenant Lifeguard seasonally since 1990 , making $23.16 per hour , and received an annual salary of $18, 492 in 2017. LORENZO was suspended by DPR on September 2, 2017 after the alleged ¦ has also worked as a Lieutenant Lifeguard seasonally since 1990 , making $23.16 per hour , and received an annual salary of $18, 492 in 2017. LORENZO was suspended by DPR on September 2, 2017 after the alleged incidents occurred. DOI has notified DSNY of",4170,,1
2017-11-20,2017,november,"Members of Coney island Street Gang Indicted for Murder, Racketeering Conspiracy and Unlawful Use of Firearms",https://www.nyc.gov/assets/doi/press-releases/2017/nov/COOPER_ et _al _RICO_Indictment_112017.pdf,,5241,,1
2017-11-21,2017,november,DOI Investigation Finds Gaps in NYPD's Implementation of 2012 Patrol Guide Revisions for LGBTQ and TGNC People,https://www.nyc.gov/assets/doi/press-releases/2017/nov/31_LGBTQ_ReportRelease_112117.pdf,,13281,,1
2017-11-29,2017,november,NYC Department of Correction Captain Indicted for Assault on Rikers Island Inmate; Four Officers Charged with Coverup,https://www.nyc.gov/assets/doi/press-releases/2017/nov/98_2017_DOC_Captain_4_COs_ indicted.pdf,"Falsifying Business Records. They were arraigned today before Bronx Supreme Court Justice Robert Neary and bail was set at $10,000 for Captain Arkhurst and $5,000 for the officers. They are due back in court on February 28, 2018. If convicted on the top ¦ They were arraigned today before Bronx Supreme Court Justice Robert Neary and bail was set at $10,000 for Captain Arkhurst and $5,000 for the officers. They are due back in court on February 28, 2018. If convicted on the top charge, Captain Arkhurst could face",4537,,1
2017-12-04,2017,december,New York City and State Partners Announce Joint Effort to Combat Wage Theft in the Construction Industry,https://www.nyc.gov/assets/doi/press-releases/2017/dec/MDA_Wage Theft_12-04-2017.pdf,"to ensure workplace safety, root out corruption, and deter fraud in the construction industry. “Every week, New Yorkers lose $20 million in unpa id wages,” said Manhattan District Attorney Cyrus R. Vance, Jr. “And every day, construction workers who risk their ¦ it is my hope that the holidays will be that much brighter for the families of more than 300 New Yorkers who will be receiving $500,000 in back pay owed to them.” Governor Cuomo said: “New York believes in a fa ir day’s pay for a fair day’s work and has zero ¦ to a fair day’s pay for a fair day’s work. My office has zero tolerance for wage theft. Since 2011, we’ve recovered nearly $30 million in stolen wages for more than 21,000 workers – and we’ll continue to ensure that New York’s working families are given the fair ¦ wage violations and stand up for the law.” Joint Wage Theft Initiative In New York State, wage theft accounts for more than $1 billion in lost wages per year and affects tens of thousands of workers. To address this type of fraud, district attorneys from New York ¦ involving multiple jurisdictions have been brought against defendants across New York City and State, accounting for more than $2.5 million in stolen wages affecting over 400 workers. 1 1 The charges contained in the criminal complaints and indictments are merely ¦ Degrees, Scheme to Defraud in the First Degree, and Offering a False Instrument for Filing in the First Degree for stealing over $241,000 from more than 45 construction workers, who were tasked with performing a concrete installation project at a hotel being built in ¦ was convicted of Offering a False Instrument for Filing in the Second Degree for failing to pay near ly 29 workers approximately $90,000 in wages. Assistant District Attorney Carey Ng handled the pr osecution of the case with the assistance of Paralegal Sophia ¦ in the First Degree for submitting false information about the value of its payroll. The company agreed to pay approximately $464,000 in back wages to their workers, which has been paid in full. The same company was also convicted of Manslaughter in the Second",17505,,1
2017-12-04,2017,december,Remarks of DOI Commissioner Mark G. Peters for Announcement of Joint Effort to Combat Wage Theft in the Construction industry,https://www.nyc.gov/assets/doi/press-releases/2017/dec/32WageRemarks_120417.pdf,"than criminal. Two cases that we worked together on with the Brooklyn District Attorney have led to arrests in a total of $1.7 million in wage theft, where the contractors are charged with falsifying payrolls on City construction jobs. In each of these cases, law ¦ investigated with the Manhattan Dist rict Attorney, we found that City Metro Corp. lured crews of workers with the promise of a $45-an-hour job; strung these workers along with a promise to pay them for the work they did; then either did not pay them or",4029,,1
2017-12-05,2017,december,DOI Investigation Leads to Arrest of City Department of Homeless Employee on Charges of Sexual Misconduct,https://www.nyc.gov/assets/doi/press-releases/2017/dec/33ClydeJohnson_DHS_120517.pdf,"by up to fifteen days’ incarceration. JOHNSON was arraigned in Brooklyn Criminal Court this morning where bail was set at $8,000 and his next court date is scheduled for December 8, 2017. To protect the victims in this case, two orders of protection have ¦ has worked for DHS as a Community Coordinator and Housing Specialist since July 2015 and earns an annual salary of approximately $57,916. DHS has suspended JOHNSON. According to the criminal complaint and DOI’s inve stigation, the four charged incidents in Brooklyn",4620,,1
2017-12-06,2017,december,DA Vance: Landlord Pleads Guilty for Creating Life-Threatening Conditions at East Harlem Apartment Building,https://www.nyc.gov/assets/doi/press-releases/2017/dec/Ephraim_Vashovsky_Plea_Release_120617.pdf,,6022,,1
2017-12-08,2017,december,"DOI Investigation Leads to Three Arrests on Charges of Stealing Nearly $200,000 in Rental Subsidies From NYCHA in Separate Schemes",https://www.nyc.gov/assets/doi/press-releases/2017/dec/34Grijalba_Section8_120817.pdf,"FRIDAY, DECEMBER 8, 2017 NICOLE TURSO (212) 825-5931 DOI INVESTIGATION LEADS TO THREE ARRESTS ON CHARGES OF STEALING NEARLY $200,000 IN RENTAL SUBSIDIES FROM NYCHA IN SEPARATE SCHEMES Mark G. Peters , Commissioner of the New York City Department of Investigat ¦ Transportation Authority’s (“MTA”) New York Ci ty Transit (“NYCT”) on charges they defrauded NYCHA out of approximately $198,000 in unwarranted rental subsidies, as part of two separate schemes, while they lived in homes they purchased in Orange County. ¦ after she moved out of the apartment in 2009 and into a home she and her domestic partner purchased in Middletown, N.Y. for $270,000. The investigation revealed that MILAGROS GRIJALBA also concealed the presence of her domestic partner in the Section 8 ¦ partner in the Section 8 apartment since 2004 and the income he earned. MILAGROS GRIJALBA’s conduct resulted in NYCHA overpaying $84,527 in Section 8 rental subsidies between June 2004 and May 2016. In a separate investigation, DOI found that NEREIDA GRIJALBA moved ¦ moved out of her Section 8 apartment in the Bronx in 2012 and into a home she and DIAZ purchased in Port Jervis, N.Y for $280,000. After 2 moving out, NEREIDA GRIJALBA sublet her apartment to an unauthorized occupant for approximately $1,000 a month, ¦ N.Y for $280,000. After 2 moving out, NEREIDA GRIJALBA sublet her apartment to an unauthorized occupant for approximately $1,000 a month, according to the charges. DOI also found that NEREI DA GRIJALBA and DIAZ concealed DIAZ’s presence in the Section 8 ¦ that NEREI DA GRIJALBA and DIAZ concealed DIAZ’s presence in the Section 8 apart ment and the income he received, approximately $102,703 in 2015 . NEREIDA GRIJALBA and DIAZ’s conduct defrauded NYCHA of $113,570 between October 2010 and July 2016. DOI Commissioner ¦ 8 apart ment and the income he received, approximately $102,703 in 2015 . NEREIDA GRIJALBA and DIAZ’s conduct defrauded NYCHA of $113,570 between October 2010 and July 2016. DOI Commissioner Pet ers thanked the Acting United States Attorney for the Southern District",4990,,1
2018-01-09,2018,january,Brooklyn Assemblywoman Indicted for Multiple Fraud Schemes and Obstructing Justice,https://www.nyc.gov/assets/doi/press-releases/2018/jan/HARRIS_Indictment_Press_Release_10918.pdf,"was at the time the Executive Director of a not-for-profit organization located in Brooklyn, defrauded the NYC Council of nearly $23,000 in discretionary funding by falsely claiming that the not-for-profit would use the funds to rent a studio space. As part of her ¦ rental space. In fact, when the not-for-profit received the discretionary funding, the defendant diverted the funds—this time, $11,400—for her personal use. FEMA Fraud Scheme. Between 2012 and 2014, the defendant defrauded FEMA out of nearly $25,000 by falsely ¦ time, $11,400—for her personal use. FEMA Fraud Scheme. Between 2012 and 2014, the defendant defrauded FEMA out of nearly $25,000 by falsely claiming to FEMA she had been forced out of her residence by Hurricane Sandy. The defendant represented to FEMA that ¦ protection in the United States Bankruptcy Court in Brooklyn. The defendant, who at the time of her filing was receiving $1,550 each month from FEMA based on the misrepresentations described above, told the Bankruptcy Trustee that she was receiving $1,200 a ¦ $1,550 each month from FEMA based on the misrepresentations described above, told the Bankruptcy Trustee that she was receiving $1,200 a month in financial assistance from the same landlord that she told FEMA she was paying $1,550 a month in rent. Neither ¦ Trustee that she was receiving $1,200 a month in financial assistance from the same landlord that she told FEMA she was paying $1,550 a month in rent. Neither statement was true. Obstruction of Justice and Witness Tampering. Finally, between March 2017 and May",7889,,1
2018-01-11,2018,january,"Two Bronx Daycare Workers Indicted for Stealing Nearly $130,000 From Non-Profit Organization",https://www.nyc.gov/assets/doi/press-releases/2018/jan/04-2018_NewGrindley_Indicted_11118.pdf,"04-2018 For Immediate Release January 11, 2018 TWO BRONX DAYCARE WORKERS INDICTED FOR STEALING NEARLY $130,000 FROM NON-PROFIT ORGANIZATION One Defendant Allegedly Used Funds for Clothes, A Funeral Bronx District Attorney Darcel D. Clark ¦ “The defendants betrayed the trust of the organization they had long been board members of , together allegedly stealing nearly $130,000. Their reckless actions contributed to the closing of this daycare, resulting in children and workers who had to be placed in ¦ New, who was the chairperson of the board of the East Tremont Head Start Alumni Day Care Center , improperly used approximately $100,000 of the Center’s funds. The defendant allegedly frequently withdrew money from the Center’s account from ATM machines and made ¦ to the investigation, starting in 2013, Grindley, who was on the board as the daycare’s treasurer, allegedly received more than $29,000 from the nonprofit. The case is being prosecuted by Assistant District Attorney Miriam Bell-Blair, Director of the Immigrant",4364,,1
2018-01-16,2018,january,Queens Couple Charged with Illegal Conversion of Elmhurst Home into Single Room Occupancy Residences,https://www.nyc.gov/assets/doi/press-releases/2018/jan/chimbays_01_16_2018.pdf,"and had unlawfully converted into five single room occupancies (“SROs”), for which they were collecting rents of between $750 and $1,400 a month, payable in cash, from the tenants living there despite having been served with a City order requiring the ¦ had unlawfully converted into five single room occupancies (“SROs”), for which they were collecting rents of between $750 and $1,400 a month, payable in cash, from the tenants living there despite having been served with a City order requiring the tenants to ¦ accountable.” Buildings Commissioner Rick D. Chandler said, “Renting illegal apartments can not only cost badactor landlords $50,000 or more in fines, but it can also cost them their freedom. Illegal apartments often lack basic safety standards, such as having",7054,,1
2018-01-19,2018,january,NYCHA Public Safety Failures Connected to Gang and Narcotics Activity at Sheephead/Nostrand Houses,https://www.nyc.gov/assets/doi/press-releases/2018/jan/02SheepsheadNostrand_Report_011918.pdf,,13894,,1
2018-01-23,2018,january,DOI Investigation Leads to Arrest of City Correction Officer on Contraband Charges,https://www.nyc.gov/assets/doi/press-releases/2018/jan/03Riles_012318.pdf,"RILES has been employed by DOC as a Correction Officer since December 2016 and receives an annual base salary of approximately $43,042. DOC suspended RILES upon arrest. According to the criminal complaint and DOI’s investigation, on Sunday, January 21, 2018 ,",3673,,1
2018-01-29,2018,january,Former President and CEO of City-Funded Nonprofit Organization Pleads Guilty to Federal Fraud Charges,https://www.nyc.gov/assets/doi/press-releases/2018/jan/04BroomesPlea01292018_UL.pdf,"which carries a maximum term of imprisonment of ten years. According to DOI’s investigation, since 2013, BROOMES stole more than $200,000 in funds from HCCI using a corporate credit c ard issued in his name to purchase luxury items, including electronics and",4105,,1
2018-02-01,2018,february,DOI Commissioner Mark G. Peters' Remarks on Fraud Arrests involving Certified Asbestos Investigators,https://www.nyc.gov/assets/doi/press-releases/2018/feb/06MGPRemarks_02018.pdf,,9082,,1
2018-02-01,2018,february,Widespread Criminal Investigation Results in Arrests of 17 Certified Asbestos Investigators Exposing Numerous Fraudulent Inspection in Two New York City Boroughs,https://www.nyc.gov/assets/doi/press-releases/2018/feb/05Asbestos_Report_02018.pdf,,17024,,1
2018-02-02,2018,february,DOI Investigation Leads to Re-Arrest of a City Department of Homeless Services Employee on Sexual Misconduct Charges,https://www.nyc.gov/assets/doi/press-releases/2018/feb/07ClydeJohnsonrearrest_020218.pdf,"has worked for DHS as a Community Coordinator and Housing Specialist since July 2015 and earns an annual salary of approximately $57,916. DHS has suspended JOHNSON. According to the criminal complaint and DOI’s investigation, the charged incident took place in",4733,,1
2018-02-05,2018,february,"Contractor Who Admitted Shortchanging Workers on New York City Housing Authority Construction Project Pays $650,000 Restitution",https://www.nyc.gov/assets/doi/press-releases/2018/feb/KCDAreleaseEEC_02052018.pdf,"February 5, 2018 Contractor Who Admitted Shortchanging Workers on New York City Housing Authority Construction Project Pays $650,000 Restitution Paid Less Than Half the Prevailing Wage and Pocketed the Rest Brooklyn District Attorney Eric Gonzalez and Department ¦ who worked on a construction project in Brooklyn that was financed by the New York City Housing Authority (NYCHA) has paid $650,000 in restitution to those who were cheated out of wages. The defendant instructed the workers to lie to integrity inspectors about ¦ grand larceny on September 27, 2017, before Brooklyn Supreme Court Justice Danny Chun. They were ordered to make restitution of $650,000, which was paid last week. Dayan was sentenced by Justice Chun today to three years’ probation and EEC was sentenced to a ¦ District Attorney said that on December 19, 2013, defendant Dayan, as president and owner of EEC Group Tech Inc., submitted an $8 million bid to NYCHA for a contract to preform exterior restoration and roofing replacement at two Brooklyn housing developments: the ¦ were obligated to pay federal DavisBacon prevailing wages to all workers. The hourly rates, including benefits, ranged from $61.50 to $82.31. After 40 hours a week, the contract required wages of time-and-a-half the straighttime rate. NYCHA employed an ¦ obligated to pay federal DavisBacon prevailing wages to all workers. The hourly rates, including benefits, ranged from $61.50 to $82.31. After 40 hours a week, the contract required wages of time-and-a-half the straighttime rate. NYCHA employed an integrity ¦ stated that the defendants had paid all workers the correct wages. It is alleged that, in reality, the workers were paid between $15 and $25 per hour and some were not paid for all the weeks of work. In an attempt to evade discovery of the scheme, defendants ¦ the defendants had paid all workers the correct wages. It is alleged that, in reality, the workers were paid between $15 and $25 per hour and some were not paid for all the weeks of work. In an attempt to evade discovery of the scheme, defendants Miah and",5203,,1
2018-02-06,2018,february,DOI Investigation Finds Non-Compliance by NYPD with New Use-of-Use Reporting Requirements,https://www.nyc.gov/assets/doi/press-releases/2018/feb/08Use_of_Force_Report_020618.pdf,,16100,,1
2018-02-08,2018,february,New York City Correction Officers Charged with Smuggling Narcotics into City Prison Facilities,https://www.nyc.gov/assets/doi/press-releases/2018/feb/pr_doc_ indictment_020818.pdf,,4454,,1
2018-02-21,2018,february,Takedown of Illegal Monopoly That Dominated Towing Industry Citywide,https://www.nyc.gov/assets/doi/press-releases/2018/feb/22118TowTrucksSCARelease.pdf,"collision work to companies controlled by STEININGER and his co-defendants in exchange for a quarterly fee of approximately $20,000 and a portion of the proceeds from resulting insurance claims. This agreement was overseen by CARL FAVA, 58, and GEORGE ¦ Office’s Asset Forfeiture Unit is also filing a lawsuit against the indicted defendants seeking the forfeiture of more than $19 million associated with the alleged scheme. Assistant D.A. Guy Tardanico and Assistant D.A. Denise Vasel are handling the prosecution of",14427,,1
2018-02-22,2018,february,Announcement on Arrest of Former New York City Council Candidate Albert Alvarez,https://www.nyc.gov/assets/doi/press-releases/2018/feb/AGO_Alvarez_022218.pdf,"CITY COUNCIL CANDIDATE ALBERT ALVAREZ Felony Complaint Alleges that Alvarez Knowingly Accepted Straw Donations, Stole at Least $4,500 in NYC Public Matching Funds NEW YORK – Attorney General Eric T. Sc hneiderman and Comptroller Thomas P. DiNapoli today announced ¦ Campaign Finance Board. In addition to accepting and falsely submitting the straw donations, Alvarez allegedly stole at least $4,500 in public matching funds as a result of the straw donations submitted to the NYCCFB; the straw donations were all made at a level ¦ against dozens of individuals implicated in public corruption schemes around the state – resulting in the re turn of over $11 million in restitution to taxpayers through these convictions. The Division of Investigations conducted the investigation for the Office",4840,,1
2018-02-26,2018,february,"DOI Releases 2017 Statistics Showing Gains in Arrests, Investigations, and Reforms Strengthening City Operations",https://www.nyc.gov/assets/doi/press-releases/2018/feb/11DOIStats02-26-2018.pdf,"the findings of an interim investigation examining contractor invoices and field audits that so far has saved approximately $40 million in taxpayer funds;  A former Human Resources Manager at a nonprofi t that provided low income housing services who was ¦ former Human Resources Manager at a nonprofi t that provided low income housing services who was convicted of stealing more than $400,000 for her personal use and sentenced to 1 to 3 years for Grand Larceny in the Second Degree and or dered to pay restitution in the ¦ a City-funded nonprofit execut ive and spouse in connection with the theft of more than a half-million dollars;  Uncovering a $3 million fraud scheme in partnership wi th the United States Attorney’s Office of the Eastern District involving the submission of ¦ wage investigations that included the recovery and reimbursement of wages to workers on school construction sites of more than $1.2 million dollars;  A report on the use of fraudulent parking placards and related arrests;  DOI continued its investigation into City ¦ resulting in 2017 in the arrests of seven City employees, 14 gu ilty pleas, and court-ordered restitution totaling more than $432,000; and  A detailed report on how high-level managers at DOC, including the agency’s Commissioner, misused their City-issued",11311,,1
2018-02-27,2018,february,Defendant Who Operated Shadow Utility Company that Illegally Installed Gas Meters Pleads Guilty to Enterprise Corruption,https://www.nyc.gov/assets/doi/press-releases/2018/feb/findlay_weldon_plea_22718.pdf,,5243,,1
2018-03-13,2018,march,DOI Investigation Leads to Arrest of City Correction Department Employee for Providing False Information About Gang Affiliations on Employment Application,https://www.nyc.gov/assets/doi/press-releases/2018/mar/12_Riley_DOC_03-13-18.pdf,"RILEY has been employed by DOC as a Legal Coordinator since August 2015 and receives an annual base salary of approximately $46,804. DOC suspended RILEY upon arrest. According to the criminal complaint and DOI’s investigation, RILEY submitted t wo applicant",5339,,1
2018-03-22,2018,march,Two New York City Employees Charged in Manhattan Federal Court with Theft of Government Funds and Wire Fraud,https://www.nyc.gov/assets/doi/press-releases/2018/mar/sdny_ericluna_32218.pdf,,3661,,1
2018-03-27,2018,march,DOI Statement on NYPD's Response to Our Findings on NYPD's Special Victims Division - Adult Sex Crimes,https://www.nyc.gov/assets/doi/press-releases/2018/mar/14DOIResponse_32718.pdf,,2383,,1
2018-03-29,2018,march,"A.G. Schneiderman Announces Indictment in Bid-Rigging Scheme, Charging Two Defendants with Colluding to Fix Construction Prices for Luxury Brooklyn Building",https://www.nyc.gov/assets/doi/press-releases/2018/mar/AGOBidRigging_32918.pdf,"Violations Chierchio – A Reputed Genovese Mafia “Soldier” – Also Charged with Criminal Tax Fraud for Attempting to Evade Over $94,000 in Personal Income Tax Liability NEW YORK – Attorney General Eric T. Schneiderman today announced the arrest and indictment of ¦ Baltic Street in Brooklyn. Chierchio is also charged with Criminal Tax Fraud – a class C felony – for his alleged ev asion of $94,094 of personal income taxes owed since April 2016. “We have zero tolerance for crooks who try to game the system to line their",4644,,1
2018-03-30,2018,march,Former Officials of Central United Talmudic Academy in Brooklyn Plead Guilty to $3 Million Fraud Scheme,https://www.nyc.gov/assets/doi/press-releases/2018/mar/LowyandPorgesGuiltyPleas_33018_.pdf,"Attorney’s Office (718) 254-6323 PRESS RELEASE FORMER OFFICIALS OF CENTRAL UNITED TALMUDIC ACADEMY IN BROOKLYN PLEAD GUILTY TO $3 MILLION FRAUD SCHEME Defendants Submitted Fraudulent Reimbursement Claims for School Meals That Were Never Served Earlier today, at the ¦ institutions in providing meals to, among others, at-risk children. In total, Porges and Lowy, fraudulently obtained more than $3 million in reimbursement payments to CUTA. 2 At their guilty plea proceedings, Porges and Lowy admitted to submitting the inflated meal ¦ the inflated meal counts on behalf of Central UTA. As part of their plea agreements, Porges and Lowy are required to reimburse $3,256,338.68 to the USDA in restitution. Lowy is also required to pay restitution in the amount of $98,407.21 for food stamp and child care ¦ are required to reimburse $3,256,338.68 to the USDA in restitution. Lowy is also required to pay restitution in the amount of $98,407.21 for food stamp and child care benefits he improperly obtained from New York City agencies. When sentenced, Porges and Lowy each",3123,,1
2018-04-04,2018,april,Statement From New York City Department of Investigation,https://www.nyc.gov/assets/doi/press-releases/2018/apr/17DOIstment_40418.pdf,,1275,,1
2018-04-05,2018,april,"DA Vance: Construction Company, Principals Plead Guilty to Stealing Workers' Wages",https://www.nyc.gov/assets/doi/press-releases/2018/apr/CityMetroCorpPlea_40518.pdf,"2018 leongr@dany.nyc.gov DA VANCE: CONSTRUCTION COMPANY, PRINCIPALS PLEAD GUILTY TO STEALING WORKERS’ WAGES Workers to be Repaid $95,000 in Full Restitution Manhattan District Attorney Cyrus R. Vance, Jr. today announced the guilty plea of CITY METRO CORP., and the ¦ to Scheme to Defraud in the First Degree, and as part of their guilty plea, the defendants agreed to repay the workers the full $95,000 estimated to be stolen. “Whether it’s withholding overtime, misclassifying workers, or not paying them outright, wage theft is a ¦ protect workers’ rights and livelihoods.” As admitted in the defendants’ guilty pleas, NIKOLIS and CAGGIANO stole approximately $95,0000 from well over two dozen CITY METRO CORP. workers who were hired to perform a concrete installation project at a hotel being ¦ funds necessary to pay the employees' wages. Criminal Justice Investment Initiative Last year, District Attorney Vance invested $1.6 million in a new program administered by the New York Committee for Occupational Safety and Health (NYCOSH) to end the disproportionate ¦ NIKOLIS, D.O.B. 6/1/1956 Queens, NY Convicted: • Scheme to Defraud in the First Degree, a class E felony, 1 count Sentenced: • $47,500 restitution • Conditional discharge ANTHONY CAGGIANO, D.O.B. 5/8/1963 Long Island, NY Convicted: • Scheme to Defraud in the First ¦ D.O.B. 5/8/1963 Long Island, NY Convicted: • Scheme to Defraud in the First Degree, a class E felony, 1 count Sentenced: • $47,500 restitution • Conditional discharge ### 4 Additional news available at: www.manhattanda.com Follow us on Twitter and Facebook New",6603,,1
2018-04-10,2018,april,DOI Investigation Leads to Arrest of Former Human Resources Administration Employee and Metropolitan Transit Authority Train Operator on Charges of Public Assistance Fraud,https://www.nyc.gov/assets/doi/press-releases/2018/apr/18Batson_41018.pdf,"of the New York City Department of Investigation (“DOI”), announced today the arrest of five individuals for the theft of over $35,500 in public assistance funds, including a former New York City Human Resources Administration (“HRA”) Job Opportunity Specialist ¦ BATSON was employed by HRA as a Job Opportunity Specialist from September 2001 and was receiving an annual salary of $42,346 at the time of her termination in March 2014. According to the criminal complaint s and DOI’s investigation , from December 2003 ¦ and July 2011, SEAN BARNWELL, 40, of Brooklyn, N.Y., was fraudulently issued HRA benefits checks on numerous occasions totaling $ 19,649. DOI found that BARNWELL was issued rental assistance checks as a landlord of several HRA clients when , in fact, he was never ¦ BARNWELL has been employed by the MTA as a Train Operator since February 2003 and earns an annual base salary of approximately $73,500 a year.  Between December 2008 and February 2013 , TERRY BOURNE, 41 of Brooklyn, N.Y., fraudulently received HRA benefits ¦ HRA benefits through BATSON despite BOURNE’s case file missing some or all of the required documentation. BOURNE received $7,324 in fraudulent benefits through E lectronic Benefits Transfer (“EBT”) card issuances and checks. The investigation showed BOURNE ¦ September 2010 , GIAN HAZEL, 54 , of Brooklyn, N.Y. , a family member of BATSON’s, conspired with BATSON to fraudulently receive $1,629 in HRA benefits, including rental and other housing assistance.  Between September 2011 and February 2012 , ALLAN BOURNE, 58, of ¦ DOI found, however, that BOURNE’s household never suffered a fire and BOURNE was not homeless, but rather BOURNE paid BATSON $350 to receive the fraudulent HRA benefits and allowed BATSON to use his EBT card . BOURNE was also charged with Bribery in the Third",8083,,1
2018-04-17,2018,april,DOI Arrests a City Correction Officer on Drug and Contraband Charges,https://www.nyc.gov/assets/doi/press-releases/2018/apr/19prieto04-17-2018.pdf,"object. CO P RIETO has been employed by DOC as a CO since January 2016 and receives an annual base s alary of approximately $48,371. DOC suspended PRIETO after his arrest. DOI Commissioner Peters thanked Bronx County District Attorney Darcel D. Clark and DOC",3747,,1
2018-04-18,2018,april,Procurement Fraud at the Department of Environmental Protection and other Corruption Schemes,https://www.nyc.gov/assets/doi/press-releases/2018/apr/41818ContractingFraudwReport.pdf,"opportunities for his relatives, charitable donations to organizations he managed, and—most significantly—the award of more than $7.5 million in subcontracts to companies that were affiliated with MADU. Known as the “MADU companies,” these businesses were owned or ¦ to hide his control of the company. Moreover, by falsely maintaining the company’s DBE status, SIMCO was able to obtain over $10 million in public contracts that it would otherwise not be entitled to obtain. As a secondary part of the scheme, on several occasions, ¦ that HAKS would later be awarded public works contracts. For example, in 2013, at least five HAKS employees each contributed $250 to Mayor Bill de Blasio’s campaign. In 2013, at least six employees donated between $150 and $250 to mayoral candidate William ¦ five HAKS employees each contributed $250 to Mayor Bill de Blasio’s campaign. In 2013, at least six employees donated between $150 and $250 to mayoral candidate William Thompson’s campaign. AHMAD was listed as the so-called “intermediary” for each ¦ employees each contributed $250 to Mayor Bill de Blasio’s campaign. In 2013, at least six employees donated between $150 and $250 to mayoral candidate William Thompson’s campaign. AHMAD was listed as the so-called “intermediary” for each contribution. In ¦ AHMAD. In filings submitted to the New York City Campaign Finance Board, HENLEY claimed to have made an in-kind contribution of $868.03 for the event, and affirmed that we not being reimbursed for it. However, the day after the event, financial records show that ¦ that we not being reimbursed for it. However, the day after the event, financial records show that HENLEY received a check for $868.03—the exact amount of the contribution—drawn on a joint account in AHMAD’s wife’s name. The Manhattan District Attorney’s Office’s ¦ The Manhattan District Attorney’s Office’s Asset Forfeiture Unit is also filing two civil forfeiture actions seeking a total of $177,609,293 from the indicted defendants. Assistant D.A. Diana Florence, Senior Investigative Counsel and Attorney-in Charge of the",16118,,1
2018-04-23,2018,april,Former Procurement Director of Staten Island District Attorney's Office Pleads Guilty to Embezzling Government Funds,https://www.nyc.gov/assets/doi/press-releases/2018/apr/NelsonGuiltyPlea_42318.pdf,"GOVERNMENT FUNDS Defendant Fraudulently Purchased Personal Items in Scheme to Defraud the District Attorney’s Office of Over $440,000 Earlier today, at the federal courthouse in Brooklyn, William Nelson, former Director of Procurement at the Richmond County ¦ County District Attorney’s Office (RCDA), pleaded guilty to theft of government funds relating to his embezzlement of over $440,000 from the RCDA. The plea was entered before United States Magistrate Judge Cheryl L. Pollak. Richard P. Donoghue, United States ¦ the indictment and facts presented during the guilty plea, for approximately 10 years between 2006 and 2016, Nelson stole over $440,000 from the RCDA as part of a long-term scheme to defraud the RCDA of funds. Specifically, Nelson used two RCDA American Express ¦ of his fraudulent personal expenditures. 2 As part of his plea agreement, Nelson is required to pay forfeiture in the amount of $441,262.30, as well as restitution in the same amount to the RCDA. When sentenced, the defendant faces up to 10 years’ imprisonment. The",2673,,1
2018-05-16,2018,may,"DA Vance, Partners Announce Criminal Charges in Multimillion Dollar Wage Theft and Insurance Fraud Case",https://www.nyc.gov/assets/doi/press-releases/2018/may/ParksideandAffinity_ManDARelease_51618.pdf,"VANCE, PARTNERS ANNOUNCE CRIMINAL CHARGES IN MULTIMILLION DOLLAR WAGE THEFT AND INSURANCE FRAUD CASE Defendants Stole More Than $1.7 Million From 500+ Laborers who Performed Dangerous Construction Work on High-Profile Projects Defendants Also Hid More Than $40 Million ¦ $1.7 Million From 500+ Laborers who Performed Dangerous Construction Work on High-Profile Projects Defendants Also Hid More Than $40 Million in Payroll As Part of Workers’ Compensation Insurance Fraud Scheme Manhattan District Attorney Cyrus R. Vance, Jr., New York ¦ and an external payroll processing company, AFFINITY HUMAN RESOURCES, LLC, for schemes involving the theft of more than $1.7 million in wages, as well as workers’ compensation insurance fraud totaling approximately $7.8 million. The defendants are charged in a ¦ involving the theft of more than $1.7 million in wages, as well as workers’ compensation insurance fraud totaling approximately $7.8 million. The defendants are charged in a New York State Supreme Court indictment with Insurance Fraud in the First Degree, Grand Larceny ¦ included PARKSIDE CONSTRUCTION BUILDERS CORP., PARKSIDE CONSTRUCTION CONTRACTORS INC., and GS&F ENTERPRISES LLC, stole more than $1.7 million from employees through a wage theft scheme with the assistance of AFFINITY HUMAN RESOURCES, LLC (“AFFINITY”), a professional ¦ Hotel at 215 Chrystie Street, and • Jarmulowsky Bank Hotel at 9 Orchard Street. In total, the contracts represented more than $100 million in income for PARKSIDE CONSTRUCTION, whose business, on-site operations, and payroll were jointly managed by co-owners FRANCESCO ¦ taxes and unemployment insurance contributions. During the period charged in the indictment, the defendants stole more than $1.7 million from at least 520 workers who were not compensated for work that they performed at construction sites throughout the city. ¦ Fraud Scheme Between March 2014 and October 2017, PARKSIDE CONSTRUCTION, its owners, and senior employees also hid more than $40 million in payroll from NYSIF in order to maintain the workers’ compensation coverage at fraudulently low premiums. In New York State,",15068,,1
2018-05-16,2018,may,DOI Commissioner Remarks for Press Conference on Wage Theft Arrests,https://www.nyc.gov/assets/doi/press-releases/2018/may/23MGPRemarks_Parkside_5162018.pdf,"impact that construction fraud has in New York City. In t his case, it stole the hard -earned wages from construction workers, $1.75 million in wages, according to the charges. Parkside Construction and its co -defendants manipulated these workers by teasing them with ¦ nature of this charged co nduct and how many unsuspecting workers it entrapped. One worker, for instance, had nearly $50,000 in wages stolen from him over a three-year period. Working alongside prosecutors, DOI interviewed dozens of workers and executed",4471,,1
2018-05-17,2018,may,DOI Launches 2018 'Shine A Light On Shady Behavior' Campaign in the City Subways,https://www.nyc.gov/assets/doi/press-releases/2018/may/24Campaign_51718.pdf,,3337,,1
2018-05-30,2018,may,DOI Announces Initiative to Strengthen Anti-Fraud Training at NYC's Social Services Agencies,https://www.nyc.gov/assets/doi/press-releases/2018/may/25Training_53018.pdf,"issues involving City-funded nonprofits. Over the coming months, DOI will conduct these trainings at agencies that oversee $3.8 billion in City-funded nonprofit human services ’ contracts, specifically the City Department for the Aging (“DFTA”), City ¦ from DOI investigations. Nonprofit organizations must complete the Capacity Building Training to be eligible for more than $10,000 in City Council funding. The Capacity Building Training for Council -Funded Community Partners was designed to provide nonprofit",5594,,1
2018-05-30,2018,may,"Doctor Employed By FDNY at World Trade Center Monitoring Clinics Charged with Stealing $156,757 in UnEarned Salary",https://www.nyc.gov/assets/doi/press-releases/2018/may/ChangArrest_pr_53018.pdf,"Office (718) 254-6323 PRESS RELEASE DOCTOR EMPLOYED BY FDNY AT WORLD TRADE CENTER MONITORING CLINICS CHARGED WITH STEALING $156,757 IN UNEARNED SALARY Defendant Was Paid for 220 Days He Falsely Claimed to be at Work Treating Patients Earlier today, a complaint ¦ on 9/11.” “Physicians take an oath to do no harm, but this Fire Department physician violated that code by collecting more than $150,000 in public funds for nearly a year's worth of work he didn't perform, according to the charges,” stated DOI Commissioner Peters. ¦ FDNY Deputy Chief Medical Officer showed that he was neither scheduled to work nor see patients. In total, Dr. Chang received $156,757 for work that he did not perform. The World Trade Center Monitoring Clinic and its annexes were partially funded by the federal",3922,,1
2018-06-06,2018,june,"Former Correction Officer, Inmate and Inmate's Girlfriend Indicted in Connection with Alleged Attempt to Smuggle Marijuana into Brooklyn Jail",https://www.nyc.gov/assets/doi/press-releases/2018/jun/gaillard_et_ al_ind_6062018.pdf,"that on April 4, 2018, Gaillard met Pereira on Gallatin Place in Downtown Brooklyn and received a quantity of marijuana and $1,150. It is further alleged that on April 6, 2018, at about 7 a.m., when Gaillard showed up to his regularly-scheduled shift at the",4686,,1
2018-06-06,2018,june,New York City Correction Officer Pleads Guilty to Bribery Conspiracy,https://www.nyc.gov/assets/doi/press-releases/2018/jun/Mizell_GuiltyPlea_60618.pdf,"to Mizell and other correction officers. When sentenced, Mizell faces up to five years in prison, as well as a fine of up to $250,000. The government’s case is being handled by Assistant United States Attorney Erik Paulsen of the Office’s Public Integrity",1817,,1
2018-06-12,2018,june,Former Brooklyn Assemblywoman Pleads Guilty to Multiple Fraud Schemes and Witness Tampering,https://www.nyc.gov/assets/doi/press-releases/2018/jun/HARRIS_guiltyplea_61218.pdf,"in working together to expose and prosecute these crimes.” Between 2012 and 2014, Harris defrauded FEMA out of nearly $25,000 by falsely claiming that she had been forced out of her storm-damaged residence and into a temporary residence in Staten Island ¦ at the time the Executive Director of a not-for-profit organization located in Brooklyn, defrauded the New York City Council of $22,800 in discretionary funding by falsely claiming that the not-for-profit would use the funds to rent a studio space. As part of her ¦ would be spent on rental space. After the funds were disbursed to the not-for-profit, Harris diverted an additional $22,800 for her personal use. During her guilty plea, Harris admitted that she pressured witnesses to lie to FBI agents conducting the",5918,,1
2018-06-18,2018,june,"Brooklyn Construction Company Pleads Guilty to Failing to Pay Employees More Than $303,000 in Owed Wages",https://www.nyc.gov/assets/doi/press-releases/2018/jun/urban_group_plea_6_18_2018.pdf,"FOR IMMEDIATE RELEASE Monday, June 18, 2018 Brooklyn Construction Company Pleads Guilty to Failing to Pay Employees More Than $303,000 in Owed Wages Twenty-One Workers Receive Back Pay from The Urban Group Brooklyn District Attorney Eric Gonzalez, together with ¦ Brooklyn Supreme Court Justice Danny Chun, to one count of second-degree grand larceny. The corporation made full restitution of $303,410.97 and was sentenced to a conditional discharge. The company will be debarred from city contracts for five years. The District ¦ had paid the employees the required prevailing wages and overtime. In reality, the defendant paid the six employees between $10 and $17 per hour without overtime compensation or benefits, instead of the mason tender rate of $62 to $63 per hour. The total ¦ paid the employees the required prevailing wages and overtime. In reality, the defendant paid the six employees between $10 and $17 per hour without overtime compensation or benefits, instead of the mason tender rate of $62 to $63 per hour. The total ¦ the six employees between $10 and $17 per hour without overtime compensation or benefits, instead of the mason tender rate of $62 to $63 per hour. The total underpayment of wages and benefits to the six non-union workers on SCA projects amounted to ¦ six employees between $10 and $17 per hour without overtime compensation or benefits, instead of the mason tender rate of $62 to $63 per hour. The total underpayment of wages and benefits to the six non-union workers on SCA projects amounted to $232,092.98. ¦ of $62 to $63 per hour. The total underpayment of wages and benefits to the six non-union workers on SCA projects amounted to $232,092.98. Additionally, the defendant hired 15 non-union day laborers in 2015 to perform construction-related work at various SCA job ¦ Bronx. Although the workers were performing construction-related tasks at the schools, they were only paid the standard rate of $31 to $38 per hour instead of the trade rate of $64 to $72 per hour. A calculation of the difference in pay amounted to an",4697,,1
2018-06-26,2018,june,Statement on The NYPD's Response to DOI's Investigation of NYPD's Special victims Division-Adult Sex Crimes,https://www.nyc.gov/assets/doi/press-releases/2018/jun/26DOIstmt_62618.pdf,,1431,,1
2018-07-13,2018,july,"Construction Company Pleads Guilty to Manslaughter, Pays Full Restitution to Workers",https://www.nyc.gov/assets/doi/press-releases/2018/jul/pr_SSCHighrise_7132018.pdf,"guilty to Manslaughter in the Second Degree for causing the death of construction worker Juan Chonillo, paid approximately $842,000 in restitution, and was assessed a $10,000 corporate fine, the maximum permitted under New York Law. In a Superior Court ¦ for causing the death of construction worker Juan Chonillo, paid approximately $842,000 in restitution, and was assessed a $10,000 corporate fine, the maximum permitted under New York Law. In a Superior Court Information previously filed in New York State ¦ Information previously filed in New York State Supreme Court, SSC admitted to causing the death of Chonillo, stealing more than $500,000 in wages from more than 50 employees, and underreporting nearly $2 million in payroll. “SSC High Rise stole half a million ¦ to causing the death of Chonillo, stealing more than $500,000 in wages from more than 50 employees, and underreporting nearly $2 million in payroll. “SSC High Rise stole half a million dollars from vulnerable workers, and then robbed Juan Chonillo of his life,” ¦ that after a preventable tragedy like the death of Chonillo—a father of five— the company faces a maximum penalty of just $10,000. This is pennies on the dollar compared to the potential profits on a high- rise construction job in a booming real estate ¦ of five children. Wage Theft Scheme Between August 2011 and September 2017, SSC failed to pay more than 50 workers approximately $517,000 in wages for overtime work over a six-year period. As part of its plea agreement, the company has paid full restitution in the ¦ full restitution in the form of back wages to curr ent and former employees, as well as additional fees totaling approximately $568,700 to the New York State Department of Labor (“DOL”). Insurance Fraud Between March 2014 and November 2016, SSC also underreported ¦ New York State Department of Labor (“DOL”). Insurance Fraud Between March 2014 and November 2016, SSC also underreported nearly $2 million in payroll by paying workers in cash and failing to disclose the company’s actual payroll details. As a result, SSC paid a",10417,,1
2018-07-19,2018,july,"DA Vance, Commissioner Peters: HRA Peace Officer Sentenced to Prison for Sexually Assaulting Woman in Custody",https://www.nyc.gov/assets/doi/press-releases/2018/jul/JohnLugo_Sentencing_71918.pdf,,3319,,1
2018-07-25,2018,july,"Another Construction Company Indicted for Wage Theft, Insurance Fraud",https://www.nyc.gov/assets/doi/press-releases/2018/jul/pr_crv_precast_construction_72518.pdf,"from their workers on City construction projects, failing to pay the legally required prevailing wage and underpaying more than $400,000 in insurance premiums, according to the charges. In trying to skirt these laws for their own benefit, the defendants’ alleged ¦ reports as lesser-skilled concrete laborers instead of ironworkers, the defendants were able to underpay and steal approximately $40,000 from at least four workers. When workers complained about the lower wages, they were informed that they could quit. Insurance ¦ insurance premiums. By underreporting the company’s expected aggregate payroll for 2015-16, CRV underpaid NYSIF approximately $380,000 for the insurance coverage it received. In addition, by misclassifying ironworkers as concrete laborers—who are insured by NYSIF ¦ fraudulently lowered the company’s premium for the insurance year 2016-17. In total, CRV underpaid NYSIF by approximately $410,000 by underreporting payroll and misclassifying workers. In one instance, the defendants provided NYSIF with false information about ¦ the Construction Fraud Task Force, which has secured a number of notable convictions and has previously returned approximately $1.4 million in stolen wages to workers. WhatsApp Manhattan DA: (646) 712-0298 NYS Department of Labor: 1 (888) 4-NYSDOL Assistant D.A. Leah",10357,,1
2018-07-25,2018,july,Staten Island Resident Pleads Guilty to Disaster Relief Fraud,https://www.nyc.gov/assets/doi/press-releases/2018/jul/pr_Elsilimy_Plea_72518.pdf,"254-6323 PRESS RELEASE STATEN ISLAND RESIDENT PLEADS GUILTY TO DISASTER RELIEF FRAUD Defendant Fraudulently Obtained More Than $750,000 from Relief Programs Intended for New York City Residents Displaced by Hurricane Sandy Earlier today, Nagwa Elsilimy pleaded ¦ Elsilimy pleaded guilty at the federal courthouse in Brooklyn to disaster relief fraud in connection with obtaining more than $750,000 in disaster relief from New York City’s Build It Back program and the Federal Emergency Management Agency in the aftermath of ¦ Evidence obtained in the investigation established that Elsilimy fraudulently obtained federal and city aid totaling more than $750,000. When sentenced, Elsilimy faces up to 30 years in prison, as well as a fine of up to $1,500,000. 2 The government’s case is ¦ and city aid totaling more than $750,000. When sentenced, Elsilimy faces up to 30 years in prison, as well as a fine of up to $1,500,000. 2 The government’s case is being handled by the Office’s General Crimes Section. Assistant United States Attorney Elizabeth",2461,,1
2018-08-08,2018,august,Former National Grid Employee Who Helped Facilitate Operation of Shadow Utility Company that Illegally Installed Gas Meters Sentenced to Up to Three Years in State Prison,https://www.nyc.gov/assets/doi/press-releases/2018/aug/bogan_phoebe_sen_80818.pdf,,5573,,1
2018-08-15,2018,august,"NYC DOC Officer, 3 Inmates and Two Others Indicted for Smuggling Marijuana into Rikers Island",https://www.nyc.gov/assets/doi/press-releases/2018/aug/DOC_officer_inmates_indicted_81518.pdf,"Brooklyn; and Meisha Nelson, 27, of Mount Vernon, NY. According to the investigation, Santiago allegedly accepted between $500 and $800 in exchange for bringing an ounce or more of marijuana into the Anna M. Kross Center on each of three occasions in June ¦ and Meisha Nelson, 27, of Mount Vernon, NY. According to the investigation, Santiago allegedly accepted between $500 and $800 in exchange for bringing an ounce or more of marijuana into the Anna M. Kross Center on each of three occasions in June and July",3920,,1
2018-08-30,2018,august,DOI Commissioner Mark G. Peters Issued the Following Statement Today on a Matter at the New York City Housing Authority's Throggs Neck Houses,https://www.nyc.gov/assets/doi/press-releases/2018/aug/27MGPstment_83018.pdf,,1472,,1
2018-08-31,2018,august,"Landlord Who Allegedly Stole Over $8,000 from Brooklyn Tenant After Illegal Eviction Charged with Grand Larceny",https://www.nyc.gov/assets/doi/press-releases/2018/aug/pr_Erez_Yaniv_ind_83018.pdf,"FOR IMMEDIATE RELEASE Friday, August 31, 2018 Landlord Who Allegedly Stole Over $8,000 from Brooklyn Tenant After Illegal Eviction Charged with Grand Larceny Defendant extradited from Florida Brooklyn District ¦ the landlord and manager of several buildings in Brooklyn and Yonkers has been charged with grand larceny for allegedly stealing $8,500 in security deposits and first month’s rent collected from a tenant who he evicted approximately two weeks after the tenant moved ¦ Court on a criminal complaint in which he is charged with third- and fourth-degree grand larceny. He was ordered held on $10,000 cash bail or $15,000 bond and to return to court on September 27, 2018. The defendant was also remanded for 30 days on a previous ¦ complaint in which he is charged with third- and fourth-degree grand larceny. He was ordered held on $10,000 cash bail or $15,000 bond and to return to court on September 27, 2018. The defendant was also remanded for 30 days on a previous criminal contempt ¦ at the tenant’s residence to rent 385 Warwick Avenue, a singlefamily house in East New York. The tenant handed the defendant $6,000 in cash for two months security deposit and a month’s rent. The tenant also gave the defendant a signed blank check to cover the ¦ basement of 385 Warwick Avenue. According to the investigation, the tenant instructed the defendant to make out the check for $1,500, which included two months security and one month’s rent to rent the basement. It is alleged that the defendant wrote out the ¦ included two months security and one month’s rent to rent the basement. It is alleged that the defendant wrote out the check for $2,500 instead of $1,500. When the check bounced, the tenant provided the defendant with another signed check and instructed the ¦ security and one month’s rent to rent the basement. It is alleged that the defendant wrote out the check for $2,500 instead of $1,500. When the check bounced, the tenant provided the defendant with another signed check and instructed the defendant to write it",5340,,1
2018-09-27,2018,september,"DOI Investigation Leads to Arrest of Owner of Security Services Company for More Than $100,000 in Overbilling of The School Construction Authority",https://www.nyc.gov/assets/doi/press-releases/2018/sep/28AbdullateefSanni_SCA_92418.pdf,"27, 2018 NICOLE TURSO (212) 825-5931 DOI INVESTIGATION LEADS TO ARREST OF OWNER OF SECURITY SERVICES COMPANY FOR MORE THAN $100,000 IN OVERBILLING OF THE SCHOOL CONSTRUCTION AUTHORITY Mark G. Peters, Commissioner of the New York City Department of Investigation ¦ (“SCA”) construction sites, on charges of grand larceny and fals ifying paperwork for allegedly overbilling SCA more than $100,000 for security guard services over nearly two and a half years. The Queens County District Attorney’s Office is prosecuting the ¦ certified payroll records for security guards working on SCA construction sites, stating the workers were paid an hourly wage of $12.85 plus an hourly supplemental benefit of $4.56, totaling $17.41 paid to each worker. SANNI also confirmed to investigators in ¦ working on SCA construction sites, stating the workers were paid an hourly wage of $12.85 plus an hourly supplemental benefit of $4.56, totaling $17.41 paid to each worker. SANNI also confirmed to investigators in December 2017 that he in fact paid the hourly ¦ sites, stating the workers were paid an hourly wage of $12.85 plus an hourly supplemental benefit of $4.56, totaling $17.41 paid to each worker. SANNI also confirmed to investigators in December 2017 that he in fact paid the hourly wages and benefits ¦ for all security guards employed by SANNI indicated that most of the employees actually received total compensa tion of between $8.00 and $13. 00 per hour. As a result of this underpayment of wages to workers, SANNI received $100,954 from SCA to which he was not ¦ guards employed by SANNI indicated that most of the employees actually received total compensa tion of between $8.00 and $13. 00 per hour. As a result of this underpayment of wages to workers, SANNI received $100,954 from SCA to which he was not ¦ total compensa tion of between $8.00 and $13. 00 per hour. As a result of this underpayment of wages to workers, SANNI received $100,954 from SCA to which he was not entitled. In addition, according to the criminal complaint, SANNI also allegedly submitted",5432,,1
2018-10-03,2018,october,Multiple Defendants Indicted for Allegedly Concealing Asbestos and Filing False Documents in Connection with Renovation of Four Properties in Greenwood Section of Brooklyn,https://www.nyc.gov/assets/doi/press-releases/2018/oct/KCDA_DOI_Asbestos_100318.pdf,"second-degree reckless endangerment, and willful failure to contribute. Brooklyn Supreme Court Justice Danny Chun set bail at $20,000 cash for Juliano and Casale; $10,000 cash for Schnall and Farkouh; and released Swift without bail. The defendants were ordered ¦ and willful failure to contribute. Brooklyn Supreme Court Justice Danny Chun set bail at $20,000 cash for Juliano and Casale; $10,000 cash for Schnall and Farkouh; and released Swift without bail. The defendants were ordered to return to court on November 28,",4853,,1
2018-10-04,2018,october,Eight Therapists Arrested in Scheme to Defraud Program for Developmentally Disabled Children,https://www.nyc.gov/assets/doi/press-releases/2018/oct/pr_EarlyInterventionProgram_Arrests_100418.pdf,"DEVELOPMENTALLY DISABLED CHILDREN Defendants Allegedly Defrauded the New York State Early Intervention Program Out of More Than $600,000 Through Fraudulent Billing for Therapy Sessions that Never Occurred A criminal complaint was unsealed today in federal court in ¦ Steinberg, Marina Golfo, Ego Onaga, Lyubov Beylina, Danielle Scopinich, Patricia Hakim and Enock Mensah with stealing more than $600,000 in funds from Medicaid and the New York City Department of Health and Mental Hygiene through fraudulent billing practices in",5493,,1
2018-10-05,2018,october,Former New York City Correction Officer Pleads Guilty to Conspiring to Smuggle Contraband into Jail,https://www.nyc.gov/assets/doi/press-releases/2018/oct/pr_Noel_guilty_plea_100518.pdf,"distribution inside the prison. When sentenced, the defendants each face up to five years in prison, as well as fines of up to $250,000. 2 The government’s case is being handled by Assistant United States Attorney Erik Paulsen of the Office’s Public Integrity",2711,,1
2018-10-11,2018,october,DOI Investigation Leads to Arrest of City Correction Officer on Charge of Contraband Smuggling,https://www.nyc.gov/assets/doi/press-releases/2018/oct/29bertrand_10112018.pdf,"BERTRAND has been employed by DOC as a Cor rection Officer since June 2016, receives an annual base salary of approximately $46,042 and was suspended Wednesday after his arrest. According to the criminal complaint and DOI’s investigation, o n Wednesday, October",4402,,1
2018-10-11,2018,october,Manhattan U.S. Attorney Announces Charges Against 5 Doctors and 2 Other Medical Professionals for Illegally Distributing Oxycodone,https://www.nyc.gov/assets/doi/press-releases/2018/oct/pr_cubangbang_arrest_10112018.pdf,"and every fact described should be treated as an allegation. 3 recruited patients, the defendants collected more than $5 million in all-cash office visit fees, which they laundered and divided amongst themselves. CARL ANDERSON, a Staten Island physician, ¦ today in Manhattan federal court, PIETROPINTO wrote thousands of medically unnecessary oxycodone prescriptions in exchange for $50 to $100 in cash per visit. PIETROPINTO wrote these prescriptions to drug-addicted individuals, including one patient who ¦ in Manhattan federal court, PIETROPINTO wrote thousands of medically unnecessary oxycodone prescriptions in exchange for $50 to $100 in cash per visit. PIETROPINTO wrote these prescriptions to drug-addicted individuals, including one patient who overdosed on",15408,,1
2018-10-11,2018,october,Statement By DOI Commissioner Mark G. Peters,https://www.nyc.gov/assets/doi/press-releases/2018/oct/30MGP_WB_10112018.pdf,,1826,,1
2018-10-12,2018,october,DOI Investigation Leads to Arrest of New York City Correction Officer on Charges of Smuggling Contraband Into the Manhattan Detention Complex,https://www.nyc.gov/assets/doi/press-releases/2018/oct/32Stewart10-12-2018.pdf,"STEWART has been employed by DOC as a Correction Officer since June 2017, he receives an annual base salary of approximately $44,333, and was suspended immediately after his arrest. According to the criminal complaint and DOI’s investigation, on October 12, 2018, ¦ ounces, and contained multiple rubber balloons filled with a green leafy substance believed to be marijuana. DOI later recovered $140 in cash from the defendant who indicated he had been paid that sum to bring in the contraband to give to a prisoner. The",5002,,1
2018-10-17,2018,october,Statement From DOI Commissioner Mark G. Peters,https://www.nyc.gov/assets/doi/press-releases/2018/oct/33MGPStmt_10172018.pdf,,2921,,1
2018-10-24,2018,october,Former Brooklyn Assemblywoman Sentenced to Prison for Multiple Fraud Schemes and Witness Tampering,https://www.nyc.gov/assets/doi/press-releases/2018/oct/pr_PamelaHarris_Sentencing _10242018.pdf,"one count of disaster relief fraud and one count of witness tampering. As part of the sentence, the Court imposed restitution of $70,400 and forfeiture of $10,000. Harris was arrested on January 9, 2018, resigned from the New York State Assembly on April 2, 2018 and ¦ fraud and one count of witness tampering. As part of the sentence, the Court imposed restitution of $70,400 and forfeiture of $10,000. Harris was arrested on January 9, 2018, resigned from the New York State Assembly on April 2, 2018 and pleaded guilty on June ¦ were conducting the grand jury investigation into her fraud schemes. Between 2012 and 2014, Harris defrauded FEMA out of nearly $25,000 in temporary relocation funds by falsely claiming that she had been forced out of her Coney Island residence because of damage ¦ January 2017—both before and while she served as a New York State Assemblywoman— Harris defrauded the New York City Council of $45,600 in discretionary funding allocated to Coney Island Generation Gap (CIGG), a not-for-profit organization that she controlled.",5277,,1
2018-11-08,2018,november,DA Vance Partners Announce Assault Charges in Harlem Construction Site Incident; Warn Industry About Increasingly Popular “Mini Cranes”,https://www.nyc.gov/assets/doi/press-releases/2018/nov/DANY.Mini-Crane.11.08.2018.pdf,"the Construction Fraud Task Force, which has secured a number of notable convictions and has previously returned approximately $1.4 million in stolen wages to workers. WhatsApp Manhattan DA: (646) 712-0298 NYS Department of Labor: 1 (888) 4-NYSDOL Assistant D.A.",11703,,1
2018-11-08,2018,november,DOI Commissioner’s Remarks for Manhattan District Attorney’s Press Conference Announcing Arrests in Serious Mini Crane Incident in Harlem,https://www.nyc.gov/assets/doi/press-releases/2018/nov/34MGPremarksMiniCrane_11_08_18.pdf,"City’s construction code and endanger the safety of their workers and New Yorkers. Safety should be worth more than the current $10,000 fine. And I want to thank DOI’s investigative team, including Investigative Inspec tor Ross Hoffman, Chief Investigator James",4538,,1
2018-11-16,2018,november,Statement From DOI Commissioner Mark G. Peters,https://www.nyc.gov/assets/doi/press-releases/2018/nov/35MGPstmt_11162018.pdf,,1567,,1
2018-11-19,2018,november,Statement From DOI Commissioner Mark G. Peters,https://www.nyc.gov/assets/doi/press-releases/2018/nov/36MGPstmet_11192018.pdf,,1233,,1
2018-12-10,2018,december,DOI Commissioner Margaret Garnett Takes Office Today and Announces Executive Team Members,https://www.nyc.gov/assets/doi/press-releases/2018/dec/37MGFirstDayStmt_121018.pdf,,9114,,1
2018-12-12,2018,december,"29 Alleged 'Mac Balla' Gang Members and Associates Indicted for Crimes Including Attempted Murder, Assault, Smuggling Scalpels into Jails",https://www.nyc.gov/assets/doi/press-releases/2018/dec/Bxda_release_macballa_121218.pdf,"upstate prison. Suboxone strips are prescribed to treat heroin addiction but are misused to get high. They sold for in excess of $100 each inside Southport Correctional Facility, an ultra maximum security prison in Pine City, NY. Other indictments charge def",11148,,1
2018-12-12,2018,december,Remarks of DOI Commissioner Margaret Garnett at Press Conference on Indictment of Alleged Gang Members and Associates on an Array of Charges,https://www.nyc.gov/assets/doi/press-releases/2018/dec/38BxPresser_121218.pdf,,3721,,1
2018-12-13,2018,december,Keynote Remarks for DOI Commissioner Margaret Garnett City & State Ethics and Accountability Summit,https://www.nyc.gov/assets/doi/press-releases/2018/dec/39CityState_Remarks_121318.pdf,,8715,,1
2018-12-17,2018,december,A.G. Underwood and DOI Commissioner Garnett Announce Arrest of DEP Inspector Who Accepted Bribes From Asbestos Abatement Contractor,https://www.nyc.gov/assets/doi/press-releases/2018/dec/pr_AGO_DEP_121718.pdf,"Nebedum has been an Inspector with the DEP since May 29, 1990, and during the course of his employment allegedly accepted over $10,000.00 in bribes from a contractor during that time. The complaint alleges that in exchange for these bribes, Nebedum used his position",5723,,1
2018-12-18,2018,december,"A.G. Underwood, Comptroller DiNapoli, And DOI Commissioner Garnett Announce Indictment of Former Non-Profit Director Anna Mendez",https://www.nyc.gov/assets/doi/press-releases/2018/dec/pr_AGO_AnnaMendez_121818.pdf,"DiNapoli, And DOI Commissioner Garnett Announce Indictment Of Former Non-Profit Director Anna Mendez Mendez Allegedly Stole Over $50,000 from Bronx Non-Profit and Falsified Business Records to Conceal the Theft BRONX - Attorney General Barbara D. Underwood, ¦ Daly Avenue location of Tremont Crotona, Inc., which were stored in a safe in her office. Mendez is charged with taking at least $50,000 from the safe over an approximately three-year period for her personal use and to make straw donations to New York politicians. ¦ charges against dozens of individuals implicated in public corruption schemes around the state – resulting in the return of over $11 million in restitution to taxpayers through these convictions. This case is being prosecuted by Assistant Attorney General Kevin B.",4238,,1
2019-01-18,2019,january,"DOI Statement on Sentencing of Former Procurement Director of Staten Island District Attorney’s Office For Embezzling More Than $440,000 in Government Funds",https://www.nyc.gov/assets/doi/press-releases/2019/jan/01WilliamNelsonSentencing_011819.pdf,"DOI STATEMENT ON SENTENCING OF FORMER PROCUREMENT DIRECTOR OF STATEN ISLAND DISTRICT ATTORNEY’S OFFICE FOR EMBEZZLING MORE THAN $440,000 IN GOVERNMENT FUNDS Margaret Garnett, Commissioner of the New York City Department of Investigation (“DOI”) iss ued the following ¦ Director of Procurement at the Richmond County District Attorney’s Office (RCDA) , to 24 months in prison for embezzling over $440,000 from the RCDA. NELSON was ordered to pay full restitution for the amount of the theft. U.S. District Judge Raymond J. Dearie ¦ in this case.” NELSON, 45, of Staten Island, N.Y. , was the Director of Procure ment at RCDA receiving an annual salary of $93,495. He began work at RCDA in June 2005 and resigned in December 2016. He was arrested on federal charges in August 2017 and pleaded ¦ According to the indictment and DOI’s investigation, for approximately 10 years between 2006 and 2016, N ELSON stole over $440,000 from the RCDA as part of a long-term scheme in which NELSON used two RCDA American Express credit cards to purchase items",4467,,1
2019-01-24,2019,january,City Housing Authority Supervisor Charged With Stealing a Kitchen Appliance and Other Equipment From NYCHA's Wagner Houses,https://www.nyc.gov/assets/doi/press-releases/2019/jan/01Torres_01242019.pdf,"items purchased by NYCHA for the Wagner Houses -- were found. The total value of the NYCHA property found in TORRES’ kitchen was $1,355, and TORRES did not have the permission or authority to take that property. Commissioner Garnett thanked Queens County District",4582,,1
2019-02-20,2019,february,Manhattan U.S. Attorney Announces $5.3 Million Proposed Settlement of Lawsuit Against New York City for Fraudulently Obtaining FEMA Funds Following Superstorm Sandy,https://www.nyc.gov/assets/doi/press-releases/2019/Feb/pr_NYCDOT_settlement_22019.pdf,"2019 Jim Margolin, Dawn Dearden, http://www.justice.gov/usao/nys Nicholas Biase (212) 637-2600 MANHATTAN U.S. ATTORNEY ANNOUNCES $5.3 MILLION PROPOSED SETTLEMENT OF LAWSUIT AGAINST NEW YORK CITY FOR FRAUDULENTLY OBTAINING FEMA FUNDS FOLLOWING SUPERSTORM SANDY Geoffrey ¦ Court for review and approval. Under the proposed settlement, the City agreed to pay and revert to the United States a total of $5,303,624 and admitted to conduct alleged in the Government’s complaint, including seeking reimbursement from FEMA for vehicles that were ¦ Department of Investigation and the United States Attorney’s Office for the Southern District of New York, we ensured that over $5.3 million in disaster relief funds were repaid to the United States, and ultimately the U.S. taxpayer. With so many New York residents 2 ¦ of dollars to which it was not entitled. As part of the proposed settlement, the City will pay the United States a total of $5,303,624. Specifically, the City will make a cash payment of $4,126,227.34 and relinquish rights to an additional $1,177,396.66 that FEMA ¦ settlement, the City will pay the United States a total of $5,303,624. Specifically, the City will make a cash payment of $4,126,227.34 and relinquish rights to an additional $1,177,396.66 that FEMA had previously approved for disbursement. During this Office’s ¦ a total of $5,303,624. Specifically, the City will make a cash payment of $4,126,227.34 and relinquish rights to an additional $1,177,396.66 that FEMA had previously approved for disbursement. During this Office’s investigation, the City withdrew another $3,196,376 in ¦ $1,177,396.66 that FEMA had previously approved for disbursement. During this Office’s investigation, the City withdrew another $3,196,376 in indemnity requests, acknowledging that the costs were ineligible for reimbursement. In connection with the proposed",7364,,1
2019-02-22,2019,february,"Chef Turned Restaurant Consultant Indicted for Allegedly Stealing More Than $14,000 From Owners of Bay Ridge Eatery",https://www.nyc.gov/assets/doi/press-releases/2019/Feb/pr_tropepe_vincent_ind_22219.pdf,"FOR IMMEDIATE RELEASE Friday, February 22, 2019 Chef Turned Restaurant Consultant Indicted for Allegedly Stealing More Than $14,000 From Owners of Bay Ridge Eatery Defendant Allegedly Faked Violations and Documentation to Steal Money Brooklyn District Attorney ¦ is charged with grand larceny, criminal possession of a forged instrument and falsifying business records for stealing more than $14,000 from a Bay Ridge restaurant after falsely claiming it had numerous violations. District Attorney Gonzalez said, “The victims in ¦ owed thousands of dollars in fines for delinquent violations. On July 13, 2018, he demanded to be reimbursed and he was given $2,570 by the owners. On August 13, 2018, the defendant demanded an additional $11,650, claiming he laid out that amount to pay fines on ¦ he demanded to be reimbursed and he was given $2,570 by the owners. On August 13, 2018, the defendant demanded an additional $11,650, claiming he laid out that amount to pay fines on the Café’s behalf, and presented the owners with additional paperwork stating",4688,,1
2019-02-22,2019,february,DOI Statement on Federal Jury Conviction of Doctor in Opioid Diversion Scheme,https://www.nyc.gov/assets/doi/press-releases/2019/Feb/03lopez_022219.pdf,,1534,,1
2019-02-26,2019,february,"Former Department of Buildings Cashier Pleads Guilty to Theft of More Than $50,000 From Customers at DOB's Brooklyn Borough Office",https://www.nyc.gov/assets/doi/press-releases/2019/Feb/04Morris_022619.pdf,"FEBRUARY 26, 2019 NICOLE TURSO (212) 825-5931 FORMER DEPARTMENT OF BUILDINGS CASHIER PLEADS GUILTY TO THEFT OF MORE THAN $50,000 FROM CUSTOMERS AT DOB’S BROOKLYN BOROUGH OFFICE Margaret Garnett, Commissioner of the New York City Department of Investigation ¦ at the Brooklyn Borough Office of the New York City Department of Buildings ( “DOB”), on charges of allegedly stealing more than $50,000 in a series of intricate financial transactions involving altering, deleting, and creating DOB records. The investigation began ¦ 500 hours of community service. MORRIS began working at DOB as a Supervising Cashier in 2005 and received an annual salary of $63,641. In January 2017, MORRIS was selected from the New York City Civil Service List for an Administrative Staff Analyst position ¦ Staff Analyst position with the City Department of Homeless Services (“DHS”) and currently receives an annual salary of $76,220. MORRIS was suspended by DHS upon his arrest. According to the c riminal complaint and DOI’s investigation, b etween March 4, ¦ to the c riminal complaint and DOI’s investigation, b etween March 4, 2016 and December 23, 2016, MORRIS stole approximately $54,000 from DOB in cash and money orders through his position as a Supervising Cashier accepting payments to DOB in the Brooklyn Borough",5229,,1
2019-02-28,2019,february,DOI Issues Calendar Yearend 2018 Statistics,https://www.nyc.gov/assets/doi/press-releases/2019/Feb/05CY2018Yearend_22819.pdf,,5614,,1
2019-03-05,2019,march,DOI Investigation Leads to Arrest of Former FDNY Fire Protection Inspector on Charges of Falsifying Inspections,https://www.nyc.gov/assets/doi/press-releases/2019/Mar/06FDNY03-05-2019.pdf,"of the South Bronx. PARMANAN had been an FDNY employee since September 1997 and received an annual salary of approximately $ 53,740 at the time of his retirement in June 2018. DOI Commissioner Garnett thanked Kings County District Attorney Eri c Gonzalez and",7326,,1
2019-03-06,2019,march,"DOI Investigation Leads to Arrest of Two Individuals in Bogus Not-For-Profit Scheme Involving More Than $220,000 Theft",https://www.nyc.gov/assets/doi/press-releases/2019/Mar/07RAGregg03.06.19.pdf,"TURSO (212) 825-5931 DOI INVESTIGATION LEADS TO ARREST OF TWO INDIVIDUALS IN BOGUS NOT-FOR-PROFIT SCHEME INVOLVING MORE THAN $220,000 THEFT Margaret Garnett, Commissioner of the New York City Department of Investigation (“DOI”), announced the arrests today of two ¦ s of a purported City-funded not-for-profit known as Second Chance Resources Group Inc., on charges they stole more than $220,000 in funding provided to the purported nonprofit by the City Department of Health and Mental Hygiene (“DOHMH”) and City Departme nt ¦ the n onprofit was just an elaborate fraud scheme and the only people benefiting were the defendants who pocketed more than $2 20,000, according to the charges. Not only did the defendants bilk City taxpayers through this charged scam; but they expanded ¦ including HIV/AIDS education, couns eling, and addiction treatment. Between 2016 and 2018, Second Chance received approximately $178,400 in funding from DOHMH, and an additional approximately $41,660 in funding from the DYCD. The investigation revealed that Second ¦ Between 2016 and 2018, Second Chance received approximately $178,400 in funding from DOHMH, and an additional approximately $41,660 in funding from the DYCD. The investigation revealed that Second Chance, in fact, provided none of the services for which it had ¦ application for rental assistance from the City’s Human Resources Administration (“HRA”) by falsely claiming that C ARO needed $6,200 in emergency rental assistance to pay her purported landlord, the charity Second Chance. In addition, in 2014 and 2017, G REGG ¦ her purported landlord, the charity Second Chance. In addition, in 2014 and 2017, G REGG failed to report income in excess of $3 ,000 and $1,000 respectively from Second Chance in his personal income tax filings. GREGG was previously convicted of Grand Larc ¦ landlord, the charity Second Chance. In addition, in 2014 and 2017, G REGG failed to report income in excess of $3 ,000 and $1,000 respectively from Second Chance in his personal income tax filings. GREGG was previously convicted of Grand Larc eny in the",7120,,1
2019-03-07,2019,march,Manhattan U.S. Attorney Announces Charges Against Former NYC Department of Homeless Services Police Sergeant for Violating the Constitutional Rights of NYC Resident,https://www.nyc.gov/assets/doi/press-releases/2019/Mar/Cordell-Fitts-Arrest-PR.pdf,,5959,,1
2019-03-07,2019,march,Manhattan U.S. Attorney Files Fraud Suit Against Three Painting Contractors for Lying About Disadvantaged Business Participation on Federal Projects,https://www.nyc.gov/assets/doi/press-releases/2019/Mar/Ahern-Tower-Spectrum-DBE-Fraud-PR.pdf,"by SPECTRUM, a non-DBE. In return for being included in the projects, SPECTRUM paid kickbacks to AHERN in the form of a $10,000 “commission payment” and a free trip to Atlantic City. By repeatedly submitting false statements to the New York City Department ¦ and that TOWER did not hire a subcontractor to perform any of that work. SPECTRUM also paid kickbacks to AHERN in the form of a $10,000 “commission payment” and a free trip to Atlantic City. As a result of the false statements and records, the defendants obtained",7613,,1
2019-03-14,2019,march,Construction Company Executive Indicted for Defrauding New York City School Construction Authority,https://www.nyc.gov/assets/doi/press-releases/2019/Mar/pr_Kumar_Arrest_31419.pdf,,3576,,1
2019-03-15,2019,march,"Former Public Administrator Employee to be Sentenced for Stealing Over $78,000 From Estates of Eight Decedents",https://www.nyc.gov/assets/doi/press-releases/2019/Mar/pr_thompson_fitzroy_sen_3152019.pdf,"FOR IMMEDIATE RELEASE Friday, March 15, 2019 Former Public Administrator Employee to be Sentenced for Stealing Over $78,000 From Estates of Eight Decedents Used Stolen Funds on a Cruise, Bills, Shopping and More Brooklyn District Attorney Eric Gonzalez, ¦ restitution and serve five years’ probation following a 60-day jail term that he began today. He admitted stealing more than $78,000 from the eight deceased individuals whose estates his agency was administering. District Attorney Gonzalez said, “I am committed ¦ or without family members able to administer their estates. Between July 2017 and April 2018, the defendant stole a total of $78,325 in funds from estates being administered by the Public Administrator. The defendant used credit cards and checking accounts ¦ and payments. In January 2018, he booked a cruise with Carnival Cruise Line, using one of the decedent’s credit cards to pay a $2,741 fee, the investigation found. He also used estate funds unlawfully to make ATM withdrawals exceeding $35,000, to make lease ¦ cards to pay a $2,741 fee, the investigation found. He also used estate funds unlawfully to make ATM withdrawals exceeding $35,000, to make lease payments on a 2017 Nissan Pathfinder and a 2016 Nissan Altima, to make rent payments in connection with two",4450,,1
2019-04-01,2019,april,Fifth Annual Report: Office of the Inspector General for the NYPD,https://www.nyc.gov/assets/doi/press-releases/2019/April/08OIGNYPDAnnualReport04-01-19.Release.pdf,,13827,,1
2019-04-04,2019,april,DOI Arrests Licensed Filing Representative on Charges of Submitting Forged Documents to The City Buildings Department in Connection With Dozens of Construction Projects,https://www.nyc.gov/assets/doi/press-releases/2019/April/09Stamp_4042019.pdf,,5690,,1
2019-04-11,2019,april,"DOI Arrests City Correction Officer for Allegedly Stealing More Than $28,000 in Public Housing Rental Subsidies",https://www.nyc.gov/assets/doi/press-releases/2019/April/10DOCTenantFraud04-11-19.pdf,"THURSDAY, APRIL 11, 2019 NICOLE TURSO (212) 825-5931 DOI ARRESTS CITY CORRECTION OFFICER FOR ALLEGEDLY STEALING MORE THAN $28,000 IN PUBLIC HOUSING RENTAL SUBSIDIES Margaret Garnett, Commissioner of the New York City Department of Investigation (“DOI”), ¦ paperwork he submitted to the New York City Housing Authority (“NYCHA”) as a Section 8 tenant in Brooklyn and taking more than $28,000 in rental subsidies to which he was not entitled based on his income. The Office of Kings County District Attorney Eric Gonzalez ¦ Gonzalez said, "" This defendant allegedly withheld the details of his employment and misrepresented his income to access almost $30,000 in rental subsidies reserved for eligible applicants in need of assistance. This taxpayer money should have gone to eligible ¦ SMITH has been employed with DOC as a Correction O fficer since October 2014 and receives an annual base salary of $57,587. According to the criminal complaint, in 2015 SMITH’s gross income was $62,128; in 2016 his gross income was $78,565; and in ¦ 2014 and receives an annual base salary of $57,587. According to the criminal complaint, in 2015 SMITH’s gross income was $62,128; in 2016 his gross income was $78,565; and in 2017 his gross income was $79,372. SMITH was suspended upon his arrest. According ¦ salary of $57,587. According to the criminal complaint, in 2015 SMITH’s gross income was $62,128; in 2016 his gross income was $78,565; and in 2017 his gross income was $79,372. SMITH was suspended upon his arrest. According to the criminal complaint and DOI’s ¦ complaint, in 2015 SMITH’s gross income was $62,128; in 2016 his gross income was $78,565; and in 2017 his gross income was $79,372. SMITH was suspended upon his arrest. According to the criminal complaint and DOI’s investigation, between February 2015 and ¦ at Verizon, when in fact, City records confirmed he was a Correction Officer receiving an annual gross income of between $62,128 and $79,372 between 2015 and 2017 . According to the investigation, a Verizon representative confirmed that Smith ceased working",5283,,1
2019-04-11,2019,april,"DOI Statement on Guilty Plea of Former Human Resources Administration Employee in Theft of More Than $300,000 in Public Funds",https://www.nyc.gov/assets/doi/press-releases/2019/April/11BautaPlea _41119.pdf,"NICOLE TURSO (212) 825-5931 DOI STATEMENT ON GUILTY PLEA OF FORMER HUMAN RESOURCES ADMINISTRATION EMPLOYEE IN THEFT OF MORE THAN $300,000 IN PUBLIC FUNDS Margaret Garnett, Commissioner of the New York City Department of Investigation (“DOI”) , issued the following ¦ conspiracy to commit wire fraud and appeared today in U.S. District Court in Manhattan, in connection with the thef t of over $300,000 in funds from HRA. She is scheduled to be sentenced on July 17, 2019 . Bauta has agreed to forfeit $256,348.46, and pay an ¦ the thef t of over $300,000 in funds from HRA. She is scheduled to be sentenced on July 17, 2019 . Bauta has agreed to forfeit $256,348.46, and pay an additional $312,408.60 in restitution. DOI investigated this matter in partnership with the office of Geoffrey S. ¦ from HRA. She is scheduled to be sentenced on July 17, 2019 . Bauta has agreed to forfeit $256,348.46, and pay an additional $312,408.60 in restitution. DOI investigated this matter in partnership with the office of Geoffrey S. Berman, United States Attorney for the ¦ 2 BAUTA was employed as a Job Opportunity Specialist with HRA since January 2008 and received an annual salary of approximately $46,286 at the time of her resignation in May 2018. BAUTA’s co-conspirators, ERIC GONZALES, 26, of the Bronx, N.Y. and GERLADINE PEREZ,",5668,,1
2019-04-15,2019,april,New York City Prison Bribery and Narcotics Smuggling Prosecution Completed with Sentencing of Last Defendant,https://www.nyc.gov/assets/doi/press-releases/2019/April/NOELetalSentencing04-15-2019.pdf,,4147,,1
2019-04-23,2019,april,DOI Statement on Sentencing of Former New York City Department of Youth and Community Development Employee in Theft of More Than One Hundred City Mobile Phones,https://www.nyc.gov/assets/doi/press-releases/2019/April/12LunaSentencing_42319.pdf,"one hun dred City-purchased mobile phones , which LUNA then diverted and sold online and through other methods for a total of $124,098 in profit. As part of his sentencing, LUNA will forfeit $124,098, and pay an additional $124,098 in restitution to the City . ¦ and sold online and through other methods for a total of $124,098 in profit. As part of his sentencing, LUNA will forfeit $124,098, and pay an additional $124,098 in restitution to the City . U.S. District Judge P. Kevin Castel imposed the sentence in U.S. ¦ other methods for a total of $124,098 in profit. As part of his sentencing, LUNA will forfeit $124,098, and pay an additional $124,098 in restitution to the City . U.S. District Judge P. Kevin Castel imposed the sentence in U.S. District Court for the Southern ¦ fraud. He was e mployed as a Community Coordinator with DYCD since August 2015 and received an annual salary of approximately $61,334 upon his resignation in April 2018. According to the criminal complaint and DOI’s investigation, beginning in August 2015, more ¦ guilty to theft of federal funds on December 7, 2018, and was sentenced to five years’ probation , ordered to pay a fine of $4,000, forfeit $18,000 and ordered to pay restitution in the amount of $18,000. 2 GOLDSHTEYN was employed with the FDNY since August ¦ of federal funds on December 7, 2018, and was sentenced to five years’ probation , ordered to pay a fine of $4,000, forfeit $18,000 and ordered to pay restitution in the amount of $18,000. 2 GOLDSHTEYN was employed with the FDNY since August 2015 and, at the ¦ to five years’ probation , ordered to pay a fine of $4,000, forfeit $18,000 and ordered to pay restitution in the amount of $18,000. 2 GOLDSHTEYN was employed with the FDNY since August 2015 and, at the time of his arrest in March 2018, served as a Certified ¦ and, at the time of his arrest in March 2018, served as a Certified IT Administrator receiving an annual salary of approximately $87,371. He was on leave from the FDNY from August 2018 until he formally left the agency in April 2019. DOI Commissioner Garnett",4959,,1
2019-04-29,2019,april,"Department of Correction Officer, Inmate and Three Civilians Indicted for Smuggling Contraband into Rikers Island",https://www.nyc.gov/assets/doi/press-releases/2019/April/TorrayRiles_Indicted_RikersCO_42919.pdf,,5124,,1
2019-05-06,2019,may,"D.A. Vance, DOI Announce Charges Against DOC Officers Who Illegally Strip Searched Women Visiting manhattan Detention Complex",https://www.nyc.gov/assets/doi/press-releases/2019/may/DOC_VisitorSearch_Arrests_ManDA_50619.pdf,,6987,,1
2019-05-10,2019,may,Former Executive Director Indicted for Embezzling Hundreds of Thousands of Dollars From Queens-Based Non-Profit,https://www.nyc.gov/assets/doi/press-releases/2019/may/pr_SemeoDoe_Indictment_ 5102019.pdf,,4565,,1
2019-05-21,2019,may,Remarks of City Department of Investigation Commissioner Margaret Garnett Regarding Announcement of Charges Involving Affordable Housing Fraud in Brooklyn,https://www.nyc.gov/assets/doi/press-releases/2019/may/14MGRemarksLunaPk05.21.2019.pdf,"of thousands of dollars in bribes, according to the indictment. In just one example from the indictment, a defendant demanded $120,000 in bribe money in exchange for the right to buy a two-bedroom apartment at Luna Park. The case began in 2017 when DOI received",8246,,1
2019-05-21,2019,may,"Three Luna Park Housing Corp. Officials Indicted for Conspiring to Receive Bribes, Forge Documents to Corrupt the Process by Which Mitchell-Lama Apartments are Acquired",https://www.nyc.gov/assets/doi/press-releases/2019/may/luna_park_ind_5_21_2019.pdf,"in which they are charged with conspiracy, grand larceny, forgery and other charges, including accepting approximately $874,000 in bribes to get apartments for ineligible applicants. District Attorney Gonzalez said, “These defendants allegedly conspired to ¦ were in high demand. The defendants allegedly abused their positions at Luna Park by accepting bribes in amounts ranging from $10,000 to $120,000 from applicants for apartments in Luna Park. In exchange for the bribes, the defendants allegedly prepared and ¦ high demand. The defendants allegedly abused their positions at Luna Park by accepting bribes in amounts ranging from $10,000 to $120,000 from applicants for apartments in Luna Park. In exchange for the bribes, the defendants allegedly prepared and submitted to HPD ¦ giving those who paid the bribes priority over otherwise eligible applicants. The defendants allegedly collected a total of $874,000 in cash bribes, involving the transfer of 18 apartments, over the course of the scheme, for which they were indicted. The fair ¦ over the course of the scheme, for which they were indicted. The fair market value of the 18 apartments was approximately $5 million in total. It is alleged that the defendants identified applicants willing to pay cash bribes through word of mouth or by relying ¦ for final approval. Examples of the scheme are as follow:  On January 1, 2013, it is alleged, Zeltser solicited a cash bribe of $93,000 to help a person identified as Witness 4 purchase a three-bedroom apartment. The witness allegedly paid the defendant $10,000 ¦ of $93,000 to help a person identified as Witness 4 purchase a three-bedroom apartment. The witness allegedly paid the defendant $10,000 every two weeks until it was paid in full by April 2014. In exchange, the defendant provided Witness 4 a pre-filled out Luna Park ¦ mother’s name is Ekaterina and she is listed as Ukrainian.  Between March 1 and March 16, 2015, Treybich allegedly solicited a $26,000 cash payment from a person identified as Witness 13 in exchange for helping Witness 13 purchase a three-bedroom apartment in Luna",9772,,1
2019-05-23,2019,may,Keynote Remarks of DOI Commissioner Margaret Garnett Citywide Seminar on Ethics in Government New York Law School,https://www.nyc.gov/assets/doi/press-releases/2019/may/15 MG Remarks COIB Ethics Seminar 05.23.2019.pdf,,14040,,1
2019-06-03,2019,june,Attorney General James and Comptroller DiNapoli Announce Guilty Plea of Former New York city Council Candidate Albert Alverez in Straw Donation Scheme,https://www.nyc.gov/assets/doi/press-releases/2019/jun/AGRelease_Alvarez_60319.pdf,"contribution cards were false, Alvarez submitted them to the New York City Campaign Finance Board (the “CFB”) to steal at least $4,500 in public matching funds. In total, Alvarez received $92,400 in public matching funds. Alvarez agreed to pay back $10,450 in ¦ New York City Campaign Finance Board (the “CFB”) to steal at least $4,500 in public matching funds. In total, Alvarez received $92,400 in public matching funds. Alvarez agreed to pay back $10,450 in restitution and fines as part of his plea deal. The charges filed ¦ least $4,500 in public matching funds. In total, Alvarez received $92,400 in public matching funds. Alvarez agreed to pay back $10,450 in restitution and fines as part of his plea deal. The charges filed in this case are merely accusations and the defendants are ¦ charges against dozens of individuals implicated in public corruption schemes around the state – resulting in the return of over $11 million in restitution to taxpayers through these convictions. The Attorney General would also like to thank the New York City",4753,,1
2019-06-04,2019,june,DOI Arrests Eight Individuals for Submitting Forged Parking Placards in Effort to Have Parking Tickets Dismissed,https://www.nyc.gov/assets/doi/press-releases/2019/jun/16ParkingPlacards_60419.pdf,,7384,,1
2019-06-20,2019,june,"DOI Investigation Leads to Arrest of City Department of Parks and Recreation Employee for Allegedly Stealing More Than $30,000 in Contract Payments",https://www.nyc.gov/assets/doi/press-releases/2019/jun/18Gamory06-20-2019.pdf,"825-5931 DOI INVESTIGATION LEADS TO ARREST OF CITY DEPARTMENT OF PARKS AND RECREATION EMPLOYEE FOR ALLEGEDLY STEALING MORE THAN $30,000 IN CONTRACT PAYMENTS Margaret Garnett , Commissioner of the New York City Department of Investigation (“DOI”), in partnership ¦ (“DPR”), for allegedly using her position with DPR to execute contracts to divert into her own bank accounts more than $30,000 in payments she collected from clients reserving event space in a Queens park. DOI was notified of the allegations by the Parks ¦ GAMORY has been employed by DPR as a Community Associate since December 2005 and receives an annual base salary of approximately $59,363. She was suspended immediately after her arrest. According to the criminal complaint and DOI’s investigation, GAMORY was ¦ her as deposits to reserve the event space, additional payments towards the balance on contracts and other payments . In total, $30,911 in fees and payments were allegedly diverted into GAMORY’s bank accounts. In some cases, the original payee’s name was altered to ¦ contracted in March 2015 with Oak Ridge for a Sweet Sixteen e vent and submitted the following payments to the defendant : a $400 deposit, a security deposit of $800 and the contract balance of $1,050. The $400 was properly deposited into the Forest Park ¦ Ridge for a Sweet Sixteen e vent and submitted the following payments to the defendant : a $400 deposit, a security deposit of $800 and the contract balance of $1,050. The $400 was properly deposited into the Forest Park Trust account. The investigation found ¦ and submitted the following payments to the defendant : a $400 deposit, a security deposit of $800 and the contract balance of $1,050. The $400 was properly deposited into the Forest Park Trust account. The investigation found that three payments from the client ¦ the following payments to the defendant : a $400 deposit, a security deposit of $800 and the contract balance of $1,050. The $400 was properly deposited into the Forest Park Trust account. The investigation found that three payments from the client that",9878,,1
2019-06-26,2019,june,Examination By DOI's Office of The Inspector General for The NYPD Identifies Deficiencies and Recommends Improvements in How NYPD Handles Complaints of Biased Policing,https://www.nyc.gov/assets/doi/press-releases/2019/jun/19BiasRpt_62619.pdf,,16031,,1
2019-06-27,2019,june,Leaders of Brooklyn and Manhattan Chapters of The United Brotherhood of Carpenters Charged in Rampant Admissions-Bribery Scheme,https://www.nyc.gov/assets/doi/press-releases/2019/jun/pr_TagliaferroandDefalcoIndictment_62819.pdf,"DEFALCO and other coconspirators identified prospective members and solicited cash payments from them, often in the amount of $1,500. Then, once prospective members made the payments, DEFALCO sent those individuals’ names to TAGLIAFERRO, who used his authority",7368,,1
2019-07-31,2019,july,"D.A. Vance, NYS Inspector General, NYC DOI Commissioner, Announce Indictment of Non-Profit Head for Stealing $631K from Addicts Rehabilitation Center Foundation and Addicts Rehabilitation Center Fund",https://www.nyc.gov/assets/doi/press-releases/2019/jul/20BautaSentence07.17.19.pdf,"DOI STATEMENT ON THE PRISON SENTENCE OF A FORMER EMPLOYEE OF THE CITY HUMAN RESOURCES ADMINISTRATION FOR THE THEFT OF MORE THAN $300,000 IN PUBLIC FUNDS Margaret Garnett, Commissioner of the New York City Department of Investigation (“DOI”) , issued the following ¦ , who pleaded guilty in 2018 to federal program theft and conspiracy to commit wire fraud in connection with the theft of $312,408 in public funds. Two other co-defendants were sentenced earlier this year for their roles in the scheme. Today, U.S. District ¦ Judge Valerie Caproni sentenced BAUTA to 24 months’ imprisonment with three years’ supervised release and ordered her to pay $312,408 in restitution and forfeit $256,348. BAUTA, 36, of Bronx, N.Y., was employed as a Job Opportunity Specialist with HRA since ¦ BAUTA to 24 months’ imprisonment with three years’ supervised release and ordered her to pay $312,408 in restitution and forfeit $256,348. BAUTA, 36, of Bronx, N.Y., was employed as a Job Opportunity Specialist with HRA since January 2008 and received an annual ¦ N.Y., was employed as a Job Opportunity Specialist with HRA since January 2008 and received an annual salary of approximately $46,286 at the time of her resignation in May 2018. DOI investigated this matter in partnership with the office of Geoffrey S. Berman, ¦ accounts, withdrew the funds, and shared the proceeds with BAUTA. In total, the two schemes resulted in the theft of at least $312,408 in public funds. BAUTA and her co -conspirators, GERALDINE PEREZ and ERIC GONZALES, were arrested in 2018. BAUTA was charged wi ¦ three years of 2 supervised release (six months of which will be served under home confinement). P EREZ was also ordered to pay $233,259 in restitution and forfeit $233,259. GONZALES, 27, of the Bronx, N.Y., pleaded guilty to misdemeanor bank theft and was sentenced ¦ (six months of which will be served under home confinement). P EREZ was also ordered to pay $233,259 in restitution and forfeit $233,259. GONZALES, 27, of the Bronx, N.Y., pleaded guilty to misdemeanor bank theft and was sentenced on June 20, 2 019 to two years’",5207,,1
2019-07-31,2019,july,"D.A. Vance, NYS Inspector General, NYC DOI Commissioner, Announce Indictment of Non-Profit Head for Stealing $631K from Addicts Rehabilitation Center Foundation and Addicts Rehabilitation Center Fund",https://www.nyc.gov/assets/doi/press-releases/2019/jul/7.31.19 Williams Hadnott Barrera Release.pdf,"D.A. VANCE, NYS INSPECTOR GENERAL, NYC DOI COMMISSIONER, ANNOUNCE INDICTMENT OF NON-PROFIT HEAD FOR STEALING $631K FROM ADDICTS REHABILITATION CENTER FOUNDATION AND ADDICTS REHABILITATION CENTER FUND Reginald Williams Charged With Years-Long ¦ (“DOI”) Commissioner Margaret Garnett today announced the indictment of REGINALD WILLIAMS, 67, for stealing more than $631,271 from the Addicts Rehabilitation Center Foundation, Inc. (“ARC Foundation”) and the Addicts Rehabilitation Center Fund Inc. (“ARC ¦ statements made on the record in court, since 2010, WILLIAMS – at times acting in concert with HADNOTT and BARRERA – has stolen $65,432.76 from the ARC Fund, and $565,839.56 from the ARC Foundation through multiple schemes. During one scheme, the ARC Foundation paid ¦ court, since 2010, WILLIAMS – at times acting in concert with HADNOTT and BARRERA – has stolen $65,432.76 from the ARC Fund, and $565,839.56 from the ARC Foundation through multiple schemes. During one scheme, the ARC Foundation paid HADNOTT’s Tondah Consulting Group ¦ from the ARC Foundation through multiple schemes. During one scheme, the ARC Foundation paid HADNOTT’s Tondah Consulting Group $40,000 each year for financial consulting services under WILLIAMS’s direction. In exchange, HADNOTT kicked back approximately 25% to ¦ direction. In exchange, HADNOTT kicked back approximately 25% to WILLIAMS each year between 2010 and 2015, totaling more than $54,000. All but one of these checks were made payable to Alternative Strategies, a shell entity controlled by WILLIAMS, which he used ¦ and after the sale of Heritage House, one of its affordable housing properties. As a result of these schemes, WILLIAMS received $135,000 and BARRERA received $30,000. BARRERA also filed a false document with the New York City Human Resources Administration when ¦ House, one of its affordable housing properties. As a result of these schemes, WILLIAMS received $135,000 and BARRERA received $30,000. BARRERA also filed a false document with the New York City Human Resources Administration when applying for the bridge loans on",7969,,1
2019-08-09,2019,august,Former New York City Correction Officer Pleads Guilty to Conspiring to Smuggle Contraband into Rikers Island Jail,https://www.nyc.gov/assets/doi/press-releases/2019/aug/pr_GordonGuiltyPlea_80919.pdf,"United States District Judge Carol Bagley Amon. When sentenced, Gordon faces up to five years in prison and a fine of up to $250,000. Richard P. Donoghue, United States Attorney for the Eastern District of New York, and Margaret Garnett, Commissioner, New York ¦ the jail. Specifically, co-conspirator 2 told co-conspirator 1 that Gordon was given two “bands,” coded language referring to $2,000, and that co-conspirator 2 had “six balls,” code for six packages of narcotics, for Gordon. On July 30, 2018, when Gordon arrived",3188,,1
2019-08-14,2019,august,DOI Arrests City Sanitation Worker on Charges of Ignoring Traffic Violations and Fines Incurred From Misusing New York State License Plates He Took From The Trash,https://www.nyc.gov/assets/doi/press-releases/2019/aug/21Rivera_81419.pdf,"worker on charges of taking New York State license plates from the trash, affixing them to his car and accumulating more than $17,000 in parking or traffic violations and in unpaid E-ZPass tolls and fees. The license plates in question were found on the ¦ car, City Dep artment of Finance records showed that the license plates accumulated 72 parking or traffic violations, to taling $5,500; and E-Z Pass records showed $1,793.50 in unpaid tolls and $10,600 in unpaid fees. At the time of the violations and unpaid ¦ showed that the license plates accumulated 72 parking or traffic violations, to taling $5,500; and E-Z Pass records showed $1,793.50 in unpaid tolls and $10,600 in unpaid fees. At the time of the violations and unpaid tolls, the license plates were not ¦ plates accumulated 72 parking or traffic violations, to taling $5,500; and E-Z Pass records showed $1,793.50 in unpaid tolls and $10,600 in unpaid fees. At the time of the violations and unpaid tolls, the license plates were not registered to the correct vehicle, or ¦ fines and fees. RIVERA has been employed by DSNY since August 2006 and is curre ntly receiving an annual salary of approximately $77,300. 2 Commissioner Garnett thanked the Office of the Brooklyn Distri ct Attorney, the New York State Department of Motor Vehicles,",4528,,1
2019-08-27,2019,august,Operation Skyfall: AG James Announces Convictions In $3 Million Dollar Loan Fraud And Money Laundering Scheme,https://www.nyc.gov/assets/doi/press-releases/2019/aug/AGO.Martinez.08.27.2019.pdf,"August 27, 2019 Operation Skyfall: AG James Announces Convictions In $3 Million Dollar Loan Fraud And Money Laundering Scheme Kenneth Martinez and Metropolitan Enterprises Convicted for Stealing Over $455,000 ¦ Million Dollar Loan Fraud And Money Laundering Scheme Kenneth Martinez and Metropolitan Enterprises Convicted for Stealing Over $455,000 in Taxes Three Defendants and Three Companies Plead Guilty to Felony Charges and Must Pay a Total of $1.5 Million in Restitution ¦ for Stealing Over $455,000 in Taxes Three Defendants and Three Companies Plead Guilty to Felony Charges and Must Pay a Total of $1.5 Million in Restitution and Judgements Kenneth Martinez, Owner of Metropolitan Enterprises, Sentenced to Three to Nine Years in Prison ¦ October 2013 and April 2015. As part of their guilty pleas, the defendants and their corporations were ordered to pay a total of $1.5 million in restitution and judgments to financial institutions and to New York State. Defendant Martinez was sentenced to three to nine ¦ the Suffolk loan fraud case on October 17, 2019. 2 “The outcome in this case — in which a business and its owner failed to pay $455,000 in sales tax collected from customers — should serve as a warning to all those who blatantly disregard our tax laws,” said New ¦ the defendants must pay restitution and execute confessions of judgments on behalf of the financial institutions, totaling $1.5 million. In addition to the loan fraud scheme, in June 2017, defendants Martinez and Metropolitan entered guilty pleas to Grand Larceny ¦ both defendants executed confessions of judgments for the benefit of the NYS Department of Taxation and Finance, in excess of $455,000. These cases are being prosecuted as part of New York Attorney General’s Combatting Upstate Financial Frauds and Schemes (CUFFS)",9783,,1
2019-09-04,2019,september,"Three Bronx Gang Members Arrested and Charged with Murder, Racketeering, and Firearms Offenses",https://www.nyc.gov/assets/doi/press-releases/2019/aug/SDNY-Gang-Release-09-04-2019.pdf,,5632,,1
2019-09-05,2019,september,"D.A. Vance, NYC DOI Commissioner, NYS Inspector General Announce Indictment of Unlicensed Labor Broker for Million-Dollar Insurance Fraud",https://www.nyc.gov/assets/doi/press-releases/2019/sep/2019-09-05-SouthsideRelease.pdf,"GENERAL ANNOUNCE INDICTMENT OF UNLICENSED LABOR BROKER FOR MILLION-DOLLAR INSURANCE FRAUD Defendants Schemed to Evade More Than $1 Million in Insurance Premiums, Leaving Injured Workers Unable to Pay For Healthcare or Receive Disability Pay Manhattan District ¦ ALMONTE’s companies and lied to insurance carriers about the work being performed by his employees in order to evade more than $1 million in insurance premiums, leaving more than a hundred construction workers underinsured. The defendants are charged in a ¦ treatment or disability pay in a failed effort to keep his scheme under wraps. Over the last three years, my Office has returned $7.4 million in stolen wages to workers, and more 2 than $14 million in unpaid taxes from 104 construction companies to New York State. ¦ scheme under wraps. Over the last three years, my Office has returned $7.4 million in stolen wages to workers, and more 2 than $14 million in unpaid taxes from 104 construction companies to New York State. Together with our partners in the Construction Fraud Task ¦ reduced prices. With the help of ASVAZADOURIAN and his insurance brokerage, the Dorian Agency Ltd., ALMONTE evaded more than $1 million in premiums from the New York State Insurance Fund alone. Workers’ compensation insurance premiums are based on a company’s",8962,,1
2019-09-24,2019,september,"DOI's Office of the Inspector General for the NYPD and NYPD Jointly Announce Improvements to NYPD's Policies, Practices, and Training on Officer Wellness and Safety",https://www.nyc.gov/assets/doi/press-releases/2019/sep/JointRelease.Rpt.Response09-24-2019.pdf,,13524,,1
2019-10-07,2019,october,DOI Arrests Two Contractors on Charges of Offering a Bribe to a City Buildings Inspector,https://www.nyc.gov/assets/doi/press-releases/2019/oct/22ConstructionBribe_10012019.pdf,"matter began with a tip the morning of September 30, 2019, from a DOB Inspector who informed DOI that he had just been offered $400 in exchange for not issuing various DOB violations at 55-43 Myrtle Ave. in Queens. As a result of that report, DOI worked with ¦ ED ALI HASSAN removed a sum of money from his pocket , handed it to ISMAIL MOHAMMAD HASSAN , who then placed that sum of money, $290 in cash, in the DOB Inspector’s hand. The DOB Inspector asked where the extra $100 was that had been previously discussed and ¦ HASSAN , who then placed that sum of money, $290 in cash, in the DOB Inspector’s hand. The DOB Inspector asked where the extra $100 was that had been previously discussed and MOHAMED ALI HASSAN said if the Inspector came back later the defendants would provide",4809,,1
2019-10-07,2019,october,Rikers Island Physical Therapist Indicted for Sexually Abusing Male Inmate,https://www.nyc.gov/assets/doi/press-releases/2019/oct/xx-2019-Carlos-Negron-indicted-sexual-abuse-on-Rikers-inmate.pdf,"second and third-degree Coercion and Official Misconduct before Bronx Supreme Court Justice Margaret Clancy. Bail was set at $25,000 bond, $10,000 cash or ten percent partially secured $50,000 bond. The defendant is due back in court on December 16, 2019. ¦ third-degree Coercion and Official Misconduct before Bronx Supreme Court Justice Margaret Clancy. Bail was set at $25,000 bond, $10,000 cash or ten percent partially secured $50,000 bond. The defendant is due back in court on December 16, 2019. According to the ¦ before Bronx Supreme Court Justice Margaret Clancy. Bail was set at $25,000 bond, $10,000 cash or ten percent partially secured $50,000 bond. The defendant is due back in court on December 16, 2019. According to the investigation, on May 30, 2019, in the West F",3778,,1
2019-10-17,2019,october,"Four Individuals Arraigned on Indictment Charging Them in Bogus Not-For-Profit Scheme Involving Approximately $376,660 in Stolen City Funds",https://www.nyc.gov/assets/doi/press-releases/2019/oct/Not_For_Profit_Scheme_10172019.pdf,"Four Individuals Arraigned on Indictment Charging Them in Bogus NotFor-Profit Scheme Involving Approximately $376,660 in Stolen City Funds **Defendants allegedly misused City funds for personal expenses including vacations, car payments, hot tub ¦ of Stolen Property in the Second Degree, both class C felonies, and related charges, for allegedly stealing approximately $376,660 in funding provided to their purported nonprofit by the City Department of Health and Mental Hygiene (“DOHMH”) and City ¦ courses, and hold community events on Staten Island. Between July 2015 and November 2018, Second Chance received approximately $300,000 in funding from DOHMH, and an additional approximately $41,660 in funding from the DYCD. The investigation revealed that Second ¦ 2015 and November 2018, Second Chance received approximately $300,000 in funding from DOHMH, and an additional approximately $41,660 in funding from the DYCD. The investigation revealed that Second Chance, in fact, provided none of the services for which it had ¦ application for rental assistance f rom the City’s Human Resources Administration (“HRA”) by falsely claiming that Caro needed $6,200 in emergency rental assistance to pay her purported landlord, the charity Second Chance. In addition, in 2015 and 2018, defendant ¦ landlord, the charity Second Chance. In addition, in 2015 and 2018, defendant Renauld Gregg failed to report income in excess of $3,000 and $1,000 respectively from Second Chance in his personal income tax filings. The investigation was conducted by DOI’s Office of ¦ charity Second Chance. In addition, in 2015 and 2018, defendant Renauld Gregg failed to report income in excess of $3,000 and $1,000 respectively from Second Chance in his personal income tax filings. The investigation was conducted by DOI’s Office of the",6693,,1
2019-10-17,2019,october,Three Luna Park Housing Corporation Tenants Arrested for Submitting Forged Documents for Illegal Purchase of Highly Desirable and Affordable Mitchell-Lama Apartments,https://www.nyc.gov/assets/doi/press-releases/2019/oct/luna_tenants_forgery_9172019.pdf,,6814,,1
2019-10-25,2019,october,Bronx Gang Member Charged With Murder,https://www.nyc.gov/assets/doi/press-releases/2019/oct/BronxGangCase_10252019.pdf,,4612,,1
2019-10-25,2019,october,Former Executive Director of Central United Talmudic Academy Sentenced to 24 Months in Prison for School Meals Fraud Scheme,https://www.nyc.gov/assets/doi/press-releases/2019/oct/Porges_Sentencing_102519.pdf,"community service for his leadership role in a multi-million dollar fraud scheme. The Court also ordered Porges to pay more than $3.2 million in restitution to the United States Department of Agriculture and a $150,000 fine. Porges committed this fraud while serving as ¦ The Court also ordered Porges to pay more than $3.2 million in restitution to the United States Department of Agriculture and a $150,000 fine. Porges committed this fraud while serving as the Executive Director of the Central United Talmudic Academy (Central UTA), ¦ that provides funding to qualifying institutions. The fraudulent forms resulted in NYSDOH reimbursing Central UTA more than $3 million for meals that had not been served to students. Instead, the funds were largely spent on non-qualifying evening events attended",4088,,1
2019-10-28,2019,october,"Attorney General James, Comptroller DiNapoli, and Department of Investigation Commissioner Garnett Announce Guilty Verdict of Non-Profit Executive in Corruption Scheme",https://www.nyc.gov/assets/doi/press-releases/2019/oct/Mendez_Verdict_10282019.pdf,"contribution cards were false, Alvarez submitted them to the New York City Campaign Finance Board (the “CFB”) to steal at least $4,500 in public matching funds. In total, Alvarez received $92,400 in public matching funds. Alvarez plead guilty to one count of ¦ New York City Campaign Finance Board (the “CFB”) to steal at least $4,500 in public matching funds. In total, Alvarez received $92,400 in public matching funds. Alvarez plead guilty to one count of Offering a False Instrument for Filing in the Second Degree, a ¦ charges against dozens of individuals implicated in public corruption schemes around the state – resulting in the return of over $11 million in restitution to taxpayers through these convictions. The Attorney General would also like to thank the New York City",5140,,1
2019-10-31,2019,october,"Former Homeless Services Employee Convicted of Forcible Touching, Sexual Abuse for Inappropriately Touching Women in Homeless Shelter",https://www.nyc.gov/assets/doi/press-releases/2019/oct/johnson_clyde_cnv_10312019.pdf,,3487,,1
2019-11-01,2019,november,Manhattan U.S. Attorney Settles Fraud Suit Against Ahern Painting Contractors for False Statements About Disadvantaged Business Participation on Federal Construction Projects,https://www.nyc.gov/assets/doi/press-releases/2019/nov/Ahern_Settlement_11012019.pdf,"STATEMENTS ABOUT DISADVANTAGED BUSINESS PARTICIPATION ON FEDERAL CONSTRUCTION PROJECTS Ahern Painting Contractors Agrees to Pay $3 Million and Admits Conduct Alleged in the Complaint Geoffrey S. Berman, the United States Attorney for the Southern District of New ¦ Deborah A. Batts, AHERN admits and accepts responsibility for conduct alleged in the 2 Government’s complaint and agrees to pay $3 million to the United States. The case against defendants TOWER and SPECTRUM is ongoing. Manhattan U.S. Attorney Geoffrey S. Berman",7915,,1
2019-11-04,2019,november,Statement of DOI Commissioner Margaret Garnett on the Retirement of Police Commissioner James P. O’Neill and Appointment of Dermot Shea to the Position of Police Commissioner,https://www.nyc.gov/assets/doi/press-releases/2019/nov/23MGQuote_ONeill_11042019.pdf,,1827,,1
2019-11-07,2019,november,DOI Commissioner Statement on Resignation of City Marshal,https://www.nyc.gov/assets/doi/press-releases/2019/nov/24CityMarshal11.07.2019pkg.pdf,"for any Marshal who intentionally obscures the facts or ignores the rules.” Barbarovich collected and disbursed approximately $157,880 on 11 out of the 92 levies examined by DOI, and he earned approximately $8,930 in total fees and poundage on those 11 levies . As ¦ collected and disbursed approximately $157,880 on 11 out of the 92 levies examined by DOI, and he earned approximately $8,930 in total fees and poundage on those 11 levies . As part of the resignation, DOI demanded and received the $8,930 that Barbarovich ¦ approximately $8,930 in total fees and poundage on those 11 levies . As part of the resignation, DOI demanded and received the $8,930 that Barbarovich earned for those 11 levies. Barbarovich did not collect on the remaining 81 levies. To ensure that open matters",3973,,1
2019-11-15,2019,november,All Defendants Convicted of Manslaughter for East Village Building Explosion,https://www.nyc.gov/assets/doi/press-releases/2019/nov/2019-11-15-2ndAvenueExplosion.pdf,,4585,,1
2019-11-15,2019,november,U.S. Attorney Announces The Arrest of Five Individuals in Scheme to Steal Thousands of Checks From New York City Human Resources Administration,https://www.nyc.gov/assets/doi/press-releases/2019/nov/HRACheckFraud_111519.pdf,"the indictment of five individuals in a scheme to steal and deposit more than 4,000 rent subsidy checks worth more than $2.7 million issued by the New York City Human Resources Administration (“HRA”), and the indictment of one person in a related scheme to ¦ these undeliverable checks out of the mail. Since in or about 2015, more than 4,000 HRA rent supplement checks worth more than $2.7 million were fraudulently deposited into more than 50 bank accounts. CONDE, DUKURAY, KEITA, TOURE, and BAKAYOKO were part of a scheme to",5563,,1
2019-11-21,2019,november,"Construction Company Operator, Foreperson and Engineer Indicted for Manslaughter in Death of Laborer Buried in Debris Following Wall Collapse",https://www.nyc.gov/assets/doi/press-releases/2019/nov/liu_jimmy_etal_112119.pdf,"continued at the site despite the order. Finally, it is alleged, that WSC defrauded the New York State Insurance Fund of nearly $47,000 by making false statements about their employees, and that it also committed tax fraud by failing to file taxes between 2015 and ¦ about their employees, and that it also committed tax fraud by failing to file taxes between 2015 and 2018 and owes more than $28,000 for 2015 and 2016. Following the 2018 fatal construction incident at 714 39th Street, DOB inspection teams conducted enforcement",11949,,1
2019-11-21,2019,november,Remarks of DOI Commissioner Margaret Garnett at Press Conference on Indictment in Connection with Death of Laborer in Brooklyn Wall Collapse,https://www.nyc.gov/assets/doi/press-releases/2019/nov/25KCDAConstructionFatality_112119.pdf,,6477,,1
2019-12-05,2019,december,DOI Report On HRA’s Special One-time Assistance Program Reveals Flaws That Led To Homeless Clients Being Placed In Unsafe Housing Outside Of New York City,https://www.nyc.gov/assets/doi/press-releases/2019/dec/26-SOTA_Release_and_Rpt_12.5.19.pdf,"a 15% broker’s fee , despite leaving tenants in dilapidated housing . On average, an annual SOTA lease costs HRA approximately $17,000 and an additional $2550 with any applicable broker’s fee. DOI found that defective language in several HRA forms was inapplicable ¦ leaving tenants in dilapidated housing . On average, an annual SOTA lease costs HRA approximately $17,000 and an additional $2550 with any applicable broker’s fee. DOI found that defective language in several HRA forms was inapplicable to properties outside ¦ programs, including cash assistance, food assistance, and Medicaid. HRA has over 12,000 employees and administers over $10 billion in public assistance funds annually. The administration of both HRA and the City’s Department of Homeless Services (DHS) has",14284,,1
2019-12-11,2019,december,Social Worker Convicted of Defrauding Program for Developmentally Delayed Children,https://www.nyc.gov/assets/doi/press-releases/2019/dec/Mensah_Verdict_121119.pdf,"billed Medicaid and EIP for more than 1,700 therapy sessions that never occurred, resulting in the theft of more than $145,000 in Medicaid funds and more than $29,000 in New York City Department of Health and Mental Hygiene funds. At trial, several parents ¦ than 1,700 therapy sessions that never occurred, resulting in the theft of more than $145,000 in Medicaid funds and more than $29,000 in New York City Department of Health and Mental Hygiene funds. At trial, several parents of special needs children testified",3291,,1
2019-12-12,2019,december,DOI Arrests Day Care Provider Applicant on Charges of Forging A Training Certificate,https://www.nyc.gov/assets/doi/press-releases/2019/dec/27Guzman_12122019.pdf,,4978,,1
2019-12-18,2019,december,DOI and SCI release statement of findings on joint investigation into delays and political influence of the City Department of Education’s inquiry of education standards at Hasidic Yeshivas,https://www.nyc.gov/assets/doi/press-releases/2019/dec/DOISCIJointStatementRelease12_18_19.pdf,,12076,,1
2020-01-02,2020,january,"Statement from DOI Commissioner Margaret Garnett Issued on December 31, 2019, in Response to Reporters' Inquiries Regarding DOI's Background Backlog",https://www.nyc.gov/assets/doi/press-releases/2020/January/01MGStatement01.02.2020.pdf,,4015,,1
2020-01-14,2020,january,Six New York City Correction Officers and 15 Others Charged with Conspiring to Accept Bribes and Smuggle Contraband into Rikers Island Facilities,https://www.nyc.gov/assets/doi/press-releases/2020/January/pr_RIkers Island Smuggling Arrests_01142020.pdf,,6886,,1
2020-01-17,2020,january,DA Vance: East Village Explosion Defendants Sentenced to 4-To-12 Years in Prison,https://www.nyc.gov/assets/doi/press-releases/2020/January/MariaHrynenko_sentencing_01172020.pdf,,4506,,1
2020-01-30,2020,january,"11 Bronx Gang Members Charged in Manhattan Federal Court with Racketeering, Firearms, and Narcotics Offenses",https://www.nyc.gov/assets/doi/press-releases/2020/January/MonroeHousesCrew_indictment_01302020.pdf,,8479,,1
2020-02-24,2020,february,DOI Announces 2019 Calendar Yearend Statistics,https://www.nyc.gov/assets/doi/press-releases/2020/February/DOI_Calendar_Yearend_19.pdf,"Development to indict three officials at the Luna Park Housing Corporation, a Mitchell -Lama Complex in Coney Island, for taking $874,000 in bribes to assist ineligible applicants get sought -after apartments in the complex. The defendants in the case used their ¦ Foundation”) and President and CEO of Addicts Rehabilitation Center Fund Inc. (“ARC Fund”), was indicted for stealing more than $631,271 from not -for-profit organ izations that contract with the City and State to provide social services to New Yorkers suffering ¦ personal matters that Williams falsely claimed were business expenses.  Four Individuals were indicted on charges they misused $376,660 in City fu nds for personal expenses, including vacations, car payments, and large cash withdrawals at casinos. Renauld Gregg ¦ cards were false, Alvarez submitted them to the New York City Campaign Finance Board to fraudulently obtain at least $4,500 in public matching funds for his unsuccessful campaign for City Council . Albert Alvarez also pleaded guilty to charges in",15667,,1
2020-02-25,2020,february,"Attorney General James, Comptroller DiNapoli, and Department of Investigation Commissioner Garnett Announce Sentencing in Straw Donation Scheme",https://www.nyc.gov/assets/doi/press-releases/2020/February/Stment_with_AGO_02_25_2020.pdf,"contribution cards were false, Alvarez submitted them to the New York City Campaign Finance Board (the “CFB”) to steal at least $4,500 in public matching funds. In total, Alvarez received $92,400 in public matching funds. Alvarez plead guilty to one count of ¦ New York City Campaign Finance Board (the “CFB”) to steal at least $4,500 in public matching funds. In total, Alvarez received $92,400 in public matching funds. Alvarez plead guilty to one count of Offering a False Instrument for Filing in the Second Degree, a",4430,,1
2020-02-28,2020,february,Three NYC DOC Officers Indicted for Covering Up Assault of Detainees at Horizon Juvenile Center,https://www.nyc.gov/assets/doi/press-releases/2020/February/11_2020correction_officers_indicted_juvenile_horizon_beating_022820.pdf,,6124,,1
2020-03-11,2020,march,DOI Launches Public Portal of DOI Policy and Procedure Recommendations,https://www.nyc.gov/assets/doi/press-releases/2020/March/PPRRelease.pdf,,13685,,1
2020-03-12,2020,march,Queens Business Owner Charged With Bilking Employees Out of More Than $1.5 Million in wages,https://www.nyc.gov/assets/doi/press-releases/2020/March/deol_jagdeep_Laser_Electronic_Wages_03_11_2020_ind.pdf,"THURSDAY, MARCH 12, 2020 QDACommunications@queensda.org QUEENS BUSINESS OWNER CHARGED WITH BILKING EMPLOYEES OUT OF MORE THAN $1.5 MILLION IN WAGES Defendant Awarded Millions in Contracts to Upgrade City Schools; Allegedly Submitted Faked Payroll to Pocket Cash; ¦ in City schools. District Attorney Katz said, “This business owner allegedly bilked his hard-working employees out of more than $1.5 million in wages. Thanks to a number of employee s coming forward to report the alleged wrong -doing, the matter was investigated and 11 ¦ to the New York City School Construction Authority and the City Department of Education, resulting in the theft of more than $1.5 million in workers’ wages, according to the charges and court documents. This kind of criminal behavior is a priority for DOI because it ¦ 2018, under all the contracts the defendant failed to pay at least 11 employees the proper prevailing wage totaling more than $1.5 million. Continuing, according to the charges, said DA Katz, in February 2018 a number of employees reported that they had allegedly ¦ payroll records and interviews w ith employees. It was determined that the workers’ checks were missing a sum totaling more than $1.5 million. The DA added that, according to the charges, the defendant and the company submitted hundreds of payment requisitions that had",5888,,1
2020-03-13,2020,march,D.A. Vance Announces Trial Conviction of Five Corrections Officers For Illegal Strip Searches of Female Visitors at Manhattan Detention Complex,https://www.nyc.gov/assets/doi/press-releases/2020/March/Absalom_et_al_Conviction_3132020.pdf,,4908,,1
2020-04-09,2020,april,DOI’s Office of The Inspector General for The New York City Police Department Issues its Sixth Annual Report,https://www.nyc.gov/assets/doi/press-releases/2020/April/oignypdannualreportwrelease4.9.20.pdf,,14604,,1
2020-05-20,2020,may,DOI Arrests HRA Police Lieutenant on Charge of Criminal Possession of a Firearm,https://www.nyc.gov/assets/doi/press-releases/2020/May/05Wright05.20.2020.arrest.pdf,"his home this morning. WRIGHT has been an HRA employee since September 2005 and is receiving an annual salary of approximately $62,320. He was suspended from HRA upon arrest; the weapon and his badge were confiscated from him. Commissioner Garnett thanked New",3420,,1
2020-05-26,2020,may,New Jersey Man Arrested For $45 Million Scheme to Defraud and Price Gouge New York City During COVID-19 Pandemic,https://www.nyc.gov/assets/doi/press-releases/2020/May/RonaldRomano_arrest_PR_final.pdf,"Biase http://www.justice.gov/usao/nys (212) 637-2600 DOI Diane Struzzi, Nicole Turso (212) 825-5931 NEW JERSEY MAN ARRESTED FOR $45 MILLION SCHEME TO DEFRAUD AND PRICE GOUGE NEW YORK CITY DURING COVID-19 PANDEMIC Geoffrey S. Berman, the United States Attorney for the ¦ for attempting to deceive and price gouge New York City (the “City”) into paying him and his co-conspirators approximately $45 million for personal protective equipment that ROMANO did not possess and was not authorized to sell. ROMANO committed this scheme in an",6996,,1
2020-06-01,2020,june,DOI Letter to New York City Council Regarding Investigation into NYPD Response to Recent Protests,https://www.nyc.gov/assets/doi/press-releases/2020/June/DOIResponseLetter.pdf,,5136,,1
2020-06-02,2020,june,Brief Remarks of DOI Commissioner Margaret Garnett at City Hall Press Conference Announcing Investigation of NYPD’s Interaction with New York City Protestors,https://www.nyc.gov/assets/doi/press-releases/2020/June/06MGstment_5312020.pdf,,1921,,1
2020-06-05,2020,june,Bronx DA Darcel D. Clark Releases Results of Investigation into Death of Layleen Polanco in Rikers Island,https://www.nyc.gov/assets/doi/press-releases/2020/June/BxDARelease.Rpt.06.05.2020.pdf,,10145,,1
2020-06-05,2020,june,DOI Referral to the City Department Of Correction (DOC) on DOC Actions Surrounding the Death in Custody of Layleen Polanco,https://www.nyc.gov/assets/doi/press-releases/2020/June/07DOCRelease.Referral06052020.pdf,,2134,,1
2020-06-24,2020,june,DOI Commissioner Statement Providing an Update on DOI's Investigation into the New York City Police Department's Response to the Protests in the Wake of George Floyd's Death,https://www.nyc.gov/assets/doi/press-releases/2020/June/08protestupdate_06242020finalwletter.pdf,,9245,,1
2020-06-25,2020,june,"11 Members and Associates of the Bully Gang Charged with Narcotics Conspiracy, Illegal Weapons Possession and Money Laundering",https://www.nyc.gov/assets/doi/press-releases/2020/June/pr_BullyGang_Complaints_6252020.pdf,,7507,,1
2020-06-25,2020,june,"Operation Green Fury: 26 Trinitarios Indicted for Carrying Out Slashings, Stabbings on Rikers Island",https://www.nyc.gov/assets/doi/press-releases/2020/June/21_2020_OperationGreenFuryRikersIsland_Slashings_Trinitarios.pdf,,9725,,1
2020-07-15,2020,july,Former Rikers Correctional Officer Pleads Guilty to Smuggling Contraband for Inmates,https://www.nyc.gov/assets/doi/press-releases/2020/July/pr_JoshuaAlba_Plea_7152020.pdf,"prison phone calls. ALBA made these contraband deliveries from at least December 2018 until July 2019, in return for at least $5,000 in cash bribes. * * * ALBA, 30, of Queens, New York, pled guilty to one count of conspiracy to commit honest services wire fraud,",4675,,1
2020-08-31,2020,august,Guilty Plea in Extensive Insurance Fraud Scheme That Led to the Underinsurance of More Than 100 Construction Workers,https://www.nyc.gov/assets/doi/press-releases/2020/August/09southside_83120.pdf,"included false information provided to insurance carriers about work being performed by employees in order to avoid more than $1 million in insurance premiums, an action that left more than 100 construction workers underinsured. ASVAZADOURIAN, of Yonkers, NY , ¦ NY , pleaded guilty today before Justice Maxwell Wiley in New York County Supreme Court. The plea requires the defendant to pay $100,000 to the N ew York State Insurance Fund and carries a sentence of three years’ probation, 800 hours of community service and the",3915,,1
2020-09-17,2020,september,DOI Arrests Expeditor on Charges of Submitting Forged Documents to The City Department of Environmental Protection (DEP),https://www.nyc.gov/assets/doi/press-releases/2020/September/10SKelly_9172020.pdf,"check revealed that neither permit number existed. In addition, DEP had no record of the receipt of the required filing fee of $35 for each permit. The permits were related to 411 Wales Ave. in the Bronx, where a commercial warehouse was being converted into a",5307,,1
2020-09-22,2020,september,Queens Contractor and His Business Plead Guilty to Violating Prevailing Wage Labor Laws and Steaing More Than $1.5 Million From Workers,https://www.nyc.gov/assets/doi/press-releases/2020/September/deol_jagdeep_of_laser_electric_09_22_2020_ple.pdf,"DISTRICT ATTORNEY QUEENS CONTRACTOR AND HIS BUSINESS PLEAD GUILTY TO VIOLATING PREVAILING WAGE LABOR LAWS AND STEALING MORE THAN $1.5 MILLION FROM WORKERS Glen Oaks Resident and Laser Electrical Cheated Employees Despite Securing City Contracts That Required Prevailing ¦ Inc. have pleaded guilty to a labor law violation on paying a prevailing wage to workers. The business owner pocketed more than $1.5 million that should have gone to employees between 2014 and 2018. The defendant secured City contracts for his company worth millions of ¦ As part of the negotiated plea, Deol will be required to make full restitution and will also reimburse the City approximately $160,000 to cover the cost of the investigation. Moments after pleading guilty, Justice Paynter granted the defendant a conditional",5467,,1
2020-09-30,2020,september,Assistant Commissioner at City Department of Housing Preservation and Development Charged with Possession of a Fake Parking Placard,https://www.nyc.gov/assets/doi/press-releases/2020/September/11HPDPlacard_09302020.pdf,"by up to seven years in prison and this violation under the Vehicle and Traffic Law is a misdemeanor punishable by up to a $500 fine, or imprisonment of up to 30 days, or both a fine and imprisonment. LOUIE was arraigned today in New York County Criminal ¦ back in court on January 7, 2021. LOUIE has been employed by HPD since April 2007 and earns an annual salary of approximately $148,000. HPD has been informed of LOUIE’s arrest. According to the criminal complaint and DOI’s investigation, on March 6, 2020 , at",5156,,1
2020-10-01,2020,october,DOI Report Finds Serious Gaps in Enforcement and Collection of Environmental Control Board (ECB) Fines; Issues Recommendations for Reform,https://www.nyc.gov/assets/doi/press-releases/2020/October/12ECB_Release_Report100120.rev12.22.2020 w note.pdf,"According to DOF’s 2019 Annual Report on DOF Collection of ECB Judgment Debt, the outstanding ECB debt inventory totaled $1,417,099, 873, of which $634,888,974 was categorized as “Allowance for Bad Debt,” while active collection efforts continued on the ¦ 2019 Annual Report on DOF Collection of ECB Judgment Debt, the outstanding ECB debt inventory totaled $1,417,099, 873, of which $634,888,974 was categorized as “Allowance for Bad Debt,” while active collection efforts continued on the remaining $782,210,899. Once an ECB ¦ of which $634,888,974 was categorized as “Allowance for Bad Debt,” while active collection efforts continued on the remaining $782,210,899. Once an ECB judgment is referred to DOF for collection, the governing statute permits DOF to attempt collection for up to eight ¦ Board (ECB) fines. In the request, Committee Chair Ritchie Torres stated that the City has failed to collect on more than $1.5 billion in ECB judgment debt, and suggested that the City could reclaim this debt with increased enforcement action against those who ¦ Annual Report on DOF Collection of ECB Judgment Debt , the outstanding ECB debt inventory totaled $1,417,099,873, 3 of which $634,888,974 was categorized as “Allowance for Bad Debt ,” while active collection efforts continued on the remaining $782,210,899. 4 Once an ¦ 3 of which $634,888,974 was categorized as “Allowance for Bad Debt ,” while active collection efforts continued on the remaining $782,210,899. 4 Once an ECB judgment is referred to DOF for collection, the governing statute permits DOF to attempt collection for up to",15914,,1
2020-10-08,2020,october,DOI Arrests Former Day Care Director on Charges of Forging a Training Certificate,https://www.nyc.gov/assets/doi/press-releases/2020/October/13Rabich_10082020.pdf,,6007,,1
2020-10-26,2020,october,Construction Company Executive Pleads Guilty to DeFrauding The New York City School Construction Authority,https://www.nyc.gov/assets/doi/press-releases/2020/October/pr_Kumar_guiltyplea_10262020.pdf,"workers. When sentenced, Kumar faces up to 20 years’ imprisonment and, as part of the plea agreement, has agreed to pay $666,219 in restitution to six Orba employees and their unions. Kumar has already begun the process of making his victims whole. ¦ and their unions. Kumar has already begun the process of making his victims whole. Additionally, Kumar has agreed to forfeit $510,000 and pay an additional $48,330 to the SCA. Today’s plea was entered before United States District Judge Dora L. Irizarry. Seth D. ¦ already begun the process of making his victims whole. Additionally, Kumar has agreed to forfeit $510,000 and pay an additional $48,330 to the SCA. Today’s plea was entered before United States District Judge Dora L. Irizarry. Seth D. DuCharme, Acting United States",3673,,1
2020-10-27,2020,october,Former General Counsel of New York City Civil Service Commission Pleads Guilty to Falsifying Her Work Hours When She Was Employed by the Commission,https://www.nyc.gov/assets/doi/press-releases/2020/October/14Serber10.27.2020.pdf,"guilty to a misdemeanor charge of falsifying hours on her timesheet, which she did not work , and agreed to pay back more than $15,000 in restitution to the City. The investigation resulted from a referral to DOI from CSC, which noted discrepancies in the ¦ to one count of Offering a False Instrument for Filing in the Second Degree, a class A misdemeanor and tendered payment of $15,084.41 in restitution to the City. Criminal Court Judge Jay L. Weiner accepted the guilty plea. The defendant is scheduled to be ¦ defendant claimed on each of the 30 dates in question, reviewed her pay rate, and determined that the City paid the defendant $15,054 in wages the defendant was not entitled to receive because she did not work on those dates. 2 SERBER was employed by the CSC from ¦ in lieu of termination in December 2019. At the time of her resignation, she was receiving an annual salary of approximately $149,107. Commissioner Garnett thanked Nancy G. Chaffetz, Commissioner and Chair of the Civil Service Commission, and her staff; and",4943,,1
2020-12-08,2020,december,"NYC DOC Officer Indicted for Selling Phony Disability Parking Placards, 3 Other Officers Charged With Possessing the Placards",https://www.nyc.gov/assets/doi/press-releases/2020/December/DOC_Officer_Gale_indicted_placardscam_12082020.pdf,"According to the investigation, DOI learned that Gales sold forged placards, taking payments ranging from $200 to $280 per placard. The placards were viewed in the vehicles of the five defendants. The indictment charges Gales with the sale",3654,,1
2020-12-11,2020,december,Bronx Gang Member Charged with Racketeering and Firearms Offenses,https://www.nyc.gov/assets/doi/press-releases/2020/December/Nicholas Joseph indictment PR.pdf,,5286,,1
2020-12-11,2020,december,Manager at Queens Not-for-Profit Please Guilty to Wire Fraud,https://www.nyc.gov/assets/doi/press-releases/2020/December/Coronado Guilty Plea Press Release.pdf,"Judge William F. Kuntz, II. When sentenced, Coronado faces up to 20 years in prison, as well as forfeiture and a fine of up to $250,000 for submitting false invoices and cashing checks issued in the names of other individua ls. Seth D. DuCharme, Acting United",3898,,1
2020-12-18,2020,december,DOI Issues Report on the NYPD’s Response to the Protests in New York City After George Floyd’s Killing by a Minneapolis Police Officer,https://www.nyc.gov/assets/doi/press-releases/2020/December/16ProtestRptandRelease12.18.20FINAL.pdf,,13745,,1
2020-12-18,2020,december,Remarks of DOI Commissioner Margaret Garnett for the Press Conference on DOI’s Report on NYPD’s Response to the George Floyd Protests,https://www.nyc.gov/assets/doi/press-releases/2020/December/17DOICommishRemarks12.18.20202.pdf,,11610,,1
2021-02-09,2021,february,Staten Island Landlord Charged with Submitting Falsified Lead Paint Abatement Certification to City Department of Housing Preservation and Development,https://www.nyc.gov/assets/doi/press-releases/2021/February/pr_01LeadCert_020921.pdf,,5259,,1
2021-02-25,2021,february,"11 Members and Associates of The ""Bully Gang"" Chaged with Racketeering Offenses",https://www.nyc.gov/assets/doi/press-releases/2021/February/pr_BullyGangSupersedingIndictment_2252021.pdf,"and the purchase of high-value assets, including jewelry and cars. During the investigation, law enforcement seized more than $380,000 in cash, more than 15 firearms, six kilograms of cocaine, 600 grams of fentanyl, multiple luxury watches and four vehicles with",8629,,1
2021-02-25,2021,february,DOI Issues Calendar Yearend 2020 Statistics,https://www.nyc.gov/assets/doi/press-releases/2021/February/02252021_CalendarYearEnd_Final_Updated.pdf,"to charges against a New Jersey man for attempting to deceive and price gouge the City into paying him and his co-conspirators $45 million for PPE he did not possess and wasn’t authorized to sell. The defendant was charged with conspiring to commit wire fraud, wire ¦ parking plac ards. According to the investigation, one of the DOC Officers sold forged placards, taking payments between $200 and $280 per placard. The defendants are due back in court on March 16, 2021. To read more, click here. • Construction ¦ plac ards. According to the investigation, one of the DOC Officers sold forged placards, taking payments between $200 and $280 per placard. The defendants are due back in court on March 16, 2021. To read more, click here. • Construction Investigations, ¦ charges of grand larceny, failure to pay prevailing wages, and scheme to defraud for underpaying at least 11 employees more than $1.5 million in wages for work on public works projects in New York City public schools. The company and its owner pleaded guilty to ¦ laws. As part of the negotiated plea, the owner was required to make full restitution and will reimburse the City approximately $160,000 to cover the cost of the investigation. DOI worked with the Queens Di strict Attorney’s Office on this matter. To read more, ¦ in an extensive insurance fraud scheme that included false information provided to insurance carriers to avoid more than $1 million in insurance premiums, an action that left more than 100 construction workers underinsured. As part of the plea agreement, the ¦ action that left more than 100 construction workers underinsured. As part of the plea agreement, the broker was required to pay $100,000 to the New York State Insurance Fund and was sentenced to three years’ probation, 800 hours of community service, and the ¦ Authority (“SCA”) by failing to pay the prevailing wage to his workers. As part of a plea agreement, the owner agreed to pay $666,219 in restitution to six of his employees and their unions and agreed to forfeit $510,000 and pay an additional $48,330 to the SCA.",17224,,1
2021-03-24,2021,march,CEO of NYC Non-Profit Charged in Bribery and Kickbacks Scheme Involving Publicly Funded Housing and Social Services,https://www1.nyc.gov/assets/doi/press-releases/2021/March/VictorRiveraArrestPR.pdf,,4751,,1
2021-03-30,2021,march,Two Former Mortuary Technicians of New York City Office of Chief Medical Examiner Charged With Stealing Decedents’ Property,https://www.nyc.gov/assets/doi/press-releases/2021/March/pr_OCME_3302021.pdf,"OCME in New York when the body of the fourth decedent arrived there. A subsequent investigation revealed that Garcon made nearly $6 ,500 in unauthorized purchases, including airline travel from Newark to Fort Lauderdale, Florida, using credit and debit cards ¦ and after his employment at the OCME, he used debit and credit cards that he knew had been stolen. McFadgen made more than $13,500 in unauthorized purchases using debit and credit cards stolen from five decedents whose bodies were in the OCME’s custody. The",5078,,1
2021-04-06,2021,april,Queens Man Charged for Defrauding Government Rental Assistance Programs by Renting Out Dilapidated Apartments He Did Not Own to Families in Need,https://www.nyc.gov/assets/doi/press-releases/2021/April/Paul%20Fishbein%20Arrest%20PR%20final.pdf,"participating landlords, among other things, (i) the first month’s rent; (ii) a landlord bonus at signing, which is currently $4,300; and (iii) a rent supplement for either the first three or 11 months’ rent, which is paid in a lump sum at the time of the ¦ families shortly after they were placed in the Properties. Through this scheme, the defendant fraudulently obtained more than $1.5 million from HRA, HPD, and NYCHA, including more than $270,000 in federal funds. The Medicaid Fraud The defendant also committed ¦ Through this scheme, the defendant fraudulently obtained more than $1.5 million from HRA, HPD, and NYCHA, including more than $270,000 in federal funds. The Medicaid Fraud The defendant also committed Medicaid fraud. Medicaid is a health insurance program for ¦ During that time, the defendant represented to HRA that he worked at a company where his total income was approximately $150 a week – that is, approximately $600 a month or approximately $7,200 a year. In reality, the defendant made hundreds of thousands ¦ represented to HRA that he worked at a company where his total income was approximately $150 a week – that is, approximately $600 a month or approximately $7,200 a year. In reality, the defendant made hundreds of thousands of dollars each year, thus, far ¦ worked at a company where his total income was approximately $150 a week – that is, approximately $600 a month or approximately $7,200 a year. In reality, the defendant made hundreds of thousands of dollars each year, thus, far exceeding the income and asset ¦ asset limitations for Medicaid eligibility. By lying about his income and assets, the defendant received at least approximately $47,621 in Medicaid benefits to which he was not entitled. * * * FISHBEIN, 47, of Far Rockaway, New York, is charged with two counts of",8675,,1
2021-04-20,2021,april,DOI Investigation Leads to Arrest of Employee of Two NYCHA Contractors on Charges of Getting Paid for Work He Never Did,https://www.nyc.gov/assets/doi/press-releases/2021/April/06Hayes_4202021.pdf,"York City Housing Authority ( “NYCHA”) on charges the employee defrauded one of those NYCHA-funded contractors of approximately $8,007 by s tating he was working for both contractors simultaneously at two NYCHA developments in Brooklyn. DOI investigated this ¦ development. The investigation found that AWL Industries paid the defendant for 88 hours, valued at a total of approximately $8,007, for work he was not physically on-site to perform. Additionally , on November 9, 2020, December 21, 2020, and December 22, 2020, ¦ , on November 9, 2020, December 21, 2020, and December 22, 2020, the defendant attempted to unsuccessfully obtain approximately $2,201 in payment from AWL, even though he was not present for an entire shif t. The defendant did not receive payment for those three ¦ three dates. The investigation found the defendant did not have permission or authority from AWL to receive the approximately $8,007 he received or the approximately $2,201 he attempted to obtain. 2 According to the criminal complaint, when investigators ¦ the defendant did not have permission or authority from AWL to receive the approximately $8,007 he received or the approximately $2,201 he attempted to obtain. 2 According to the criminal complaint, when investigators approached the defendant this morning to take",5604,,1
2021-04-22,2021,april,New York City Council Member Pleads Guilty to Tax Fraud,https://www.nyc.gov/assets/doi/press-releases/2021/April/pr_ChaimDeutsch_plea_final_4222021.pdf,"tax years 2013 through 2015, DEUTSCH’s failure to properly pay taxes on his income from Chasa Management evaded approximately $82,076 in taxes due to the IRS. Effective on or about January 1, 2017, New York City Council Members were prohibited from earning most ¦ guilty to a single count of filing a false tax return for the tax year 2015, and agreed to restitution in the amount of at least $82,076 plus interest. DEUTSCH is scheduled to be sentenced before Judge Cott on July 29, 2021, at 10:00 a.m. The charge against DEUTSCH ¦ DEUTSCH carries a maximum sentence of one year in prison, a maximum term of one year of supervised release, a maximum fine of $100,000, and an order of restitution. The maximum potential sentence is prescribed by Congress and is provided here for informational",4291,,1
2021-04-26,2021,april,D.A. Vance: Corrections Captain Charged with Criminally Negligent Homicide in Death of Ryan Wilson,https://www.nyc.gov/assets/doi/press-releases/2021/April/pr_Hillman_4262021.pdf,,5240,,1
2021-05-13,2021,may,Flatbush Landlord Indicted for Manslaughter in Connection with Fatal Fire That Left One Dead,https://www.nyc.gov/assets/doi/press-releases/2021/May/kcda_leon_evener_ind_5132021.pdf,,6033,,1
2021-05-26,2021,may,Nine Department of Correction Officers and Employees Charged with Taking Bribes to Smuggle Contraband to Inmates at New York City Jails,https://www.nyc.gov/assets/doi/press-releases/2021/May/pr_DOC_Employeeindictments_5262021.pdf,"cellphones, and large quantities of cigarettes into the Manhattan Detention Complex in downtown Manhattan , in return for over $6,000 in bribes, from at least in or about November 2019 up through and including in or about August 2020. He is charged with one count ¦ of Correction to smuggle K2 and other contraband into the Otis Bantum Correctional Center on Rikers Island, in return for over $40,000 in bribes, from at least in or about June 2019 up through and including in or about September 2020. She is charged with one count ¦ K2, a cellphone, and large quantities of cigarette s into the George R. Vierno Center on Rikers Island, in return for over $8,000 in bribes, from at least in or about March 2020 up through and including in or about September 2020. He is charged with one count ¦ as a correction officer to smuggle cigarettes and other contraband into the Manhattan Detention Complex, in return for over $8,000 in bribes , from at least in or about August 2019 up through and including in or about February 2020. He is charged with one ¦ officer to smuggle K2, alcohol, cigarettes, and other contraband into the Manhattan Detention Complex, in return for over $6,500 in bribes, from at least in or about May 2020 up through and including in or about June 2020. He is charged with one count of ¦ a large quantity of cigarettes, and other contraband into the Robert N. Davoren Center on Rikers Island, in return for over $7,500 in bribes, from at least in or about November 2020 up through and including in or about February 2021. He is charged with one ¦ razor blades, marijuana, and other contraband into the Otis Bantum Correctional Center on Rikers Island, in return for at least $5,000 in bribes, in or about October 2020 . He is charged with one count of conspiracy to commit federal crimes, which carries a ¦ to smuggle methamphetamine, K2, and other contraband into the Anna M. Kross Center on Rikers Island , in return for at least $5,000 in bribes, from at least in or about September 2020 up through and including in or about October 2020. He is charged with one",9882,,1
2021-06-09,2021,june,DOI Investigation Leads to Arrest of City Buildings Inspector on Charges of Improperly Working in the Construction Industry While He Was on Approved Leave From His City Job,https://www.nyc.gov/assets/doi/press-releases/2021/June/08moroney_6092021.pdf,"working as an employee of Royal Home Improvements, the defendant continued to collect his DOB salary, a value of approximately $5,489. MORONEY has been employed at the DOB since December 2018 and receives an annual salary of approximately $61,800. DOB has served ¦ of approximately $5,489. MORONEY has been employed at the DOB since December 2018 and receives an annual salary of approximately $61,800. DOB has served MORONEY with termination papers. Commissioner Garnett thanked Manhattan District Attorney Cyrus R. Vance, Jr.,",5803,,1
2021-06-15,2021,june,"Bronx Woman Indicted in Rent Scam That Netted Her Nearly $20,000",https://www.nyc.gov/assets/doi/press-releases/2021/June/28_2021JENNIFERRICARDO_INDICTED_RENT_SCAM_6152021.pdf,"Release June 15, 2021 BRONX DISTRICT ATTORNEY DARCEL D. CLARK ANNOUNCES BRONX WOMAN INDICTED IN RENT SCAM THAT NETTED HER NEARLY $20,000 Defendant Allegedly Preyed on Hardworking People Desperate for Housing Bronx District Attorney Darcel D. Clark today announced ¦ for Housing Bronx District Attorney Darcel D. Clark today announced that a Bronx woman has been indicted for stealing almost $20,000 from eight people in a scheme promising affordable apartments in city-owned buildings. District Attorney Clark said, “ The ¦ the city’s Housing Preservation and Development (HPD) or the city’s Housing Development Corporation (HDC) and took amounts from $1,620 to $3,240 for deposits, which are enormous sums for people with low incomes. Her alleged behavior is unconscionable.” New York ¦ Housing Preservation and Development (HPD) or the city’s Housing Development Corporation (HDC) and took amounts from $1,620 to $3,240 for deposits, which are enormous sums for people with low incomes. Her alleged behavior is unconscionable.” New York City ¦ apartments and could not get in contact with Ricardo after they paid her. She allegedly scammed eight people out of a total of $19,459. The case is being prosecuted by Assistant District Attorney Sarah Zuckerman of the Economic Crimes Bureau, under the",4553,,1
2021-06-17,2021,june,Unlicensed Contractor and Grocery Store Owner Indicted in Connection to Vendor's Elevator Death,https://www.nyc.gov/assets/doi/press-releases/2021/June/pr_KCDA_LiftFatal_61721.pdf,,5248,,1
2021-07-13,2021,july,Fraud Suit Settled Against Spectrum Painting for False Statements about Disadvantaged Business Participation on Federal Construction Projects,https://www.nyc.gov/assets/doi/press-releases/2021/July/pr_SpectrumPainting_DBE_settlement.pdf,"FOR FALSE STATEMENTS ABOUT DISADVANTAGED BUSINESS PARTICIPATION ON FEDERAL CONSTRUCTION PROJECTS Spectrum Painting Agrees to Pay $400,000 and Admits Conduct Alleged in the Complaint Audrey Strauss, the United States Attorney for the Southern District of New York, ¦ Torres, SPECTRUM admits and accepts responsibility for conduct alleged in the Government’s amended complaint and agrees to pay $400,000 to the United States. Manhattan U.S. Attorney Audrey Strauss said: “The Disadvantaged Business Enterprise program is intended to",7920,,1
2021-07-21,2021,july,"Two Defendants, Including an HRA Employee, are Charged in Scam that Stole $1,500 from a New Yorker on the Verge of Homelessness",https://www.nyc.gov/assets/doi/press-releases/2021/July/09HRA07.21.2021.pdf,"DIANE STRUZZI WEDNESDAY, JULY 21, 2021 (212) 825-5931 TWO DEFENDANTS, INCLUDING AN HRA EMPLOYEE, ARE CHARGED IN SCAM THAT STOLE $1,500 FROM A NEW YORKER ON THE VERGE OF HOMELESSNESS Margaret Garnett, Commissioner of the New York City Department of Investigation ¦ in a scam that tricked an HRA client seeki ng rental assistance to provide them with blank money orders valued at a total of $1,500, which the defendants allegedly cashed and stole . DOI began its investigation after it was alerted by HRA about allegations ¦ a year’s incarceration. RODRIGUEZ has been employed with HRA since February 1988 and receives an annual salary of approximately $69,996. He works for HRA’s HomeBase program, a homelessness prevention program. DOI Commissioner Margaret Garnett said, “This ¦ she could provide some funding for rent. As requested, the client provided to RODRIGUEZ the two money orders, each valued at $750. RODRIGUEZ worked with MERCADO to cash the money orders at a check cashing establishment in the Bronx and then pocketed the",4955,,1
2021-07-29,2021,july,DOI Statement on Sentencing of Former New York City Councilmember on Tax Fraud Charge,https://www.nyc.gov/assets/doi/press-releases/2021/July/10DeutschSent_7292021.pdf,"ed the following statement on the sentencing of former New York City Councilmember CHAIM DEUTSCH to three months in prison and a $5,500 fine. DEUTSCH will also pay $107,007 in restitution, which is the amount he owes the IRS plus interest. The sentencing was meted ¦ of former New York City Councilmember CHAIM DEUTSCH to three months in prison and a $5,500 fine. DEUTSCH will also pay $107,007 in restitution, which is the amount he owes the IRS plus interest. The sentencing was meted out by U.S. Magistrate Judge James L ¦ and proceedings, between 2013 and 2015, DEUTSCH’s failure to properly pay taxes on his incom e resulted in evading approximately $82,906 in taxes due to the IRS. In April 2021, DEUTSCH, 52, of Brooklyn, pleaded guilty before Judge James Cott to a single count of ¦ a high cost for his tax fraud : conviction, the loss of his seat on the New York City Council , three months of incarceration, a $5,500 fine, and repaying the IRS the taxes he owes plus interest. DOI was pleased to work with the office of the U.S. Attorney for the",3355,,1
2021-08-09,2021,august,HPD Construction Project Manager Charged with Reckless Endangerment and Unlawful Eviction,https://www.nyc.gov/assets/doi/press-releases/2021/August/11Liang08.09.2021.pdf,"out new construction, rehabilitation, and repairs, among other functions. LIANG receives an annual salary of approximately $65,640 and has been suspended since her June arrest. DOI Commissioner Margaret Garnett said, “Illegal apartment conversions are ¦ rent from the tenant; t here was no written lease agreement and, initially, the ten ant paid the defendant a monthly rent of $880. In 2018, the defendant raised the monthly rent to $1,500, which the tenant paid by check the first month and then the defendant ¦ and, initially, the ten ant paid the defendant a monthly rent of $880. In 2018, the defendant raised the monthly rent to $1,500, which the tenant paid by check the first month and then the defendant directed the te nant that going forward the rent should",7447,,1
2021-08-11,2021,august,HRA Supervisor and Brooklyn Resident Charged Today in Connection with Stealing Funds from the Supplemental Nutrition Assistance Program (“SNAP”),https://www.nyc.gov/assets/doi/press-releases/2021/August/12BenefitsFraud_8112021.pdf,"HRA clients and to supervise HRA employees responsible for issuing such benefits. She receives an annual salary of approximately $61,000, and was suspended upon her arrest today. DOI Comm issioner Margaret Garnett said, “ These allegations demonstrate how one ¦ an EBT card in her name on COLEMAN’s account. CARTER caused HRA benefits to be issued to COLEMAN’s EBT account in the amount of $22,501 between June 1, 2015 and March 31, 2021. HRA records and video surveillance showed that the defendants used COLEMAN’s EBT card to ¦ from his employment as a porter at two different companies between 2015 and 2020, where he received annual income of between $29,666 and $35,803; and that the unreported income would have made him ineli gible to receive SNAP benefits between June 1, 2015 and ¦ employment as a porter at two different companies between 2015 and 2020, where he received annual income of between $29,666 and $35,803; and that the unreported income would have made him ineli gible to receive SNAP benefits between June 1, 2015 and March 31,",6154,,1
2021-09-01,2021,september,Attorney General James and DOI Commissioner Garnett Announce Arrest and Indictment of Group for $15 Million Bid-Rigging Scheme That Defrauded Public Benefits Programs,https://www.nyc.gov/assets/doi/press-releases/2021/September/OAGBidRigging_9012021.pdf,"nyag.pressoffice@ag.ny.gov Attorney General James and DOI Commissioner Garnett Announce Arrest and Indictment of Group for $15 Million Bid-Rigging Scheme That Defrauded Public Benefits Programs Defendants Submitted Thousands of False and Inflated Bids to ¦ domestic violence survivors, and other crime victims urgently in need of relocation services. The defendants collected more than $15 million from HRA and OVS for over 25,000 moving jobs, the vast majority of which are believed to have been rigged and fraudulently",10821,,1
2021-09-02,2021,september,Attorney General James and DOI Commissioner Garnett Announce Indictment of Four Asbestos Investigators for Filing Fraudulent Inspection Reports,https://www.nyc.gov/assets/doi/press-releases/2021/September/OAG_CAIArrests_9022021.pdf,,6006,,1
2021-09-14,2021,september,$112K in Stolen Wages Recovered for Electrical Workers at Midtown Construction Site of Virgin Hotel,https://www.nyc.gov/assets/doi/press-releases/2021/September/MDAWageTheftRelease.09.14.2021.pdf,"CYRUS R. VANCE, JR. District Attorney DISTRICT ATTORNEY – NEW YORK COUNTY FOR IMMEDIATE RELEASE September 14, 2021 D.A. Vance: $112K in Stolen Wages Recovered for Electrical Workers at Midtown Construction Site of Virgin Hotel Manhattan District Attorney Cyrus ¦ of Virgin Hotel Manhattan District Attorney Cyrus R. Vance, Jr., today announced that AMPAK ELECTRICAL SERVICES has returned $112,176 in stolen wages to 18 electrical workers who performed work on the construction of the Virgin Hotel in Midtown Manhattan ¦ Virgin Hotel. Between January 23, 2021, and March 18, 2021 AMPAK failed to pay 18 of its electrical workers, stealing a total of $112,176 in unpaid wages. When the workers complained about missing paychecks, they were promised that the checks were coming, or falsely",5114,,1
2021-09-14,2021,september,"14 Defendants Indicted, Including the Entire Administration of the Colombo Organized Crime Family",https://www.nyc.gov/assets/doi/press-releases/2021/September/EDNYrelease09.14.2021.pdf,"to select vendors for contracts who were associated with the Colombo crime family. The defendants sought to divert more than $10,000 per month from the Health Fund’s assets to the administration of the Colombo crime family. For example, on June 21, 2021, in a ¦ charged with loansharking. As alleged, these defendants participated in extending and collecting on extortionate loans totaling $250,000 to an individual identified as “John Doe #2.” The defendants charged and collected a weekly 1.5% interest rate that did not",12624,,1
2021-09-14,2021,september,"14 Defendants Indicted, Including the Entire Administration of the Colombo Organized Crime Family",https://www.nyc.gov/assets/doi/press-releases/2021/September/13WageTheft09.14.2021.pdf,,2609,,1
2021-09-20,2021,september,Nine Contractors Indicted for Allegedly Bribing Superintendents at New York City Housing Authority Developments for “Micro Purchase” Contracts,https://www.nyc.gov/assets/doi/press-releases/2021/September/pr_NYCHA_ind_9_20_2021.pdf,"outside vendor, NYCHA generally solicits multiple bids before awarding a contract. For smaller repairs involving contracts up to $10,000, NYCHA implemented the micro purchase process which does not require multiple bids. Instead, the superintendent or assistant ¦ with audio and video recording devices. A month later the defendant was recorded allegedly handing that assistant superintendent $450 in exchange for a micro purchase job at the development. The following year, in July 2019, in an unrelated incident, defendant ¦ job at the development. The following year, in July 2019, in an unrelated incident, defendant Surinder Singh, allegedly handed $600 cash to the superintendent of another NYCHA development in Brooklyn. The employee tried to return the money, but Singh allegedly ¦ Guriqbal Singh, discussing jobs at the development on numerous occasions and handing the undercover amounts of cash ranging from $500 to $1,000 in exchange for micro purchase jobs. The undercover at Lafayette Gardens allegedly recorded Kumar, Charanjit Singh and ¦ Singh, discussing jobs at the development on numerous occasions and handing the undercover amounts of cash ranging from $500 to $1,000 in exchange for micro purchase jobs. The undercover at Lafayette Gardens allegedly recorded Kumar, Charanjit Singh and another ¦ and May 2021 the defendants paid bribes or unlawful gratuities to NYCHA employees or undercover investigators totaling about $20,000 in cash, in addition to two $500 gift cards and four bottles of Johnnie Walker scotch with a total approximate value of $115 in ¦ bribes or unlawful gratuities to NYCHA employees or undercover investigators totaling about $20,000 in cash, in addition to two $500 gift cards and four bottles of Johnnie Walker scotch with a total approximate value of $115 in exchange for various jobs such as ¦ $20,000 in cash, in addition to two $500 gift cards and four bottles of Johnnie Walker scotch with a total approximate value of $115 in exchange for various jobs such as tile work, installation of tub enclosures, installation of a chain link fence, and repairing",6998,,1
2021-09-20,2021,september,Remarks of DOI Commissioner Margaret Garnett on Announcement of Indictment of Contractors for Allegedly Bribing City Housing Authority Employees For Small Procurement Contracts,https://www.nyc.gov/assets/doi/press-releases/2021/September/14CommRemarksPresser_9202021.pdf,"list for the most common micro- purchase jobs, to prevent vendors from charging at or close to the micro-purchasing limit of $10,000 for a range of jobs regardless of the true cost or value of the work. DOI has also taken other steps to protect taxpayer dollars",5824,,1
2021-09-28,2021,september,Longtime City Contractor Indicted for $1 Million Insurance Fraud,https://www.nyc.gov/assets/doi/press-releases/2021/September/MDA_Contractor_09_28_2021.pdf,"FOR IMMEDIATE RELEASE September 28, 2021 Contact: Emily Tuttle, tuttlee@dany.nyc.gov LONGTIME CITY CONTRACTOR INDICTED FOR $1 MILLION INSURANCE FRAUD Landscaping Company Misclassified Workers Performing Sidewalk and Road Repair for City of New York Manhattan ¦ (“D.B. Demo”), as well as their respective presidents NICHOLAS DRAGONETTI, 48, and VITO DRAGONETTI, 52, for evading more than $1 million in insurance premiums while working on City of New York contracts for sidewalk and road repair. The defendants are charged in a ¦ and heavy-equipment operators as florists, office workers, or sales representatives. As a result, DBLNF evaded more than $1 million in insurance premiums. During the same time period, D.B. Demo also misclassified several workers in NYSIF paperwork, claiming ¦ filed with BIC, the agency that oversees the private 3 carting industry in New York City. In total, D.B. Demo evaded more than $81,000 in insurance premiums. Report Tips to the D.A.’s Construction Fraud Task Force Workers are encouraged to send tips related to",7414,,1
2021-09-29,2021,september,"Bronx Woman Indicted in Rent Scam that Netted Nearly $100,000",https://www.nyc.gov/assets/doi/press-releases/2021/September/Estrella.BxDA.09.29.2021.pdf,"ATTORNEY, BRONX COUNTY 1 43-2021 For Immediate Release September 29, 2021 BRONX WOMAN INDICTED IN RENT SCAM THAT NETTED NEARLY $100,000 Defendant Allegedly Promised 16 People Rent-Stabilized Apartments, Likely Defrauded Dozens More, Preyed on Dominican Community ¦ Bronx District Attorney Darcel D. Clark today announced that a Bronx woman has been indicted for stealing approximately $99,000 from 16 people in a scheme promising rent-stabilized apartments to low-income individuals. District Attorney Clark said, “For ¦ entrusted her with their savings to attain rent-stabilized apartments. She has been indicted for defrauding 16 people of about $99,000, but it is believed she victimized as many as 63 people, stealing a total of approximately $300,000. “The victims, who include a ¦ defrauding 16 people of about $99,000, but it is believed she victimized as many as 63 people, stealing a total of approximately $300,000. “The victims, who include a grandmother and granddaughter, paid hefty deposits believing they would soon live in better ¦ great need for affordable housing in this City and twice victimized 16 New Yorkers seeking affordable housing -- charging about $99,000 in unnecessary broker fees without any ability to provide housing, leaving the victims poorer and still housing -insecure, ¦ and city agencies, as well as Councilman Ruben Diaz Sr.’s office. The defendant said the cost to obtain the apartment was $8,000 and that the victim had to pay $4,000 up front and pay the remainder when the keys and lease were turned over. Believing the ¦ Ruben Diaz Sr.’s office. The defendant said the cost to obtain the apartment was $8,000 and that the victim had to pay $4,000 up front and pay the remainder when the keys and lease were turned over. Believing the defendant was helping her, t he victim ¦ her, and told others about her as well. As charged in the indictment, 16 people ha d given Estrella deposits ranging from $3,000 to $ 16,000 for the apartments. After the victims paid the depos it, the defendant allegedly kept the money and the victims were",5070,,1
2021-10-04,2021,october,"D.A. Vance, DOI: Director of Contracts at New York City Health + Hospitals Corporation Charged with Public Corruption",https://www.nyc.gov/assets/doi/press-releases/2021/October/MDA.Robeson.HandH.10.04.2021.pdf,"of EUGENE ROBERSON, 54, a Director of Contracts for New York City Health + Hospitals Corporation (“HHC”), for stealing $64,000 from HHC between March 2018 and June 2021, and filing several false bank statements with DOI. ROBERSON is charged in a New York ¦ In addition, other financial records revealed that between March 2018 and June 2021, ROBERSON deposited 32 rent checks, totaling $64,000, from 542 Café to HHC into his own personal bank accounts. He then used these funds to pay for personal expenses, such as dining,",4931,,1
2021-10-04,2021,october,DOI Debuts Public Information Poster and Radio Campaign Promoting Deterrence Reminding City Employees and the Public to Call DOI about Corruption,https://www.nyc.gov/assets/doi/press-releases/2021/October/15PubInfoCampaign10.04.2021.pdf,,3925,,1
2021-10-05,2021,october,Four Defendants Charged with COVID-19 Fraud Scheme,https://www.nyc.gov/assets/doi/press-releases/2021/October/COVID-19HotelFraudPR.10.05.2021.pdf,"by Falsely Claiming to be Healthcare Workers and by Selling Hotel Rooms to Ineligible Individuals, Defrauding the Government of $400,000 Audrey Strauss, the United States Attorney for the Southern District of New York, Margaret Garnett, the Commissioner of the New ¦ and HEAVEN WEST for participating in a scheme that defrauded New York City’s COVID-19 Hotel Room Isolation Program of more than $400,000. LEWIS was also charged with a second COVID-19 scheme involving unemployment benefits fraud. LEWIS and DANIEL were arrested ¦ media and sold personal identification information of medical professionals to further their scheme, which siphoned more than $400,000 in hotel rooms paid for by the City and federal governments, according to the criminal complaint. DOI issued recommendations to ¦ rooms through this scheme. The defendants charged varying amounts depending on the duration of the customers’ hotel stay (e.g., $150 for one week, or $300 for two weeks). Customers paid the defendants in cash and using electronic payment services. The federal ¦ The defendants charged varying amounts depending on the duration of the customers’ hotel stay (e.g., $150 for one week, or $300 for two weeks). Customers paid the defendants in cash and using electronic payment services. The federal government and New York ¦ defendants in cash and using electronic payment services. The federal government and New York City paid more than approximately $400,000 for the hotel rooms that were fraudulently diverted as a result of the defendants’ scheme. LEWIS worked at a call center (“Call ¦ and making unauthorized sales of Program hotel rooms to ineligible individuals. For instance, LEWIS sold BENJAMIN, for $800, personal identifying information of at least five healthcare 1 As the introductory phrase signifies, the entirety of the text of ¦ LEWIS is also charged with a second COVID-19 scheme involving unemployment benefits fraud. LEWIS fraudulently obtained more than $45,000 in unemployment benefits by claiming falsely that she had not been employed since February 2020 due to a lack of work because of",10948,,1
2021-10-07,2021,october,DOI Investigation Leads to Arrest of City Housing Inspector with The Department of Housing Preservation & Development on Sexual Abuse and Related Charges,https://www.nyc.gov/assets/doi/press-releases/2021/October/18HPD_Martinez_10072021.pdf,"has been placed on modified duty as a result of this investigation. MARTINEZ currently earns an annual salary of approximately $6 1,598. According to the criminal complaint and DOI’s i nvestigation, in January 2020, the defendant was routed by HPD to a",4241,,1
2021-10-07,2021,october,DOI Issues Report on Probe into Misuse of the Mayor’s Security Detail,https://www.nyc.gov/assets/doi/press-releases/2021/October/16DetailRpt10_07_2021.pdf,"daily life but provide essential protection. Moreover, this investigation substantiated that Ne w York City expended more than $300,000 on travel costs alone for the Mayor’s security detail during his presidential run. Under existing COIB guidance, these expenses ¦ travel costs for the Mayor’s security detail during his presidential campaign. DOI determined that the City of New York expended $319,794 for the members of the Mayor’s security detail to travel on the Mayor’s presidential campaign trips. Mayor de Blasio has not",10746,,1
2021-10-07,2021,october,DOI's Investigation into Mayor de Blasio’s Security Detail,https://www.nyc.gov/assets/doi/press-releases/2021/October/DOI_Report_re_Security_Detail.pdf,"2019, The City published an article alleging that Mayor Bill de Blasio’s presidential campaign had at that point cost taxpayers $100,000 in EPU travel expenses, including airfare, hotel, meals, rental cars, and gasoline costs. Re uven Blau & Greg B. Smith, De Blasio ¦ rental cars, and gasoline costs. Re uven Blau & Greg B. Smith, De Blasio CrossCountry Presidential Run Takes NYC Taxpayers for a $100k Ride, T HE CITY, July 15, 2019, available at https://www.thecity.nyc/201 ¦ guests of th e Mayor, at his direction, without him present in the vehicle. DOI determined that the City of New York expended $319,794 for the members of Mayor de Blasio’s security detail to travel on the Mayor’s presidential campaign trips. Mayor de Blasio has",9454,,1
2021-10-07,2021,october,Remarks of DOI Commissioner Margaret Garnett Regarding DOI Report on Allegations Involving the Mayor’s Security Detail,https://www.nyc.gov/assets/doi/press-releases/2021/October/17DOICommRemarks10_07_2021.pdf,"of travel for the Mayor’s security detail during his presidential campaign. DOI determined that the City of New York expended $319,794.20 for the members of the Mayor’s security detail to travel on the Mayor’s presidential campaign trips. The campaign has not",11205,,1
2021-10-08,2021,october,DOC-DOI Operation Leads to Arrest of City Correction Officer and Inmate on Promoting Prison Contraband Charges,https://www.nyc.gov/assets/doi/press-releases/2021/October/19DOC_10082021.pdf,"SIMMS has been employed by DOC as a Correction Officer since December 2016, and receives an annual base salary of approximately $57,600. DOC suspended SIMMS upon arrest on Wednesday, October 6th. Commissioner Garnett thanked DOC Commissioner Vincent Schiraldi and",5810,,1
2021-10-15,2021,october,New York City Correction Officer Charged in Connection with Alleged Sexual Assault of Another Correction Officer in Bronx Parking Lot for the City’s Jail Barge,https://www.nyc.gov/assets/doi/press-releases/2021/October/20RWilson_10152021.pdf,"WILSON has been employed by DOC as a Correction Officer since June 2002, and receives an annual base salary of approximately $85,000. DOC suspended WILSON upon arrest. DOI Commissioner Garnett thanked Bronx County District Attorney Darcel D. Clark and her staff",4050,,1
2021-10-26,2021,october,Nine Therapists Arrested in Scheme to Defraud Program for Developmentally Disabled Children,https://www.nyc.gov/assets/doi/press-releases/2021/October/ADOLPHE_Arrests_Press_Release.pdf,"TO DEFRAUD PROGRAM FOR DEVELOPMENTALLY DISABLED CHILDREN Defendants Billed New York State Early Intervention Program More Than $3 Million For Therapy Sessions That Never Occurred A criminal complaint was unsealed today in federal court in Brooklyn charging Marsiste ¦ Tracy Gibson, Roselee Johnson, Jeannette Monclova, Manuel Moore, Kikelomo Ogundiran, and Dino Paolicelli with stealing more than $3 million from the New York State Early Intervention Program (the “EIP”), including more than $993,000 from Medicaid and more than ¦ with stealing more than $3 million from the New York State Early Intervention Program (the “EIP”), including more than $993,000 from Medicaid and more than $1,998,000 from the New York City Department of Health and Mental Hygiene (“NYC DOHMH”), an agency ¦ million from the New York State Early Intervention Program (the “EIP”), including more than $993,000 from Medicaid and more than $1,998,000 from the New York City Department of Health and Mental Hygiene (“NYC DOHMH”), an agency that receives federal funds. The EIP is a ¦ “This criminal case exemplifies the broad and damaging impact of corruption. These nine defendants not only stole more than $3.3 million in public funds but also robbed more than 200 New York City children of essential Early Intervention services they were entitled",6198,,1
2021-11-05,2021,november,DOI Investigation Leads to Arrest of Staten Island Homeowner on Bribery and Related Charges,https://www.nyc.gov/assets/doi/press-releases/2021/November/22ABuci11.05.2021.pdf,"Asbestos Inspector in a pre-arranged meeting with the defendant. During this meeting, BUCI handed the undercover investigator $2,200 in cash in exchange for not issuing the defendant asbestos violations . The asbestos-related violations include improper",4968,,1
2021-11-05,2021,november,DOI's Office of Inspector General for the NYPD Report Examines Use of NYPD's Body-Worn Camera Footage by City Police Oversight Agencies and Recommends the CCRB be Granted Direct Access to NYPD's BWC Footage Platform,https://www.nyc.gov/assets/doi/press-releases/2021/November/21BWCRelease.Rpt.11.05.2021.pdf,,16424,,1
2021-11-10,2021,november,DOI Issues Report Today on Corruption Vulnerabilities in the City's Oversight and Administration of Nonprofit Human Services Contracts,https://www.nyc.gov/assets/doi/press-releases/2021/November/23NFPRelease.Rpt.11.10.2021.pdf,"invoicing, and auditing of the nonprofit human service contracts it awards, and which in Fiscal Year 2020 expended more than $4 billion of the City’s funds. DOI has conducted dozens of investigations into corruption, waste, fraud, and other abuse involving these ¦ disruptions in services caused by COVID-19, the City made payments to nonprofit human service s contractors totaling more than $4 billion. These contractors supplement City government by delivering a variety of vital services—including housing, education, and health",13770,,1
2021-11-19,2021,november,Real Estate Businessman and Lawyer Arrested in Connection with Campaign Finance Scheme,https://www.nyc.gov/assets/doi/press-releases/2021/November/Migdol_SDNY_11192021.pdf,"in the matching funds program if they met certain criteria, and eligible candidates could receive up to approximately $3.4 million in public matching funds based on qualifying contributions. Candidate-1 filed a certification with the CFB in or about September",6010,,1
2021-11-22,2021,november,DOI Investigation Results in Six Guilty Pleas by Taxi and Limousine-Licensed Taxicab Drivers Who Defrauded Passengers Through Overcharging,https://www.nyc.gov/assets/doi/press-releases/2021/November/24TaxiFraud_11222021.pdf,"103 passengers for non- existent t olls and/or inflating toll charges for trips with a toll, totaling approximately $1,402 in overcharges between September 11, 2015, and March 17, 2017. The defendant is next due in court December 16, 2021. The ¦ approximately 620 customers for non-existent tolls and/or inflating toll charges for trips with a toll, totaling approximately $4,539 in overcharges between July 4, 2015, and March 18, 2017. • YEVGENY OSTROV, 60, of Brooklyn, N.Y., was charged with overcharging ¦ approximately 600 passengers for non- existent tolls and/or inflating toll charges for trips with a toll, totaling approximately $2,151 in overcharges between July 1, 2015, and January 15, 2016 . TLC revoked this defendant’s TLC license as a result of a matter ¦ approximately 153 passengers for non-existent tolls and/or inflating toll charges for trips with a toll, totaling approximately $1,350 in overcharges between October 24, 2015, and March 15, 2017. • ANVER KERIMOV, 62, of Staten Island, N.Y., was charged with ¦ approximately 116 passengers for non- existent tolls and/or inflating toll charges for trips with a toll, totaling approximately $1,270 in overcharges between approximately July 26, 2015, and February 7, 2017. • MOATAZ ATTIA, 44, of Queens, N.Y., was charged with ¦ approximately 330 passengers for non existent tolls and/or inflating toll charges for trips with a toll, totaling approximately $1,256 in overcharges between July 4, 2015, and January 25, 2017. • ALY EL-DOKSH, 48, of Bethpage, N.Y., was charged with overcharging ¦ approximately 242 passengers for non-existent tolls and/or inflating toll charges for trips with a toll, totaling approximately $1,076 in overcharges between approximately July 1, 2015, and March 17, 2017. This defendant failed to renew his TLC license, according",7321,,1
2021-12-13,2021,december,DOI Report Finds Mismanagement and Leadership Failures in the Lifeguard Division and Issues 13 Recommendations to Improve Management and Accountability,https://www.nyc.gov/assets/doi/press-releases/2021/December/LifeguardReleaseRpt12.13.2021.pdf,,13503,,1
2021-12-13,2021,december,Three Brooklyn Shopkeepers Indicted for Bribery Scheme to Receive Advance Notice of Health Department Inspections of Eateries,https://www.nyc.gov/assets/doi/press-releases/2021/December/DiSanto.etal.ind.12.13.2021.pdf,"promised the undercover two lucrative boxes in an annual Super Bowl pool, explaining that he would cover the cost of the $1,000 boxes which could ultimately lead to a $50,000 payoff. In exchange, the undercover agreed to give DiSanto advance notice of the ¦ boxes in an annual Super Bowl pool, explaining that he would cover the cost of the $1,000 boxes which could ultimately lead to a $50,000 payoff. In exchange, the undercover agreed to give DiSanto advance notice of the annual DOH inspections at Gourmet Grill, as well ¦ to help these people. That’s what I want.” In February 2020, it is alleged, the undercover met up with DiSanto to collect $16,000 cash in winnings from the Super Bowl boxes. The undercover and DiSanto allegedly met again, in February 2021, after the Super ¦ undercover and DiSanto allegedly met again, in February 2021, after the Super Bowl, and DiSanto allegedly gave the undercover $4,000 to continue the arrangement. The case was investigated by DOI’s Office of the Inspector General for the Department of Health and",6375,,1
2021-12-15,2021,december,"Brooklyn Contractors Indicted for Allegedly Stealing $93,000 from Five Customers Who Hired Them to Perform Plumbing and Gas Work",https://www.nyc.gov/assets/doi/press-releases/2021/December/DiMassi_Peter_et.al._ind_12_15_2021.pdf,"FOR IMMEDIATE RELEASE Wednesday, December 15, 2021 Brooklyn Contractors Indicted for Allegedly Stealing $93,000 From Five Customers Who Hired Them to Perform Plumbing and Gas Work Defendants, Who Were not Licensed, Allegedly Took Money for ¦ license numbers were listed on their estimates and contracts. The customers allegedly paid the defendants amounts ranging from $7,000 to $34,000 for work that was not properly performed or completed. At each property they allegedly walked off the job after ¦ numbers were listed on their estimates and contracts. The customers allegedly paid the defendants amounts ranging from $7,000 to $34,000 for work that was not properly performed or completed. At each property they allegedly walked off the job after getting into a",4404,,1
2022-01-11,2022,january,"DOI Arrests Bronx Resident on a Charge of Stealing More Than $50,000 in City Pension Funds",https://www.nyc.gov/assets/doi/press-releases/2022/January/01Pension_01112022.pdf,"CONTACT: DIANE STRUZZI TUESDAY, JANUARY 11, 2022 (212) 825-5931 DOI ARRESTS BRONX RESIDENT ON A CHARGE OF STEALING MORE THAN $50,000 IN CITY PENSION FUNDS Daniel G. Cort, Acting Commissioner of the New York City Department of Investigation (“DOI”), announced the ¦ York City Department of Investigation (“DOI”), announced the arrest today of a Bronx resident on a charge of stealing more than $52,000 in pension checks issued by the New York City Employees ’ Retirement System ( “NYCERS”) to a deceased pensioner . The alleged ¦ investigation, between November 2015 and May 2018, the defendant received deposits into her bank account totaling approximately $52,368.65 in payments that were unauthorized to be deposited into the defendant’s account and were intended for a New York City pensioner",5165,,1
2022-01-12,2022,january,"California Man Indicted for Stealing Identity of Army Veteran, Applying for Benefits, Including More Than $35,000 in Housing Subsidies",https://www.nyc.gov/assets/doi/press-releases/2022/January/middleton_kevin_ind_10_2021.pdf,"January 12, 2022 California Man Indicted for Stealing Identity of Army Veteran, Applying for Benefits, Including More Than $35,000 in Housing Subsidies Defendant and Girlfriend Variously Charged in 84 -Count Indictment; Victim of the Alleged Scheme is the Ex ¦ for benefits pursuant to the Supplemental Nutrition Assistance Program (SNAP) using Kevin Chapman’s identity and received $1,000 in benefits from May 31, 2018 and January 13, 2020. It is alleged that the defendants, using Kevin Chapman’s identity, received ¦ a military veteran. From November 2018 through the present, the U.S. Department of Housing and Urban Development paid more than $35,000 to subsidize the defendant’s rent at the Boulevard Houses in East New York. Furthermore, it is alleged, on June 8, 2019, police",6781,,1
2022-01-14,2022,january,Labor Broker Convicted of Insurance Fraud in Procuring Workers' Compensation Insurance,https://www.nyc.gov/assets/doi/press-releases/2022/January/02Consolidated01.14.2022.pdf,"to New York employers. As part of the negotiated plea, the company was promised a conditional discharge upon payment of $75,000 to NYSIF, the amount of the f raud. Sentencing was adjourned until January 17, 2023. The plea was entered before Judge Charlotte ¦ its application, CONSOLIDATED claimed that it was in the commercial cleaning business with a total annual payroll of less than $30,000. In fact, CONSOLIDATED w orked in the construction indus try, and its total annual payroll far exceeded $30,000. The f alse ¦ of less than $30,000. In fact, CONSOLIDATED w orked in the construction indus try, and its total annual payroll far exceeded $30,000. The f alse information provided by CONSOLIDATED allowed the company to receive insurance coverage through NYSIF at a lower ¦ was an outgrowth of another insurance fraud investigation, in which defendants are charged with scheming to evade more than $1 million in insurance premiums. That case is pending in court. Read more about it here:",4778,,1
2022-01-20,2022,january,DOI Issues 2021 Calendar Year-End Statistics,https://www.nyc.gov/assets/doi/press-releases/2022/January/Updated03CalendarYearEnd01_20_2022.pdf,"invoicing, and auditing of the nonprofit human service contracts it awards, and which in Fiscal Year 2020 expended more than $4 billion in City funds. The Report also drew on DOI’s observations from t he dozens of investigations it has conducted into corruption, ¦ pleaded guilty to Offering a False Instrument for Filing in the Second Degree, a class A misdemeanor, and was ordered to pay a $500 fine. In a separate investigation, DOI worked with the state Attorney General’s Offic e on a matter that led to the indictment of ¦ Working with the Manhattan District Attorney’s Office as part of the Construction Fraud Task Force, DOI helped recover more than $100,000 in stolen wages for 18 electrical workers who performed work on a construction site in Midtown Manhattan.  Two unlicensed ¦ charged with grand larceny and scheme to defraud for fraudulently representing they were licensed plumbers and allegedly taking $93,000 from five customers to perform work they never completed. 4 Bribery and Fraud  New York City Housing Authority (“NYCHA”) workers ¦ to the charges.  A landscaping company that was contracted by the City to conduct sidewalk and road repair was indicted for $1 million insurance fraud and charged with misclassifying workers on its applications to the New York State Insurance Fund in order to ¦ by falsely claiming to be healthcare workers and selling hotel rooms to ineligible individuals, defrauding the government of $400,000.  Seven Taxi and Limousine-licensed taxicab drivers pleaded guilty to defrauding passengers by overcharging on toll rates that ¦ the Supplemental Nutrition Assistance Program in which the defendants were charged with defrauding the program of approximately $22,000 in public funds. Public Corruption and Theft  A DOI investigation led to the arrest of the Director of Contracts at the City ¦ A DOI investigation led to the arrest of the Director of Contracts at the City Health + Hospitals (“H+H”) on charges of stealing $64,000 from Health + Hospitals and filing several false bank statements to DOI during its investigation.  A DOI investigation into an",20949,,1
2022-01-20,2022,january,DOI Statement on Sentencing of Final Defendant in Scheme that Stole $3.7 Million in City-Issued Public Assistance Checks,https://www.nyc.gov/assets/doi/press-releases/2022/January/04HRATheft01.20.2022.pdf,"DIANE STRUZZI THURSDAY, JANUARY 20, 2022 (212) 825-5931 DOI STATEMENT ON SENTENCING OF FINAL DEFENDANT IN SCHEME THAT STOLE $3.7 MILLION IN CITY-ISSUED PUBLIC ASSISTANCE CHECKS Daniel G. Cort, Acting Commissioner for the New York City Department of Investigation ¦ CONDE to 55 months and five years supervised release in connection with his role in a three- year long scheme to steal more than $3.7 million from the City Human Resources Administration (“HRA”) , which is part of the City Department of Social Services (“DSS”) . CONDE ¦ associates, who did not work for Deluxe, were involved in a scheme to steal more than 5,430 DSS checks totaling approximately $3. 7 million between 2016 and 2019. The defendants deposited the stolen checks into more than 100 different bank accounts. DOI",4823,,1
2022-02-07,2022,february,Former CEO of City-Funded Bronx Parent Housing Network Pleads Guilty to Conspiracy to Enrich Himself in a Bribery and Kickback Scheme,https://www.nyc.gov/assets/doi/press-releases/2022/February/05VictorRivera_02072022.pdf,,4424,,1
2022-02-08,2022,february,DOI Issues Report on its Investigation of Owner Occupancy and Tax Exemption Violations at a Queens Housing Development Created Through a City Urban Development Project,https://www.nyc.gov/assets/doi/press-releases/2022/February/06ArverneRelease.Rpt.02.08.22.pdf,"requirement while collecting tax exemptions. DOI also calculated that the 15 homeowners collectively have received approximately $1. 092 million in tax exemptions from Fiscal Years (“FYs”) 200 9 through 2021, the last full year tax bills were available from ¦ Room,” the “Ocean Breeze Room,” and the “Rooftop Terrace Room.” In total, between FYs 2013 and 2021, the couple received $40,000 in tax exemptions for their two Arverne by the Sea properties. • DOI found the City lacked an adequate system of accountability ¦ compliance, HPD di d not institute a process to coordinate with DOF to identify potential violations. In one instance, HPD paid $176,500 in Section 8 benefits , over nine years, to an individual homeowner for the rental of their Arverne by the Sea home to a tenant, ¦ ineligible to rent that property because the property had to be used as their primary residence. That homeowner received nearly $33,000 in improper tax exemptions on the property between FYs 2015 and 2021. • Weaknesses in enforcement mechanisms and documentation of ¦ Use of the Properties as Rentals, Investment Properties, and a Hotel ................... 6 c. The 15 Homeowners’ Receipt of Over $1 Million in Tax Exemptions ..................... 7 2. DOI Found That the City Lacked an Adequate System of Accountability for the Program ¦ DOI calculated tha t the 15 homeowners who violated the primary residence requirement received a total of approximately $1.092 million in tax exemptions through Fiscal Year 2021, the last full year available.1 DOI found evidence indicating that some of the 11",13997,,1
2022-02-28,2022,february,DOI Commissioner Jocelyn E. Strauber Marks First Day at DOI,https://www.nyc.gov/assets/doi/press-releases/2022/February/07FirstDayJS02_28_2022.pdf,,6520,,1
2022-03-22,2022,march,Construction Company and Owner Indicted for Manslaughter in Death of 5-Year-Old Girl Struck by Pillars Following Wall Collapse,https://www.nyc.gov/assets/doi/press-releases/2022/March/KCDA_Anwar_03_22_2022.pdf,,5882,,1
2022-03-31,2022,march,Eighth Annual Report Issued by DOI's Office of The Inspector General for The New York City Police Department,https://www.nyc.gov/assets/doi/press-releases/2022/March/08OIGNYPDAnnualRpt_Release_3312022.pdf,,13546,,1
2022-04-01,2022,april,Bronx Gang Member Charged with Double Murder and Shooting of 16-Year-Old,https://www.nyc.gov/assets/doi/press-releases/2022/April/pr_KaijohnsonArrest_40122.pdf,,6702,,1
2022-04-04,2022,april,"Attorney General James and DOI Commissioner Strauber Deliver $900,000 to 200 NYCHA Construction Workers Denied Fair Pay",https://www.nyc.gov/assets/doi/press-releases/2022/April/pr_OAG_PrevWage_4042022.pdf,"General’s Press Office/212-416-8060 nyag.pressoffice@ag.ny.gov Attorney General James and DOI Commissioner Strauber Deliver $900,000 to 200 NYCHA Construction Workers Denied Fair Pay Lintech Electric Failed to Pay Employees the Prevailing Wage Rate on NYCHA ¦ Investigation (DOI) Commissioner Jocelyn E. Strauber today announced their joint efforts to combat wage theft by securing nearly $900,000 for more than 200 workers who were underpaid by Lintech Electric (Lintech). An investigation found that over the course of three ¦ found that over the course of three years, Lintech disregarded the prevailing wage rate and underpaid its employees by almost $900,000 on multiple New York City Housing Authority (NYCHA) projects in all five boroughs. As a part of the agreement, Lintech will repay ¦ any more workers.” “Lintech, a subcontractor for general contractors hired by NYCHA through its guarantors, agreed to pay almost $900,000 to workers that it underpaid for over three years, in violation of New York’s Prevailing Wage Law,” said DOI Commissioner Jocelyn ¦ held financially accountable for underpaying workers as guarantors of Lintech’s underpayments. The companies will repay close to $900,000 in wages, supplemental benefits, interest, and penalties to be distributed to 200 impacted employees. Today’s agreement also bars ¦ also bars Lintech from performing, contracting, or subcontracting public work in New York state for five years, including a $30,000 penalty to cover the cost of the investigation. The Office of the Attorney General thanks NYCHA for its partnership in this",4874,,1
2022-04-05,2022,april,Two New York City Correction Officers Among Six Defendants Charged with Conspiring to Accept Bribes and Smuggle Contraband into Rikers Island Facilities for Gang Members,https://www.nyc.gov/assets/doi/press-releases/2022/April/pr_RikersCorrectionOfficers_40522.pdf,"gang members on Rikers Island. As alleged in one complaint, New York City Correction Officer Katrina Patterson accepted at least $34,090 in bribes from Ashley Medina and Imani Matthews on behalf of Michael Ross in exchange for Patterson smuggling contraband into the ¦ Hinds and others to violate DOC regulations. Hinds, who was incarcerated on unrelated offenses, arranged for approximately $9,780 in bribe payments to be sent to Burrell. In exchange, Burrell smuggled at least two unauthorized cell phones to Hinds, and also",6648,,1
2022-04-12,2022,april,New York Lieutenant Governor Brian Benjamin Charged with Bribery and Related Offenses,https://www.nyc.gov/assets/doi/press-releases/2022/April/Brian%20Benjamin Indictment PR.pdf,"from CC-1 in exchange for BENJAMIN’s use of his official authority and influence as a New York State senator to obtain a $50,000 state-funded grant (the “Grant”) for a non-profit organization controlled by CC-1 (“Organization-1”). BENJAMIN and others acting ¦ allocate to organizations in their districts for specified purposes. That additional funding included, among other things, up to $50,000 that BENJAMIN could allocate to school 1 As the introductory phrase signifies, the entirety of the text of the Indictment , and ¦ libraries, or non-profit organizations for educational purposes. BENJAMIN then called CC-1, told CC-1 he would be obtaining a $50,000 grant for Organization-1, and directed that the $50,000 be allocated to Organization-1. BENJAMIN chose not to allocate that ¦ purposes. BENJAMIN then called CC-1, told CC-1 he would be obtaining a $50,000 grant for Organization-1, and directed that the $50,000 be allocated to Organization-1. BENJAMIN chose not to allocate that funding to Organization-2, despite the fact that ¦ 2019 letter. On or about June 19, 2019, the New York State senate approved a resolution that, among other things, allocated $50,000 to Organization-1. The following day, BENJAMIN sent a text message to CC-1 with a screenshot of the resolution and stated, among ¦ “I will call to discuss!” On or about July 8, 2019, BENJAMIN met with CC-1. CC-1 provided BENJAMIN with three checks totaling $25,000 made out to BENJAMIN’s New York State senate campaign (the “Senate Campaign”). Two of the checks were written in the names of ¦ BENJAMIN later reminded CC-1 of his expectations again, including by presenting CC-1 with a novelty check representing the $50,000 at a fundraiser for Organization-1 held just one week before BENJAMIN became eligible to receive contributions for his ¦ companies (“LLCs”) that had made contributions to the Senate Campaign. This included the LLC through which CC-1 had made a $5,000 contribution during the July 8, 2019, meeting. A member of BENJAMIN’s staff sent BENJAMIN an email listing LLCs requiring",13352,,1
2022-04-12,2022,april,"Remarks of DOI Commissioner Jocelyn E. Strauber, Press Conference at the United States Attorney's Office for the Southern District of New York",https://www.nyc.gov/assets/doi/press-releases/2022/April/09JSRemarks04_12_2022.pdf,,2576,,1
2022-04-25,2022,april,"DOI Investigation Results in Arrest of Department of Correction Captain on a Charge of Stealing $40,000 in Alleged Investment Ruse",https://www.nyc.gov/assets/doi/press-releases/2022/April/10Francois04_25_2022.pdf,"APRIL 25, 2022 (212) 825-5931 DOI INVESTIGATION RESULTS IN ARREST OF DEPARTMENT OF CORRECTION CAPTAIN ON A CHARGE OF STEALING $40,000 IN ALLEGED INVESTMENT RUSE Jocelyn E. Str auber, Commissioner of the New York City Department of Investigation (“DOI”), announced ¦ (“DOI”), announced today the arrest of a Captain with the City Department of Correction (“DOC”) on a charge of stealing $40,000 from an individual as part of a purported investment agreement. DOI initiated its investigation after the victim reported the ¦ Commissioner Jocelyn E. Strauber said, “ As alleged in the complaint, this defendant promised to profitably invest the victim’s $40,000 but stole the funds instead, enriching himself at the victim’s expense and breaking the law. This defendant is a high- ranking ¦ their support.” According to the criminal complaint and DOI’s investigation, the victim agreed, by written contract, to invest $40,000 with FRANCOIS with a return of $15,000. The $55,000 total was due to the victim in October 2021. On September 3, 2021, the victim ¦ complaint and DOI’s investigation, the victim agreed, by written contract, to invest $40,000 with FRANCOIS with a return of $15,000. The $55,000 total was due to the victim in October 2021. On September 3, 2021, the victim met with FRANCOIS outside his Queens ¦ and DOI’s investigation, the victim agreed, by written contract, to invest $40,000 with FRANCOIS with a return of $15,000. The $55,000 total was due to the victim in October 2021. On September 3, 2021, the victim met with FRANCOIS outside his Queens County ¦ 2021. On September 3, 2021, the victim met with FRANCOIS outside his Queens County residence and provided FRANCOIS with a $40,000 cashier’s check. On December 21, 2021, after FRANCOIS gave conflicting responses to the victim’s inquiries about the status of ¦ DOI investigators reviewed bank records from an account in FRANCOIS ’s name, which revealed that FRANCOIS deposited the $40,000 cashier’s check into his account on September 4, 2021; and that b etween September 8 and September 10, 2021, FRANCOIS withdrew a",5607,,1
2022-05-03,2022,may,"Long Island Woman Indicted for Stealing $135,000 from New York City's Retirement System",https://www.nyc.gov/assets/doi/press-releases/2022/May/KCDA_Agyeman_05_03_2022.PDF,"FOR IMMEDIATE RELEASE Tuesday, May 3, 2022 Long Island Woman Indicted for Stealing $135,000 from New York City’s Retirement System Defendant Allegedly Impersonated Cousin to Claim Death Benefit Brooklyn District Attorney ¦ of Investigation Commissioner Jocelyn E. Strauber, today announced that a Long Island woman has been indicted for stealing $135,178 in ordinary death benefits from the New York City Employees’ Retirement System (NYCERS). As part of the theft, the defendant is ¦ in the indictment, this defendant impersonated her own cousin, including through the use of fraudulent documents, to obtain a $135,000 death benefi t. In so doing, she stole from her cousin, the legal beneficiary, and from the New York City Employees’ Retirement ¦ in t he cousin’s name. Furthermore, according to the investigation, on May 1, 2020, NYCERS mailed a check in the amount of $135,178 to the defendant’s address in Oceanside. The defendant is alleged to have then deposited the check at a Bethpage Federal Credit",4452,,1
2022-05-04,2022,may,"Family of Alleged Scam Artists Charged with Numerous Crimes, Including Grand Larceny, Identity Theft, Tax Fraud",https://www.nyc.gov/assets/doi/press-releases/2022/May/QDA.Scam.05.04.2022.pdf,"GRAND LARCENY, IDENTITY THEFT, TAX FRAUD As Alleged, Trio Fraudulently Gained Ownership of Deceased Laurelton Resident's $700K Home, Defrauded Section 8 Funding, Stole Covid Relief Funds & Filed Fake Unemployment Insurance Claims; One of the Defendants ¦ every trick in the book to pull off an assortment of illegal scams over more than a decade - including taking control of the $700,000-plus home of a longtime Laurelton resident who died in 2010. They stole people’s identities - including the identities of at ¦ of at least 20 children - to use in a large-scale tax fraud scheme, ripped off Section 8 and Covid relief funds, and filed $200,000 worth of false unemployment insurance claims. These defendants will now be held to account for their one-family crime spree."" ¦ Court claiming she was the heir to Mr. Butler’s estate. She was granted ownership of his house in 2020 and promptly took out a $200,000 mortgage. She also used the fake documents to obtain more than $100,000 in unclaimed funds owed to the Butler estate. ¦ ownership of his house in 2020 and promptly took out a $200,000 mortgage. She also used the fake documents to obtain more than $100,000 in unclaimed funds owed to the Butler estate. 718.286.6000 WWW.QUEENSDA.ORG QUEENS COUNTY DISTRICT ATTORNEY 125-01 QUEENS ¦ 2 While her daughter was allegedly stealing Mr. Butler’s house, defendant Stephanie Bailey allegedly stole almost $100k from the Housing Choice Voucher program commonly known as Section 8. According to the complaint, defendant Stephanie Bailey ¦ a fake lease - listing a fictitious landlord - for the Laurelton house. The Federal Government sent rent payments of almost $90k to the fake landlord, which defendants Chianti Bailey and Latonya Bailey Dostaly deposited into their own bank accounts. ¦ the defendants’ scheme, and more remain under investigation. In 12 fake tax returns, the defendants attempted to steal more than $52,000 from the NYS Tax Department and succeeded in stealing almost $38,000. Acting New York State Commissioner of Taxation and Finance",8423,,1
2022-05-12,2022,may,Long Island Man Indicted for Stealing Thousands of Dollars from Employees in Kickback Scheme,https://www.nyc.gov/assets/doi/press-releases/2022/May/QDA.Singh.05.12.2022.pdf,"to hire and fire workers. During this time, he allegedly hired the workers with the understanding that each was to pay him $50.00 per day for each day worked. When the victims complained or stopped paying, they were allegedly fired by the de fendant or",4036,,1
2022-05-23,2022,may,Former CEO of New York City-Funded Bronx Parent Housing Network Sentenced to Prison Term of 27 Months in Federal Court,https://www.nyc.gov/assets/doi/press-releases/2022/May/VictorRiveraSent_5232022.PDF,,3906,,1
2022-05-25,2022,may,"Staten Island Woman Charged with Stealing Approximately $9,600 in City Rental Subsidies",https://www.nyc.gov/assets/doi/press-releases/2022/May/Marrero_05252022_Release.pdf,"RELEASE CONTACT: DIANE STRUZZI WEDNESDAY, MAY 25, 2022 (212) 825-5931 STATEN ISLAND WOMAN CHARGED WITH STEALING APPROXIMATELY $9,600 IN CITY RENTAL SUBSIDIES Jocelyn E. Strauber, Commissioner of the New York City Department of Investigation (“DOI”), announced ¦ of the New York City Department of Investigation (“DOI”), announced the arrest of a Staten Island woman charged with stealing $9 ,603.08 in rental subsid ies administered by the City Human Resources Administration (“HRA”) from her six landlords between July ¦ HRA. The investigation determined that between July 2016 and March 2022, the defendant endorsed and deposited a total of $49,073.08 in DSS rental assistance checks payable to six landlords into accounts she or her associates controlled , even though she was not ¦ or her associates controlled , even though she was not authorized to do so. From those funds, the defendant paid her landlords $39,470 of those funds and kept the remaining $9, 603.08. Specifically, according to the criminal complaint, the defendant is charged ¦ was not authorized to do so. From those funds, the defendant paid her landlords $39,470 of those funds and kept the remaining $9, 603.08. Specifically, according to the criminal complaint, the defendant is charged with the following: • Defendant signed a ¦ lease for an apartment on 3 rd Avenue in Brooklyn, running from June 1, 2016 to May 31, 2017, and then endorsed and deposited a $900 rental assistance check issued by DSS to her landlord for that apartment. 2 • Defendant signed a lease for a second apartment on ¦ 2017 to August 31, 2018 , and then endorsed and deposited thirty rental assistance checks issued by DSS to her landlord totaling $17,152.50. • Defendant signed a lease for an apartment on Tioga Street on Staten Island, running from March 1, 2019 to February 28, 2020, ¦ 2019 to February 28, 2020, and then endorsed and deposited two rental assistance checks issued by DSS to her landlord totaling $1,300. • Defendant signed a lease for an apartment on Bay Street o n Staten Island, running from March 1, 2020 to February 28, 2021,",6762,,1
2022-05-31,2022,may,New Jersey Man Charged in $45 Million Scheme to Defraud NYC During Height of Pandemic Pleads Guilty to Conspiracy to Violate the Defense Production Act,https://www.nyc.gov/assets/doi/press-releases/2022/May/13RomanoGP05_31_2022.pdf,"212-825-5900 FOR IMMEDIATE RELEASE CONTACT: DIANE STRUZZI TUESDAY, MAY 31, 2022 (212) 825-5931 NEW JERSEY MAN CHARGED IN $45 MILLION SCHEME TO DEFRAUD NYC DURING HEIGHT OF PANDEMIC PLEADS GUILTY TO CONSPIRACY TO VIOLATE THE DEFENSE PRODUCTION ACT Jocelyn E. ¦ gouge the City of New York during the pandemic by making false and fraudulent statements to induce the City to pay more than $45 million for what ROMANO represented to be 3M-brand N95 respirators, a price that was more than 400% above the list price for such",4661,,1
2022-06-02,2022,june,Former General Counsel of NYC Board of Elections Pleads Guilty to Two Counts of Official Misconduct in Connection with Unauthorized Conduct with an Intern at the BOE and Another Individual,https://www.nyc.gov/assets/doi/press-releases/2022/June/14Richman_6022022.pdf,"from January 1999 until he resigned in January 2021 in the middle of this investigation. At that time, he received a salary of $193,730. Commissioner Strauber thanked Manhattan District Attorney Alvin Bragg and his staff for their prosecution of this matter.",5277,,1
2022-06-29,2022,june,Gang Members and Others Who Used Violence to Take Control of New York Fire Mitigation Industry Charged with Racketeering and Extortion,https://www.nyc.gov/assets/doi/press-releases/2022/June/Jatiek Smith et al. Indictment PR.pdf,,8458,,1
2022-07-01,2022,july,Brooklyn Scaffolding Company and its Foreperson Indicted for Reckless Endangerment and Criminal Mischief in Scaffolding Collapse,https://www.nyc.gov/assets/doi/press-releases/2022/July/KCDA_Scaffold_07012022.pdf,,6542,,1
2022-07-08,2022,july,Two Men Charged in $5.4 Million Scheme to Defraud New York City Program for Homeless Veterans,https://www.nyc.gov/assets/doi/press-releases/2022/July/pr_Rudean Weir and Jerome Weah Arrest.pdf,"OFFICE Wednesday, July 6, 2022 Nicholas Biase, Victoria Bosah http://www.justice.gov/usao/nys (212) 637-2600 TWO MEN CHARGED IN $5.4 MILLION SCHEME TO DEFRAUD NEW YORK CITY PROGRAM FOR HOMELESS VETERANS Damian Williams, United States Attorney for the Southern District ¦ States armed services seeking permanent housing by submitting hundreds of false applications for benefits and causing more than $5 million in fraudulent payments. Thanks to the efforts of the New York City Department of Investigation, the fraud has been exposed and ¦ that a particular company provided broker’s services in connection with the lease agreement (“Broker Company-1”). HRA paid over $5.4 million in EOSD payments and broker’s fees pursuant to the Landlord-1 EOSD Applications. Based on a review of approximately 60 of the ¦ fake documentation and information, and fraudulently induced HRA into making EOSD payments. HRA made EOSD payments of at least $5.4 million in connection with the Landlord-1 EOSD Applications. Of this $5.4 million, over $3.6 million was deposited into a bank account ¦ EOSD payments. HRA made EOSD payments of at least $5.4 million in connection with the Landlord-1 EOSD Applications. Of this $5.4 million, over $3.6 million was deposited into a bank account controlled by WEIR, and over $1 million was deposited into a bank account ¦ HRA made EOSD payments of at least $5.4 million in connection with the Landlord-1 EOSD Applications. Of this $5.4 million, over $3.6 million was deposited into a bank account controlled by WEIR, and over $1 million was deposited into a bank account controlled by 3 ¦ EOSD Applications. Of this $5.4 million, over $3.6 million was deposited into a bank account controlled by WEIR, and over $1 million was deposited into a bank account controlled by 3 WEAH. In addition, during this period, the bank account controlled by WEIR ¦ into a bank account controlled by 3 WEAH. In addition, during this period, the bank account controlled by WEIR paid over $1 million to a bank account held in the name of WEAH. * * * WEIR, 37, of Atlanta, Georgia, and WEAH, 46, of Edison, New Jersey, are",7049,,1
2022-07-25,2022,july,"NYC Department of Correction Captain, Three Officers Indicted for Reckless Endangerment in Rikers Island Inmate's 2019 Suicide Attempt",https://www.nyc.gov/assets/doi/press-releases/2022/July/79-2022 correction-officers-indicted-rikers-death.pdf,,4369,,1
2022-07-26,2022,july,Current City Employee and Former City Employee Charged with Defrauding New York State Medicaid Program,https://www.nyc.gov/assets/doi/press-releases/2022/July/16medicaidfraud_72622.pdf,"for doing so. TALOVIKOVA has been an employee of HRA since October 2006, and receives an annual salary of approximately, $43,600. She was suspended upon her arrest today. TUBMAN worked for HRA as an Eligibility Specialist from September 2000 to March 2009, ¦ from September 2000 to March 2009, and at the time of his separation from HRA received an annual salary of approximately $36,745. Commissioner Strauber thanked U.S. Attorney for the Eastern District of New York Breon Peace and his staff for their",4708,,1
2022-08-17,2022,august,D.A. Bragg Announces Indictment of Company for Stealing $1.7 Million from Worker Wages,https://www.nyc.gov/assets/doi/press-releases/2022/August/ManDA_SCA_08_17_2022.pdf,"D.A. Bragg Announces Indictment of Company for Stealing $1.7 Million from Worker Wages AUGUST 17, 2022 Electrical Company SAMCO Stole Wages Paid by City to Workers on NYCHA and SCA Projects ¦ SILVANO TRAVALJA and GIOVANNA “JOANNE” TRAVALJA and project foreman ZDRAVKO MAGLIC (“the defendants”) for stealing more than $1.7 million in wages from workers on School Construction Authority (“SCA”) and New York City Housing Authority (“NYCHA”) projects. The ¦ principals and project manager underpaid workers on City public housing and school construction projects, thereby stealing over $1 million in payments intended for those workers and defrauding the City School Construction Authority (SCA) and the City Housing ¦ Electrical Contractors (“Powertech”) and Cro-El Systems Corp. (“Cro-El”). As a result of this scheme, workers were paid between $25-$50 an hour – far less than the prevailing wage of $110-$116 per hour. As a result, the defendants stole more than $1.7 million ¦ Contractors (“Powertech”) and Cro-El Systems Corp. (“Cro-El”). As a result of this scheme, workers were paid between $25-$50 an hour – far less than the prevailing wage of $110-$116 per hour. As a result, the defendants stole more than $1.7 million in ¦ Corp. (“Cro-El”). As a result of this scheme, workers were paid between $25-$50 an hour – far less than the prevailing wage of $110-$116 per hour. As a result, the defendants stole more than $1.7 million in contract payments intended for workers. SAMCO and the ¦ (“Cro-El”). As a result of this scheme, workers were paid between $25-$50 an hour – far less than the prevailing wage of $110-$116 per hour. As a result, the defendants stole more than $1.7 million in contract payments intended for workers. SAMCO and the ¦ between $25-$50 an hour – far less than the prevailing wage of $110-$116 per hour. As a result, the defendants stole more than $1.7 million in contract payments intended for workers. SAMCO and the individual defendants went to great lengths to cover up their criminal",9456,,1
2022-09-09,2022,september,"Defendant Pleads Guilty to Accepting More Than $500,000 in Bribes in Connection with a Multi-Million Dollar New York City Public Works Contract",https://www.nyc.gov/assets/doi/press-releases/2022/September/EDNY.Djurasevic.09.09.2022.pdf,"Blustein Hass United States Attorney’s Office (718) 254-6323 PRESS RELEASE DEFENDANT PLEADS GUILTY TO ACCEPTING MORE THAN $500,000 IN BRIBES IN CONNECTION WITH A MULTI-MILLION DOLLAR NEW YORK CITY PUBLIC WORKS CONTRACT Defendant Oversaw Contracts for Company ¦ carried out by the Company’s plumbing sub-contractors in Staten Island, Queens and Brooklyn. Djurasevic accepted approximately $500,000 in bribes over five years from a subcontractor in exchange for, among other things, allowing the sub-contractor to overbill for ¦ Djurasevic also failed to report his true income to the Internal Revenue Service, which resulted in his failure to pay more than $114,000 in taxes. When sentenced, Djurasevic faces a total of 10 years in prison. The government’s case is being prosecuted by the",4546,,1
2022-09-15,2022,september,"New Jersey Man Convicted of Scheme to Defraud NYC During Pandemic Sentenced to Five Years Probation, 600 Hours of Community Service and an $8,000 Fine",https://www.nyc.gov/assets/doi/press-releases/2022/September/17romano09.15.2022.pdf,"MAN CONVICTED OF SCHEME TO DEFRAUD NYC DURING PANDEMIC SENTENCED TO FIVE YEARS PROBATION, 600 HOURS OF COMMUNITY SERVICE AND AN $8,000 FINE Jocelyn E. Strauber, Commissioner of the New York City Department of Investigation (“DOI”), issued the following statement ¦ statement on today’s sentencing of RONALD ROMANO, 60, to five years of probation, 600 hours of community service, and an $8,000 fine. ROMANO pleaded guilty in May 2022 to conspiring to violate the Defense Production Act, a misdemeanor, in connection with a ¦ of New York in the early months of the pandemic by making false and fraudulent statements to induce the City to pay more than $45 mill ion for what ROMANO represented to be 3M-brand N95 respirators, an amount more than 400% above the list price for such",4623,,1
2022-09-20,2022,september,Former Disaster Relief Consultant and Retired NYPD Inspector Pleads Guilty to Conspiring to Commit Federal Program Fraud in Connection with New York City's Hurricane Sandy Recovery Efforts,https://www.nyc.gov/assets/doi/press-releases/2022/September/Melnick%20Plea PR 09.20.2022.pdf,"which carries a maximum sentence of five years in prison. Under the terms of his plea agreement, MELNICK agreed to forfeit $387,749 and to pay restitution to NYC-OMB in the amount of $387,749. The maximum potential sentence in this case is prescribed by ¦ Under the terms of his plea agreement, MELNICK agreed to forfeit $387,749 and to pay restitution to NYC-OMB in the amount of $387,749. The maximum potential sentence in this case is prescribed by Congress and is provided here for informational purposes only, as",5015,,1
2022-09-20,2022,september,"Members of the ""Bully Gang"" Charged in Superseding Indictment with Murders, Racketeering, Arson, Narcotics Trafficking, Money Laundering, and Firearms Offenses",https://www.nyc.gov/assets/doi/press-releases/2022/September/EDNY_Bullygang_9202022.pdf,"and the purchase of high-value assets, including jewelry and cars. During the investigation, law enforcement seized more than $380,000 in cash, more than 15 firearms, six kilograms of cocaine, 600 grams of fentanyl, multiple luxury watches, and four vehicles with",9386,,1
2022-09-20,2022,september,Two New York City Correction Officers Plead Guilty to Accepting Bribes in Exchange for Smuggling Contraband Into Rikers Island for Gang Members,https://www.nyc.gov/assets/doi/press-releases/2022/September/EDNY_contraband_9202022.pdf,"in Brooklyn, New York City correction officer Krystle Burrell pleaded guilty to bribery, admitting that she accepted nearly $10,000 in bribe payments in exchange for smuggling contraband into Rikers Island. On August 16, 2022, New York City correction officer ¦ 16, 2022, New York City correction officer Katrina Patterson pleaded guilty to bribery, admitting that she accepted more than $34,000 in bribe payments in exchange for smuggling contraband into Rikers Island. Burrell and Patterson are employed by the New York ¦ all of its forms.” According to court documents and facts presented at the guilty plea proceedings, Patterson accepted at least $34,090 in bribes from co-conspirators on behalf of co-defendant Michael Ross in exchange for Patterson smuggling contraband into the ¦ Hinds and others to violate DOC regulations. Hinds, who was incarcerated on unrelated offenses, arranged for approximately $9,780 in bribe payments to be sent to Burrell. In exchange, Burrell smuggled at least two unauthorized cell phones to Hinds, and also",4937,,1
2022-09-21,2022,september,President of Queens-Based Construction Company Charged with Fraud in Connection with Homeless Shelter Contracts Worth $12 Million,https://www.nyc.gov/assets/doi/press-releases/2022/September/CheemaetalArrestPR.pdf,"637-2600 PRESIDENT OF QUEENS-BASED CONSTRUCTION COMPANY CHARGED WITH FRAUD IN CONNECTION WITH HOMELESS SHELTER CONTRACTS WORTH $12 MILLION Four Other Employees of Construction Company Also Charged in Connection with Years-Long Fraud and Money Laundering Scheme Damian ¦ Construction Co. Inc. (“AFL”), located in Queens, New York. AFL entered into public contracts with the City worth approximately $12 million to perform general contracting work at homeless shelters located in the City, including in the Southern District of New York. ¦ projects specified in the requests for payment submitted by LIAQUAT CHEEMA and ALI CHEEMA. To date, AFL has been paid at least $8 million for work purportedly performed pursuant to these contracts. In addition, during the same period, LIAQUAT CHEEMA and ALI CHEEMA,",8597,,1
2022-09-27,2022,september,Flatbush Landlord Sentenced to Jail and Probation in Connection with Fatal Fire that Left One Tenant Dead,https://www.nyc.gov/assets/doi/press-releases/2022/September/leon_evener_sen_9_8_2022 KCDA.pdf,,5695,,1
2022-10-03,2022,october,City Contractor Pleads Guilty to Filing False Receipts with the City,https://www.nyc.gov/assets/doi/press-releases/2022/October/18Islam_10032022FINAL.pdf,"specifically receipts reflecting materials purchased. During the term of the contract s, the defendant received approximately $95,270 from ACS. DOI’s investigation found that, from 2016 and 2017, the defendant submitted falsified invoices for payment to ACS that",4048,,1
2022-10-12,2022,october,"Eight Defendants, Including a Brooklyn Medical Doctor, and Three Pharmacists, Charged with Illegally Distributing More Than 1.2 Million Oxycodone Pills",https://www.nyc.gov/assets/doi/press-releases/2022/October/EDNY_Oxy_10_12__2022.pdf,"Illegally Distributing More Than 1.2 Million Oxycodone Pills Defendants Allegedly Conspired to Divert Oxycodone Worth at Least $24 Million Earlier today, in federal court in Brooklyn, a 10-count indictment was unsealed charging Dr. Somsri Ratanaprasatporn, her office ¦ that is the opioid epidemic.” “This structured drug trafficking ring’s operations started in a doctor’s office and ended with $24 million worth of diverted oxycodone on the streets. DEA and our law enforcement partners will continue to hold DEA Registrants and other ¦ one oxycodone 30 mg tablet, which was the dosage prescribed in this case, can be sold by dealers on the street for between $20 and $30 in New York City. As set forth in the indictment and publicly filed documents, between December 2018 and October 2022, ¦ oxycodone 30 mg tablet, which was the dosage prescribed in this case, can be sold by dealers on the street for between $20 and $30 in New York City. As set forth in the indictment and publicly filed documents, between December 2018 and October 2022, the ¦ 11,000 prescriptions for oxycodone, amounting to more than 1.2 million oxycodone pills, which carry a 3 street value of at least $24 million. Ratanaprasatporn, a pediatrician and general practitioner, and Smith, issued the prescriptions; Amin, Ennab and Elsayed filled",11179,,1
2022-10-14,2022,october,Longtime City Contractor Pleads Guilty to $1 Million Insurance Fraud,https://www.nyc.gov/assets/doi/press-releases/2022/October/10.14.22%20Dragonetti Brothers Plea Sentencing.pdf,"FOR IMMEDIATE RELEASE October 14, 2022 Contact: Kay Nguyen, nguyenk@dany.nyc.gov LONGTIME CITY CONTRACTOR PLEADS GUILTY TO $1 MILLION INSURANCE FRAUD Dragonetti Brothers Landscaping Paid $1.2 Million in Restitution, Barred from New York City Department of Design ¦ nguyenk@dany.nyc.gov LONGTIME CITY CONTRACTOR PLEADS GUILTY TO $1 MILLION INSURANCE FRAUD Dragonetti Brothers Landscaping Paid $1.2 Million in Restitution, Barred from New York City Department of Design and Construction and New York City Business Integrity Commission ¦ Demolition”), as well as their respective presidents NICHOLAS DRAGONETTI, 49, and VITO DRAGONETTI, 53, for evading more than $1 million in insurance premiums while working on City of New York contracts for sidewalk and road repair. Corporate defendant DRAGONETTI ¦ D.B. Demolition, and its principals placed workers' livelihoods in jeopardy to enrich themselves, pocketing more than $1 million in unpaid insurance premiums. As part of their guilty plea, the defendants have paid restitution to the New York State Insurance ¦ Insurance Fund on this investigation and we thank them for their hard work.” As part of this plea, the defendants have paid $1.2 million in restitution to NYSIF and have been debarred from all New York City Department of Design and Construction (“DDC”) and BIC ¦ and heavy-equipment operators as florists, office workers, or sales representatives. DRAGONETTI BROTHERS evaded more than $1.1 million in insurance premiums between 2017 and 2019 by intentionally misclassifying numerous employees on its applications to NYSIF for ¦ compensation insurance in order to avoid paying required premiums. During the same time period, D.B. DEMOLITION evaded more than $81,000 in insurance premiums by also misclassifying several workers in NYSIF paperwork, claiming the individuals were office workers",7809,,1
2022-10-19,2022,october,"D.A. Bragg, DOI Commissioner Strauber Announce Indictment of Six Real Estate Developers for Defrauding New York State’s 421-A Program",https://www.nyc.gov/assets/doi/press-releases/2022/October/HousingCase_PressConference_101922.pdf,"defrauding New York State’s 421-a tax exemption program meant to promote affordable housing, and collectively reaping more than $1.6 million in illegal property tax benefits. The investigation revealed that these developers, who owned six different Brooklyn apartment ¦ of Housing Preservation & Development (“HPD”). Instead, they were rented out at higher rates for years — sometimes more than $1,000 per month above the approved affordable level — to renters who did not qualify for affordable housing. The defendants are charged ¦ and for the City’s recovery from the pandemic, these landlords, as charged, enriched themselves by fraudulently obtaining over $1 million in tax credits from the City that were intended to promote affordable housing. Instead, it is alleged that these landlords ¦ in 2017 and 2018 stating the affordable units were reserved for affordable tenants. Approved affordable rent limits were set at $926 for 1-bedroom units and $1,042 for 2-bedroom units. The actual rent charged to tenants ranged from $1,900 to $2,700. The ¦ affordable units were reserved for affordable tenants. Approved affordable rent limits were set at $926 for 1-bedroom units and $1,042 for 2-bedroom units. The actual rent charged to tenants ranged from $1,900 to $2,700. The defendants received more than $435,000 ¦ rent limits were set at $926 for 1-bedroom units and $1,042 for 2-bedroom units. The actual rent charged to tenants ranged from $1,900 to $2,700. The defendants received more than $435,000 in property tax benefits between 2017 and 2020. 1140 REALTY GROUP LLC and ¦ were set at $926 for 1-bedroom units and $1,042 for 2-bedroom units. The actual rent charged to tenants ranged from $1,900 to $2,700. The defendants received more than $435,000 in property tax benefits between 2017 and 2020. 1140 REALTY GROUP LLC and GOLD were ¦ $1,042 for 2-bedroom units. The actual rent charged to tenants ranged from $1,900 to $2,700. The defendants received more than $435,000 in property tax benefits between 2017 and 2020. 1140 REALTY GROUP LLC and GOLD were approved to participate in 421-a in 2018 and",13061,,1
2022-10-19,2022,october,Remarks of DOI Commissioner Jocelyn E. Strauber: Press Conference on Affordable Housing Fraud,https://www.nyc.gov/assets/doi/press-releases/2022/October/19JSRemarks_housing_10_19_2022.pdf,"to determine if they were qualified, and they were paying higher rents. These tactics allowed the defendants to pocket more than $1.6 million in illegal property tax benefits, according to the charges. This charged conduct harms the City in two wa ys — it removes",3320,,1
2022-11-10,2022,november,Three New York City Correction Officers Charged with Fraud for Lying to Stay on Sick Leave for Over a Year,https://www.nyc.gov/assets/doi/press-releases/2022/November/pr_NYCCorrectionOfficersFraudArrest_11102022.pdf,"of the City’s jails.” As alleged in one complaint, New York City Correction Officer Steven Cange fraudulently obtained more than $160,000 in salary by being on sick leave from March 2021 to the present. Although Cange claimed that he suffered from symptoms of vertigo ¦ difficulty. As alleged in a separate complaint, New York City Correction Officer Monica Coaxum fraudulently obtained more than $80,000 in salary by being on sick leave from March 2021 to May 2022, and her fiancée, Correction Officer Eduardo Trinidad, fraudulently ¦ on sick leave from March 2021 to May 2022, and her fiancée, Correction Officer Eduardo Trinidad, fraudulently obtained more than $140,000 in salary by being on sick leave from June 2021 to November 2022. Although Coaxum claimed to suffer from multiple injuries, ¦ When approached by law enforcement, Coaxum admitted to forging some medical documents. Trinidad likewise obtained more than $140,000 by claiming to be too injured to work for over a year. Although he went to medical appointments with DOC wearing some combination",5317,,1
2022-11-22,2022,november,Brooklyn Woman Pleads Guilty to Scheme that Defrauded New York City COVID-19 Hotel Room,https://www.nyc.gov/assets/doi/press-releases/2022/November/22Daniel11.22.2022.pdf,"(212) 825-5931 BROOKLYN WOMAN PLEADS GUILTY TO SCHEME THAT DEFRAUDED NEW YORK CITY COVID-19 HOTEL ROOM ISOLATION PROGRAM OF OVER $400,000 Jocelyn E. Strauber, Commissioner of the New York City Department of Investigation (“DOI”), announced today the guilty plea of ¦ connection with her participation in a scheme that defrauded New York City’s COVID-19 Hotel Room Isolation Program of more than $400,000. DOI worked with the New York Region al Office of the U.S. Department of Labor - Office of Inspector General and the United",4708,,1
2022-12-02,2022,december,Brooklyn Woman Pleads Guilty to Defrauding the City's COVID-19 Hotel Room Isolation Program and The City Housing Authority,https://www.nyc.gov/assets/doi/press-releases/2022/December/23Lewis_12022022.pdf,"the guilty plea of the second defendant in a scheme to defraud the New York City COVID19 Hotel Room Isolation Program of over $400,000. This defendant also pled guilty to a separate scheme to defraud the New York City Housing Authority (“NYCHA”) . The United",5924,,1
2022-12-12,2022,december,DOI Investigation Results in Guilty Plea by a City Correction Officer for Misrepresentations about His Absence from His Post,https://www.nyc.gov/assets/doi/press-releases/2022/December/24Boyer12.12.2022.pdf,"supervisor did not follow BOYER. BOYER was employed by DOC since August 2009 and receives an annual base salary of approximately $92,073. Commissioner Strauber thanked Manhattan District Attorney Alvin Bragg and his staff for their prosecution of this matter; and",4264,,1
2022-12-14,2022,december,Final Two Defendants Plead Guilty in Fraud Involving COVID-19 Hotel Room Isolation Program,https://www.nyc.gov/assets/doi/press-releases/2022/December/25Benjamin.West_12142022.pdf,"two remaining defendants in a four-defendant scheme to defraud the New York City COVID-19 Hotel Room Isolation Program of over $400,000. The United States Attorney’s Office for the Southern District of New York prosecuted this case. Today, HEAVEN WEST, 22, of",5260,,1
2023-01-17,2023,january,NYC DOC Officers Indicted for Attempting to Cover Up Assault on Inmate by Correction Officer,https://www.nyc.gov/assets/doi/press-releases/2023/Jan/02-2023 Carl-Williams-Roy-Dewar-Jatan-Das-indicted-falsifying-information.pdf,,3821,,1
2023-01-18,2023,january,"DA Bragg, DOI Commissioner Strauber, NYPD Commissioner Sewell Announce Indictment in Massive Construction Industry Kickback Scheme",https://www.nyc.gov/assets/doi/press-releases/2023/Jan/1.18.13%20Baselice et al Press Release - Manhattan DA.pdf,"including LOUIS ASTUTO, 58, PAUL NOTO, 43, and FRANK CAMUSO, 59, the alleged scheme resulted in the theft of more than $5,000,000 from BASELICE’s firm’s clients. The 83-count New York County Supreme Court indictment charges all 50 defendants with Conspiracy ¦ distributed a portion of the proceeds to companies owned by CAMUSO and his family. In total, the subcontractors paid more than $4,200,000 in kickbacks to BASELICE (and companies and individuals related to him) and more than $2,800,000 in kickbacks to companies ¦ subcontractors paid more than $4,200,000 in kickbacks to BASELICE (and companies and individuals related to him) and more than $2,800,000 in kickbacks to companies controlled by BASELICE’s associates, including ASTUTO and NOTO. Though this corrupted bidding process, ¦ additional income for the subcontractors and additional kickbacks to BASELICE. In total, the defendants stole more than $5,000,000 from the developers over the course of the conspiracy. As a result, subpar work was sometimes completed by unqualified",8886,,1
2023-01-18,2023,january,Remarks of DOI Commissioner Jocelyn E. Strauber; Press Conference with the Manhattan District Attorney and NYPD Announcing Indictment in Construction Industry Kickback Scheme,https://www.nyc.gov/assets/doi/press-releases/2023/Jan/02Baselice02.18.2023.pdf,,5012,,1
2023-02-07,2023,february,Brooklyn Restaurant Owner Charged with Bribery to Avoid Health Code Violations,https://www.nyc.gov/assets/doi/press-releases/2023/Feb/03Argo02.07.2023.pdf,"Restaurant in Brookl yn, NY, on bribery charges. According to the criminal complaint and DOI’s investigation, BRAUNZBOURG gave a $300 cash bribe to a DOI undercover investigator posing as a Department of Health and Mental Hygiene (“DOHMH”) inspector, so that the ¦ on undercover video and audio footage removing currency from his pocket and counting it, and then offering the investigator a $200 cash “tip” for not reporting the violations. BRAUNZBOURG then increased the offer to $300, saying, “I give you $300, make it ¦ and then offering the investigator a $200 cash “tip” for not reporting the violations. BRAUNZBOURG then increased the offer to $300, saying, “I give you $300, make it nice, do not give me more violations. Help me out please, do something, whatever you can do,” ¦ a $200 cash “tip” for not reporting the violations. BRAUNZBOURG then increased the offer to $300, saying, “I give you $300, make it nice, do not give me more violations. Help me out please, do something, whatever you can do,” as alleged in the criminal ¦ whatever you can do,” as alleged in the criminal complaint. Per the complaint, BRAUNZBOURG then handed the undercover inspector $300 in cash. Commissioner Strauber thanked Brooklyn District Attorney Eric Gonzalez and his staff for t heir collaboration on this",5680,,1
2023-02-08,2023,february,"Former NYCHA Supervisor Convicted of Soliciting and Receiving a Bribe Sentenced to 33 Months in Prison and $100,000 Fine",https://www.nyc.gov/assets/doi/press-releases/2023/Feb/03GibbsSent02.08.2023.pdf,"(212) 825-5931 FORMER NYCHA SUPERVISOR CONVICTED OF SOLICITING AND RECEIVING A BRIBE SENTENCED TO 33 MONTHS IN PRISON AND $100,000 FINE Jocelyn E. Strauber, Commissioner of the New York City Department of Investigation (“DOI”), issued the following statement ¦ sentenced to 33 months in prison, three years’ supervised release, and 360 hours of community service and was ordered to pay a $100,000 fine and $4,000 in forfeiture and restitution. GIBBS will surrender on May 8, 2023. In October 2022, GIBBS, 58, of Bay Shore, ¦ months in prison, three years’ supervised release, and 360 hours of community service and was ordered to pay a $100,000 fine and $4,000 in forfeiture and restitution. GIBBS will surrender on May 8, 2023. In October 2022, GIBBS, 58, of Bay Shore, N.Y., pled guilty ¦ as the Resident Buildings Superintendent at Frederick Douglass Houses in Manhattan, N.Y., solicited and accepted approximately $2,000 in bribes from a NYCHA vendor, who was acting as a confidential informant for DOI, in exchange for awarding that vendor two jobs ¦ confidential informant for DOI, in exchange for awarding that vendor two jobs at a NYCHA property that were valued at just under $10,000 in total. GIBBS awarded these contracts for construction and repair work, which, because they were valued at less than $10,000, ¦ $10,000 in total. GIBBS awarded these contracts for construction and repair work, which, because they were valued at less than $10,000, were not subject to competitive bidding requirements. GIBBS began e mployment with NYCHA i n April 1987 and as a Resident ¦ e mployment with NYCHA i n April 1987 and as a Resident Buildings Superintendent was receiving an annual salary of approximately $93,630. He retired in September 2022, after he was charged in this case. In a separate matter, a second NYCHA Superintendent, JULIO",4732,,1
2023-02-08,2023,february,Three Defendants Plead Guilty in Scheme to Receive Advance Notice of Health Department Inspections,https://www.nyc.gov/assets/doi/press-releases/2023/Feb/OMaraPlea02_07_2023.pdf,"for that conduct, pleading guilty to federal offenses, including destroying evidence, and agreeing to repay the City nearly $225,000, forfeit over a quarter-million dollars, and pay any past-due taxes. DOI and our law enforcement partners in the U.S. Attorney’s ¦ residing in an apartment purchased by an individual at MELNICK’s direction. O’MARA fraudulently obtained more than approximately $250,000 from the City via Company-1 as a result of these schemes. Additionally, in or about February 2020, when the City began raising ¦ fraudulently obtaining housing reimbursements based on a fake lease and other fraudulent documentation. MELNICK agreed to pay $387,749 in forfeiture and restitution. MELNICK is scheduled to be sentenced by Judge Marrero on February 24, 2023. O’MARA is cooperating ¦ which carries a maximum sentence of 20 years in prison. Under the terms of his plea agreement, O’MARA agreed to forfeit $258,900 and to pay restitution to NYC-OMB in the amount of $224,687.26. The maximum potential sentences in this case are prescribed by ¦ Under the terms of his plea agreement, O’MARA agreed to forfeit $258,900 and to pay restitution to NYC-OMB in the amount of $224,687.26. The maximum potential sentences in this case are prescribed by Congress and are provided here for informational purposes only,",5073,,1
2023-02-08,2023,february,Three Defendants Plead Guilty in Scheme to Receive Advance Notice of Health Department Inspections,https://www.nyc.gov/assets/doi/press-releases/2023/Feb/05GourmetGrill02.08.2023.pdf,"pleas of three defendants in connection with a scheme to cover the entry fees (boxes) into an annual Super Bowl pool with a $50,000 potential payoff for a City Department of Health and Mental Hygiene (“DOHMH”) official in exchange for warnings about upcoming ¦ misdemeanor. As part of the plea agreements, JOHN DISANTO agreed to three years ’ probation and 16 weeks of community service, a $1,000 fine and $20,000 in forfeiture; JACK DISANTO agreed to three years’ ‘probation and 12 weeks of community service, a $1,000 fine ¦ part of the plea agreements, JOHN DISANTO agreed to three years ’ probation and 16 weeks of community service, a $1,000 fine and $20,000 in forfeiture; JACK DISANTO agreed to three years’ ‘probation and 12 weeks of community service, a $1,000 fine and $20,000 in ¦ a $1,000 fine and $20,000 in forfeiture; JACK DISANTO agreed to three years’ ‘probation and 12 weeks of community service, a $1,000 fine and $20,000 in forfeiture; and ROBERT CUBA agreed to three years’ probation and eight weeks of community service, a $1,000 ¦ and $20,000 in forfeiture; JACK DISANTO agreed to three years’ ‘probation and 12 weeks of community service, a $1,000 fine and $20,000 in forfeiture; and ROBERT CUBA agreed to three years’ probation and eight weeks of community service, a $1,000 fine and $20,000 ¦ $1,000 fine and $20,000 in forfeiture; and ROBERT CUBA agreed to three years’ probation and eight weeks of community service, a $1,000 fine and $20,000 in forfeiture. All three defendants are scheduled to be sentenced on May 24, 2023. DOI Commissioner Jocelyn E. ¦ $20,000 in forfeiture; and ROBERT CUBA agreed to three years’ probation and eight weeks of community service, a $1,000 fine and $20,000 in forfeiture. All three defendants are scheduled to be sentenced on May 24, 2023. DOI Commissioner Jocelyn E. Stra uber said, “ ¦ promised the undercover two entries (boxes) in an annual Super Bowl pool, explaining that he would cover the ir cost -- $1,000 per entry, a total of $2,000 -- which could ultimately lead to a $50,000 payoff. In exchange, the undercover agreed to give",6128,,1
2023-02-10,2023,february,Second Former NYCHA Supervisor Sentenced to Federal Prison for Accepting Bribes to Dole Out No-Bid Contracts,https://www.nyc.gov/assets/doi/press-releases/2023/Feb/06.Figueroa.02.09.2023.pdf,"an Assistant Resident Buildings Superintendent for the New York City Housing Authority (“NYCHA”), who accepted approximately $6,000 in bribes in exchange for awarding no-bid contracts to a confidential informant (“CI”). FIGUEROA pled guilty in November 2022 to ¦ Judge Denise L. Cote sentenced FIGUEROA to 15 months in prison and three years’ supervised release, and ordered him to pay $12,000 in forfeiture and restitution. DOI investigated this matter in partnership with t he office of Damian Williams, United States ¦ Bailey Ave - W 193 St. and Fort Independence StreetHeath Avenue developments in the Bronx, solicited and accepted approximately $6 ,000 in bribes from a C I in exchange for awarding no-bid NYCHA contracts that were valued at a total of approximately $46,622. ¦ $6 ,000 in bribes from a C I in exchange for awarding no-bid NYCHA contracts that were valued at a total of approximately $46,622. According to the complaint, in discussions with the CI about the bribe amounts, FIGUEROA first told the CI to pay whatever the ¦ amounts, FIGUEROA first told the CI to pay whatever the CI was comfortable with; later FIGUEROA proposed a bribe of between $700 and $1,000 per no-bid contract of approximately $5,000. FIGUEROA began employment at NYCHA In May 1999. His annual salary was ¦ FIGUEROA first told the CI to pay whatever the CI was comfortable with; later FIGUEROA proposed a bribe of between $700 and $1,000 per no-bid contract of approximately $5,000. FIGUEROA began employment at NYCHA In May 1999. His annual salary was approximately ¦ the CI was comfortable with; later FIGUEROA proposed a bribe of between $700 and $1,000 per no-bid contract of approximately $5,000. FIGUEROA began employment at NYCHA In May 1999. His annual salary was approximately $76,064 at the time of his resignation in ¦ per no-bid contract of approximately $5,000. FIGUEROA began employment at NYCHA In May 1999. His annual salary was approximately $76,064 at the time of his resignation in December 2022, one month after his guilty plea in this matter. In a separate matter Wednesday",5074,,1
2023-02-21,2023,february,DOI Issues Calendar Year-End Statistics,https://www.nyc.gov/assets/doi/press-releases/2023/Jan/01djurasevic01.09.2023.pdf,"(212) 825-5931 DEFENDANT WHO ACCEPTED HALF-A-MILLION DOLLARS IN BRIBES IS SENTENCED TO 18 MONTHS IN PRISON AND ORDERED TO PAY $570,000 IN FORFEITURE AND RESTITUTION Jocelyn E. Strauber, Commissioner of the New York City Department of Investigation (“DOI”), issued ¦ DJURASEVIC today in federal court in B rooklyn. In addition to a term of imprisonment, DJURASEVIC must also pay a fine of $25,000, $457,000 in forfeiture, and $114,000 in restitution. The office of Breon Peace, the United States Attorney for the Eastern ¦ today in federal court in B rooklyn. In addition to a term of imprisonment, DJURASEVIC must also pay a fine of $25,000, $457,000 in forfeiture, and $114,000 in restitution. The office of Breon Peace, the United States Attorney for the Eastern District of New ¦ in B rooklyn. In addition to a term of imprisonment, DJURASEVIC must also pay a fine of $25,000, $457,000 in forfeiture, and $114,000 in restitution. The office of Breon Peace, the United States Attorney for the Eastern District of New York, prosecuted this inv ¦ also fail ed to report his true income to the Internal Revenue Service, which resulted in his failure to pay more than $114,000 in income taxes. DOI Commissioner Jocelyn E. Strauber said, “ This defendant used his company’s contract with New York City as an",3759,,1
2023-02-21,2023,february,DOI Issues Calendar Year-End Statistics,https://www.nyc.gov/assets/doi/press-releases/2023/Feb/07.CY2022.02.21.2023FINAL.pdf,"consistent with CY2021 figures . • Closed 837 investigations, consistent with CY 2021 figures. • Collected nearly $2 million for the City as a result of DOI investigations, $1.35 million more than in CY 2021. • Reached 46,869 City employees through our ¦ investigations, consistent with CY 2021 figures. • Collected nearly $2 million for the City as a result of DOI investigations, $1.35 million more than in CY 2021. • Reached 46,869 City employees through our corruption- prevention module, webinars and in- person ¦ for reckless endangerment in connection with an inmate’s 2019 suicide attempt ; the arrest of a DOC Captain who allegedly stole $40,000 as part of an investment ruse; and fraud charges against three correction officers for falsely claiming illness to DOC to take ¦ A uthority (“SCA”) project in Queens and, in a separate matter, the indictment of an electrical company for allegedly stealing $1.7 million in worker wages on SCA and City Housing Authority projects . Another investigation resulted in the return of $900,000 to 200 ¦ $1.7 million in worker wages on SCA and City Housing Authority projects . Another investigation resulted in the return of $900,000 to 200 City Housing Authority construction workers who had been denied the prevailing wage rate on projects by an electrical ¦ 2022 included: • Theft from the City’s pension fund that result ed in two separate arrests, one involving the theft of more than $50,000 from a deceased pensioner; and one that resulted in charges against an individual who allegedly impersonated a cousin to claim ¦ one that resulted in charges against an individual who allegedly impersonated a cousin to claim death benefits, stealing over $135,000 from the City’s retirement system . • A City Job Opportunity Specialist with the Human Resources Administration (“HRA”) charged ¦ the identities of more than 20 children for use as dependent s in her family’s fake tax return s cheme. • Two men charged in a $5.4 million scheme to defraud a City program for homeless veterans in which they allegedly submitted more than 340 fraudulent applications",9119,,1
2023-03-02,2023,march,Construction Company Operator and Foreperson Convicted in Connection with Laborer's Death in Brooklyn Wall Collapse,https://www.nyc.gov/assets/doi/press-releases/2023/March/liu_jimmy_verdict_3_2023.pdf,,8225,,1
2023-03-07,2023,march,Three Former New York City Correction Officers Plead Guilty to Sick Leave Fraud,https://www.nyc.gov/assets/doi/press-releases/2023/March/NYC Correction Officers Fraud Guilty Pleas Press Release.pdf,"a close.” According to court documents and facts presented at the guilty plea proceedings, Cange fraudulently obtained more than $139,000 in salary while on sick leave from March 2021 to November 2022. During that period of time, Cange submitted more than 100 ¦ also observed Cange engaging in normal life activities with no apparent difficulty. Coaxum fraudulently obtained more than $80,000 in salary while on sick leave from March 2021 to April 2022, and Trinidad, her fiancée, fraudulently obtained more than $119,000 ¦ $80,000 in salary while on sick leave from March 2021 to April 2022, and Trinidad, her fiancée, fraudulently obtained more than $119,000 in salary while on sick leave from June 2021 to October 2022. Although Coaxum claimed to suffer from multiple injuries, evidence",4560,,1
2023-03-09,2023,march,Brooklyn Woman Pleads Guilty to Participation in Bribery and Kickback Scheme Involving Former CEO of New York City Nonprofit,https://www.nyc.gov/assets/doi/press-releases/2023/March/09.Levin.03.09.2023.pdf,,3979,,1
2023-03-09,2023,march,DOI Statement on Sentencing of Former Executive of Two Publicly-Funded Nonprofits for Stealing Hundreds of Thousands of Dollars from Those Organizations,https://www.nyc.gov/assets/doi/press-releases/2023/March/08.Williams.03.09.2023.pdf,"today in New York State Supreme Court by Judge April Newbauer to three years’ probation and ordered to pay restitution of $450,00 0 to the ARC Foundation. DOI investigated this case with the Office of Manhattan District Attorney Alvin Bragg and the Office of ¦ 2022 to Petit Larceny, a class A misdemeanor, and were sentenced to a conditional discharge. BARRERA was also ordered to pay $30,000 in restitution to the ARC Foundation. DOI Commissioner Jocelyn E. Strauber said, “Through kickbacks and deception, Williams ¦ ARC Foundation and ARC Fund through multiple schemes. In one scheme, the ARC Foundation paid HADNOTT’s Tondah Consulting group $40,000 annually for financial consulting services under WILLIAMS’s direction. I n exchange, HADNOTT kicked back approximately 25 percent ¦ I n exchange, HADNOTT kicked back approximately 25 percent of that payment to WILLIAMS annually, from 2010 through 2015, over $54,000 in total. In another scheme, WILLIAMS, acting in concert with BARRERA, stole from the ARC Foundation on two separate occasions; ¦ scheme, WILLIAMS, acting in concert with BARRERA, stole from the ARC Foundation on two separate occasions; WILLIAMS received $135,000 and BARRERA received $30,000. Lastly, WILLIAMS stole funds from the ARC Foundation and the ARC Fund by requesting reimbursements ¦ concert with BARRERA, stole from the ARC Foundation on two separate occasions; WILLIAMS received $135,000 and BARRERA received $30,000. Lastly, WILLIAMS stole funds from the ARC Foundation and the ARC Fund by requesting reimbursements for personal expenses that ¦ by requesting reimbursements for personal expenses that he falsely claimed were business expenses. WILLIAMS received more than $100,000 for near -monthly travel expenses to the Bahamas, Jamaica, and the Dominican Republic for himself, family, and friends, including ¦ Republic for himself, family, and friends, including lodging, restaurants, bar tabs, and taxis. WILLIAMS also received over $170,000 in reimbursements for frequent restaurant and bar tabs in New York City from the ARC Foundation and the ARC Fund. For more",6534,,1
2023-03-14,2023,march,D.A. Bragg Announces Trial Conviction of Correction Captain for Negligent Homicide,https://www.nyc.gov/assets/doi/press-releases/2023/March/3.14.23 Hillman Verdict.pdf,,4682,,1
2023-03-17,2023,march,DOI Statement on Sentencing of Retired NYPD Inspector for Conspiracy to Commit Federal Program Fraud Related to Hurricane Sandy Relief,https://www.nyc.gov/assets/doi/press-releases/2023/March/10.Melnick.031723.pdf,"to one count of conspiring to commit federal program fraud. Under the terms of his plea agreement, MELNICK agreed to forfeit $387,749 and to pay that amount in restitution to the New York City Office of Management and Budget (“OMB”). MELNICK has already paid the ¦ paid the full amount of restitution to the Clerk of the Court, which will now be transferred to the City. He was also fined $50,000. DOI’s investigation began in February 2020 when OMB reported that it had received a complaint claiming that consultants from",6148,,1
2023-03-21,2023,march,"Queens Couple Charged in $112,707 Public Benefits Scam",https://www.nyc.gov/assets/doi/press-releases/2023/March/11Selimovics03.21.2023.pdf,"FOR IMMEDIATE RELEASE CONTACT: DIANE STRUZZI TUESDAY, MARCH 21, 2023 ERIC LENKOWITZ (212) 825-5931 QUEENS COUPLE CHARGED IN $112,707 PUBLIC BENEFITS SCAM Jocelyn E. Strauber, Commissioner of the New York City Department of Investigation (“DOI”), announced today ¦ announced today the arrest of a Queens couple on federal charges of conspiracy to commit mail fraud relating to the theft of $112, 707 in state and federal benefits involving three separate public benefit programs . DOI investigated this matter in ¦ Magistrate Judge Vera M. Scanlon in U.S. District Court for the Eastern District of New York and they were each released on a $50,000 bond. DOI Commissioner Jocelyn E. Strauber said, “As charged, these defendants schemed to illegally obtain public benefits, ¦ In fact, the defendants owned numerous rental properties in New York and Pennsylvania from which they received just over $575, 000 between 2017 and 2022. In addition, SEAD SELIMOVIC repeatedly falsely stated in SNAP benefits ’ applications that his primary ¦ In connection with this fraudulent scheme, between about February 2017 and January 2023, the defendants received approximately $40,707 in DHE benefits, approximately $51,091 in SNAP benefits , and approximately $20,909 in Medicaid benefits to which they were not ¦ between about February 2017 and January 2023, the defendants received approximately $40,707 in DHE benefits, approximately $51,091 in SNAP benefits , and approximately $20,909 in Medicaid benefits to which they were not entitled. DOI Commissioner Strauber ¦ 2023, the defendants received approximately $40,707 in DHE benefits, approximately $51,091 in SNAP benefits , and approximately $20,909 in Medicaid benefits to which they were not entitled. DOI Commissioner Strauber thanked Breon Peace, United States Attorney for",6502,,1
2023-03-29,2023,march,"Couple Sentenced for Stealing Identity of Army Veteran, Applying for Benefits and Bail Jumping; Ordered to Pay $35,000 Restitution",https://www.nyc.gov/assets/doi/press-releases/2023/March/KCDA.QnsCouple.03.29.2023.pdf,"March 29, 2023 Couple Sentenced for Stealing Identity of Army Veteran, Applying for Benefits and Bail Jumping; Ordered to Pay $35,000 Restitution Defendants Sentenced to Five Months in Jail, Victim of the Scheme is the Ex-Husband of the Female Defendant Brooklyn ¦ preyed upon a U.S. Army veteran, stealing his identification to fraudulently obtain government benefits that included more than $35,000 in rent subsidies for their New York City Housing Authority apartment. Today’s sentence shows that committing identity theft to ¦ Chun to five months in jail and five years’ probation. The judge also executed a Judgment Order of Restitution in the amount of $34,399 for which the defendants are jointly liable. On March 15, 2023, Middleton pleaded guilty to first-degree identity theft and ¦ pursuant to the Supplemental Nutrition Ass istance Program (SNAP) using Kevin Chapman’s identity and received approximately $1,000 in benefits from May 31, 2018 and January 13, 2020. The defendants, using Kevin Chapman’s identity, received social services from ¦ and in November 2018 the couple moved into the apartment and the U.S. Department of Housing and Urban Development paid more than $35,000 to subsidize the defendant’s rent at the Boulevard Houses in East New York. Furthermore, on June 8, 2019, police went to the",6039,,1
2023-03-29,2023,march,"D.A. Bragg, DOI Commissioner Strauber, NYS Inspector General Lang Announce Guilty Plea of Unlicensed Labor Broker",https://www.nyc.gov/assets/doi/press-releases/2023/March/3.29.23%20Almonte Plea.pdf,"ALMONTE’s companies and lied to insurance carriers about the work being performed by his employees in order to evade more than $1 million in insurance premiums, leaving more than a hundred construction workers underinsured. He will be sentenced on May 17, 2023. ¦ in the Second Degree and Fraudulent Practices in violation of Workers’ Compensation Law § 114(3). He will be required to pay $500,000 in restitution to the New York State Insurance Fund (“NYSIF”) and will be sentenced to five years’ probation. The case represents ¦ to a violation of the workers compensation law regarding false statements in procuring workers’ compensation insurance. He paid $100,000 to the New York State Insurance Fund and carried a sentence of three years’ probation, 800 hours of community service and",6915,,1
2023-04-03,2023,april,D.A. Bragg Announces Guilty Pleas of Company and Employees for Stealing More Than $1 Million from Workers,https://www.nyc.gov/assets/doi/press-releases/2023/April/4.3.23 SAMCO Pleas.pdf,"2023 Contact: Kay Nguyen, nguyenk@dany.nyc.gov D.A. BRAGG ANNOUNCES GUILTY PLEAS OF COMPANY AND EMPLOYEES FOR STEALING MORE THAN $1 MILLION FROM WORKERS Electrical Company Stole Worker Wages Paid by City on NYCHA and SCA Projects Manhattan District Attorney Alvin L. ¦ SILVANO TRAVALJA and GIOVANNA “JOANNE” TRAVALJA and project foreman ZDRAVKO MAGLIC (“the defendants”) for stealing more than $1 million in wages from workers on School Construction Authority (“SCA”) and New York City Housing Authority (“NYCHA”) projects. MAGLIC ¦ to one count of Grand Larceny in the Second Degree and were sentenced January 5. As part of the plea, they paid a required $900,00 in stolen wages to workers and are now barred from all SCA and NYCHA contracts for five years. “It is unacceptable to steal from ¦ Corp. (“Cro-El”). The defendants paid their workers less than a quarter of what they were entitled to and pocketed more than $1 million in contract payments intended for its workers. As admitted in their pleas, from 2017 to 2021, the defendants submitted falsified ¦ their hourly rates of pay and benefits. Additionally, as admitted in MAGLIC’s plea, from March 2021 to June 2021, MAGLIC paid $4,000 in bribes to an SCA investigator on three different dates. The SCA suspended SAMCO from its projects in September 2021 after",5400,,1
2023-04-12,2023,april,Remarks of DOI Commissioner Jocelyn E. Strauber at Press Conference with the Bronx District Attorney and City Department of Buildings,https://www.nyc.gov/assets/doi/press-releases/2023/April/14JSRemarks04.12.2023.pdf,,4917,,1
2023-04-12,2023,april,Three Contractors Indicted in First Bronx Case Charging Manslaughter and Criminally Negligent Homicide in a Construction Fatality,https://www.nyc.gov/assets/doi/press-releases/2023/April/BxDAFatalBuildingCollapse.pdf,"corporate liability for the death or serious physical injury of an employee, a felony or misdemeanor, by a fine of up to $500,000. The dangerous conditions presented in this case are precisely why Carlos’ Law was enacted, but this case predates the statute. ¦ has not yet been arrested. According to the investigation, in early 2019, Atin Batra entered into a formal agreement to pay $1.2 million to Favored Design to construct a four-story, eight-unit residential building on a vacant lot he had purchased at 94 E.208th ¦ and sound construction practices. Okoro , a former employee of the NYC Department of Design and Construction, allegedly was paid $3,000 for the use of his credentials, and allegedly never visited the site. During the spring and sum mer of 2019, work continued at",9020,,1
2023-04-14,2023,april,DOI Statement on Two Defendants in $5.4 Million Scheme to Defraud NYC Homeless Veterans Sentenced to Prison,https://www.nyc.gov/assets/doi/press-releases/2023/April/15.Weir_Weah.04.14.23.pdf,"IMMEDIATE RELEASE CONTACT: DIANE STRUZZI FRIDAY, APRIL 14, 2023 ERIC LENKOWITZ (212) 825-5931 DOI STATEMENT ON TWO DEFENDANTS IN $5.4 MILLION SCHEME TO DEFRAUD NYC HOMELESS VETERANS SENTENCED TO PRISON Jocelyn E. Strauber, Commissioner of the New York City Department of ¦ the sentencing of RUDEAN WEIR, 37, of Atlanta, Georgia, and JEROME WEAH, 46, of Trenton, New Jersey, for their involvement in a $5.4 million scheme to defraud a program of the New York City Human Resources Administration (“HRA”) that provides cash assistance to ¦ and three years’ supervised release and ordered to forfeit his property in N ew Jersey. Both were ordered to pay a total of $5,388,769.60 in restitution. DOI investigated this case with the U .S. Department of Veterans Affairs , Office of the Inspector ¦ checks to Landlord-1, Broker Company-1 and the veteran named on a particular application. HRA made EOSD payments of at least $5.4 million in connection with these fraudulent EOSD applications. The checks were picked up in person at an HRA office in Manhattan by an ¦ signed for them under the name “Rudean Weir” and presented an identif ication bearing defendant WEIR’s likeness. Approximately $3.6 million was deposited into an account controlled by WEIR between October 2020 and May 2022. Another approximately $1 million was ¦ $3.6 million was deposited into an account controlled by WEIR between October 2020 and May 2022. Another approximately $1 million was deposited during that time into an account controlled by WEAH. During this period, about $1 million was transferred from the ¦ Another approximately $1 million was deposited during that time into an account controlled by WEAH. During this period, about $1 million was transferred from the bank account controlled by WEIR to the one held in WEAH’s name. The investigation was referred to DOI",5906,,1
2023-04-17,2023,april,Brooklyn Residents Indicted for Making and Selling Fake OSHA and Buildings Department Safety Cards,https://www.nyc.gov/assets/doi/press-releases/2023/April/KCDA.OSHA_ind_4_17_2023.pdf,counterfeit OSHA and SST cards. It is alleged Moore manufactured fake cards which were later sold to customers for between $200 and $650 per card. DOI also made an undercover purchase of a fraudulent OSHA-30 card and another type of fraudulent card from ¦ OSHA and SST cards. It is alleged Moore manufactured fake cards which were later sold to customers for between $200 and $650 per card. DOI also made an undercover purchase of a fraudulent OSHA-30 card and another type of fraudulent card from Bonello at,6112,,1
2023-04-18,2023,april,NYC DOC Officer Charged in Groping of Fellow Officer While Both Were on Duty in Rikers Island,https://www.nyc.gov/assets/doi/press-releases/2023/April/Bxda.DOCOfficer04.18.2023.pdf,,3359,,1
2023-04-20,2023,april,City DEP Employee Charged with Making Threatening and Abusive Calls to Customers Who Called with Questions About Their Water Bills,https://www.nyc.gov/assets/doi/press-releases/2023/April/17Jackson04.20.2023.pdf,"injury. JACKSON has been employed by DEP since December 2017 and currently receives an hourly salary that totaled approximately $3 4,720 in 2022. JACKSON still works in DEP’s Customer Services Bureau on Livingston Street, but he is no longer permitted to have",6977,,1
2023-04-27,2023,april,DOI Statement on Conviction of Man Who Preyed Upon Families in Need of Housing to Defraud Government Rental Assistance Programs,https://www.nyc.gov/assets/doi/press-releases/2023/April/18.Fishbein.04.27.23.pdf,"with renting out those properties. Through these two schemes, he stole hundreds of thousands of dollars – including more than $90,000 in federal funds – from HRA and HPD. . Fishbein was found guilty after a nearly two-week jury trial in the United States District ¦ FISHBEIN fraudulently obtained hundreds of thousands of dollars from HRA and HPD via this scheme, including more than $90,000 in federal funds. 2 The defendant also committed Medicaid fraud. Between 2014 and 2021, FISHBEIN received Medicaid benefits based ¦ on his false claims to HRA that he was financially eligible for the program. That scheme netted FISHBEIN at least approximately $49,524.80 in Medicaid benefits to which he was not entitled. Commissioner Strauber thanked U.S Attorney for the Southern District of New",4882,,1
2023-04-28,2023,april,D.A. Bragg Announces Jail Sentence of Correction Captain For Negligent Homicide,https://www.nyc.gov/assets/doi/press-releases/2023/April/4.28.23 Hillman Sentencing.pdf,,4578,,1
2023-05-01,2023,may,2022 Annual Anti-Corruption Report,https://www.nyc.gov/assets/doi/press-releases/2023/May/19AntiCorrRpt.Release.05.01.2023.docx.pdf,,16015,,1
2023-05-01,2024,may,"D.A. Bragg, DOI Commissioner Strauber Announce Indictment of Daniel Ohebshalom for Harassing Rent-Regulated Tenants",https://www.nyc.gov/assets/doi/press-releases/2024/May/DANYTenant05.01.2024.pdf,"46th Street, and the building had remained uninhabited since then. The buildings were jointly off ered for sale at a price of $11.7 million. SHALOM’s buildings were regularly cited by city agencies for unsafe conditions, requiring that a responsible party file",8605,,1
2023-05-02,2023,may,D.A. Bragg Announces Indictments in Wide-Ranging Construction Industry Fraud Scheme,https://www.nyc.gov/assets/doi/press-releases/2023/May/5.2.23%20Construction%20Fraud%20Rackets.pdf,"cash to fund their payrolls. During the course of the investigation, JM3 CONSTRUCTION LLC’s cash payroll typically amounted to $150,000 a week, which also included the company making large, weekly cash payments to certain subcontractors, including PINHEIRO and ¦ companies’ workforce size and payroll amounts. The indictment alleges that MGS CONSTRUCTION CORP. defrauded NYSIF of more than $1.7 million and continued to work following the cancelation of its insurance policy, thereby putting its workers at risk. JACG CONSTRUCTION ¦ its insurance policy, thereby putting its workers at risk. JACG CONSTRUCTION LLC is alleged to have defrauded NYSIF of more than $360,000 in premiums. The JM3 CONSTRUCTION ENTERPRISE engaged in a pervasive and multi-faceted M/WBE fraud scheme to obtain lucrative, ¦ Eco Geek Living, Inc. supplied goods/materials and services to JM3 CONSTRUCTION LLC on certain projects. In order to obtain a $1.5 million drywall contract for a project in Harlem, the JM3 CONSTRUCTION ENTERPRISE used URBAN STRATEGIES OF NEW YORK, INC. as a ¦ projects with inflated amounts to cover substantial bribes. In one instance involving a lucrative drywall contract for nearly $10 million, the price was inflated by $400,000 so that JM3 CONSTRUCTION LLC could pay a $50,000 kickback to ADRIAN ESPARRAGOZA, 48, the ¦ substantial bribes. In one instance involving a lucrative drywall contract for nearly $10 million, the price was inflated by $400,000 so that JM3 CONSTRUCTION LLC could pay a $50,000 kickback to ADRIAN ESPARRAGOZA, 48, the general contractor executive who awarded ¦ a lucrative drywall contract for nearly $10 million, the price was inflated by $400,000 so that JM3 CONSTRUCTION LLC could pay a $50,000 kickback to ADRIAN ESPARRAGOZA, 48, the general contractor executive who awarded them the project. ESPARRAGOZA, who is charged in ¦ York City Human Resources Administration, New York City Transit and two private companies. LASHAWN HENRY received approximately $81,000 in disability insurance payments from SSA. Additionally, $225,000 of her federal loan debt was discharged after she used her SSA",16613,,1
2023-05-02,2023,may,DOI Commissioner Jocelyn E. Strauber's Remarks at Press Conference with Manhattan District Attorney Alvin Bragg to Announce Indictments in Wide-Ranging Construction Industry Corruption Scheme,https://www.nyc.gov/assets/doi/press-releases/2023/May/20Remarks.ConstructionFraud05.02.2023.pdf,,4595,,1
2023-05-02,2023,may,Mechanic Indicted on Criminally Negligent Homicide in Fatal Elevator Plunge in Bronx Building,https://www.nyc.gov/assets/doi/press-releases/2023/May/29-2023-Fatal-Elevator-Collapse-Indictment-Peter-Milatz-.pdf,,4579,,1
2023-05-03,2023,may,DOI's Office of the Inspector General for the NYPD Issues Report Finding Overtime Hours Increase the Risk of Negative Policing Outcomes,https://www.nyc.gov/assets/doi/press-releases/2023/May/21OIGNYPD.OT.Rpt.Release.05.03.2023.pdf,,14953,,1
2023-05-04,2023,may,D.A. Bragg Announces Major Expansion of Construction Fraud Task Force,https://www.nyc.gov/assets/doi/press-releases/2023/May/5.4.23 Construction Fraud Task Force.pdf,"agencies are made aware of bad actors within the industry. Since 2018, the Construction Fraud Task Force has recovered more than $6 million in stolen wages. Cases investigated and prosecuted in conjunction with Construction Fraud Task Force partners include: • People ¦ partners include: • People v. Dragonetti Brothers Landscaping & Florist., et al o Misclassified 217 workers and evaded more than $1 million in insurance premiums while working on City of New York contracts for sidewalk and road repair o Two individuals & companies ¦ working on City of New York contracts for sidewalk and road repair o Two individuals & companies pled guilty to felonies, paid $1.2 million to NYSIF, and are now under monitorship o Debarred from New York City Department of Design and Construction contracts, required ¦ from the trade waste industry for three years • People v. SAMCO Electric Corp., et al. o Indicted for stealing more than $1.7 million in wages from workers and bribing an investigator to cover up a double-breasting scheme where projects were staffed by nonunion ¦ less than what New York City was paying the company in wages. o Company and its two principals pled guilty to felonies and paid $900,000 back to workers who had their wages stolen o The foreman also pled guilty to a felony and was sentenced to 6 months in jail o ¦ • People v. Ampak Electrical: o Wages were stolen from 18 construction workers who worked on the midtown Virgin Hotel project $112k wage theft scheme o Company pled guilty to felony, and paid back $112k upfront, which was distributed to workers o This case led ¦ workers who worked on the midtown Virgin Hotel project $112k wage theft scheme o Company pled guilty to felony, and paid back $112k upfront, which was distributed to workers o This case led to the creation of the Stolen Wage Fund with the New York State ¦ 2018 after he was ordered to “ride” a scaffolding system. o The company pleaded guilty to manslaughter and was required to pay $517,000 in stolen wages to 51 employees and $325,000 to NYSIF for insurance fraud. • People v. 3 Brothers GC Corp, et al o This indicment",9600,,1
2023-05-04,2023,may,DOI Issues Review of an Investigation by City Department of Correction (DOC) and DOC Vendor of Recording and Disclosure of Attorney-Client Communications in 2021,https://www.nyc.gov/assets/doi/press-releases/2023/May/22SecurusTechRpt.Release.05.04.2023.pdf,,16353,,1
2023-05-31,2023,may,"D.A. Bragg, DOI Commissioner Strauber, I.G. Lang Announce Sentencing of Unlicensed Labor Broker",https://www.nyc.gov/assets/doi/press-releases/2023/May/Almonte Sentencing Release.pdf,"LANG ANNOUNCE SENTENCING OF UNLICENSED LABOR BROKER Salvador Almonte Jr. Pleaded Guilty to Evading Insurance Premiums, Must Pay $500,000 in Restitution Manhattan District Attorney Alvin L. Bragg, Jr., New York City Department of Investigation Commissioner Jocelyn E. ¦ size of his companies and lied to insurance carriers about the work being performed by his employees in order to evade more than $1 million in insurance premiums, leaving more than one hundred construction workers underinsured. ALMONTE pleaded guilty on March 29, ¦ Fraudulent Practices in violation of Workers’ Compensation Law. He was sentenced to five years’ probation and is required to pay $500,000 in restitution to the New York State Insurance Fund. This case is part of the Office’s continued efforts to protect workers from ¦ to a violation of the workers compensation law regarding false statements in procuring workers’ compensation insurance. He paid $100,000 to the New York State Insurance Fund and carried a sentence of three years’ probation, 800 hours of community service, and ¦ Practices in violation of Workers’ Compensation Law § 114(3), a class E felony, one count Sentenced: • Five years’ probation • $500,000 restitution ###",7407,,1
2023-06-01,2023,june,City Child Protective Services Worker Charged with Exposing Himself to a Parent He Was Investigating,https://www.nyc.gov/assets/doi/press-releases/2023/June/23Latour05.31.23.pdf,"further contact with children or their families. LATOUR, an ACS employee since June 2011 with an annual salary of approximately $64 ,000, is currently on leave without pay. Commissioner Strauber thanked Queens District Attorney Melinda Katz and her staff for",5057,,1
2023-06-07,2023,june,"D.A. Bragg, DOI Commissioner Strauber Announce Arrest of City Worker for Timesheet Fraud",https://www.nyc.gov/assets/doi/press-releases/2023/June/6.7.23.DANY.%20DOICityTimeTheft.pdf,"9 to September 14, 2022 • Dallas, Texas, from February 18 to February 27, 2023 In sum, ALADE-GBAMI was paid approximately $21,000 by the City while he was traveling outside of New York City. While he was a Congregate Care Specialist, he used ACS’s contracted ¦ GPS records from the car service -- showed different arrival times than his timesheets. These discrepancies total more than $9,000 in stolen City time. Assistant D.A. Nina A. Vershuta is handling the prosecution of this case under the supervision of Assistant",5821,,1
2023-06-08,2023,june,Social Worker Sentenced to 42 Months in Prison for Defrauding Program for Developmentally Delayed Children,https://www.nyc.gov/assets/doi/press-releases/2023/June/Mensah%20Sentence%20Press%20Release.pdf,"a public program designed to provide remedial services to developmentally delayed children. Mensah was also ordered to pay over $177,000 in restitution. Mensah was convicted in December 2019 following a one-week trial. Breon Peace, United States Attorney for the ¦ billed Medicaid and EIP for more than 1,700 therapy sessions that never occurred, resulting in the theft of more than $145,000 in Medicaid funds and more than $29,000 in New York City Department of Health and Mental Hygiene funds. At the trial, several ¦ than 1,700 therapy sessions that never occurred, resulting in the theft of more than $145,000 in Medicaid funds and more than $29,000 in New York City Department of Health and Mental Hygiene funds. At the trial, several parents of special needs children testified",3959,,1
2023-06-15,2023,june,DOI Commissioner Statement on the Conflicts of Interest Board Findings Regarding Former Mayor Bill de Blasio's Misuse of his Security Detail,https://www.nyc.gov/assets/doi/press-releases/2023/June/24COIB.deblasio.06.15.2023.pdf,,1570,,1
2023-06-20,2023,june,D.A. Bragg Announces Jail Sentence for Project Foreman Involved in $1 Million+ Wage Theft Scheme,https://www.nyc.gov/assets/doi/press-releases/2023/June/Maglic Sentencing.pdf,"June 23, 2023 Contact: Kay Nguyen, nguyenk@dany.nyc.gov D.A. BRAGG ANNOUNCES JAIL SENTENCE FOR PROJECT FOREMAN INVOLVED IN $1 MILLION+ WAGE THEFT SCHEME Electrical Company Stole Worker Wages Paid by City on NYCHA and SCA Projects Manhattan District Attorney ¦ jail sentence of SAMCO ELECTRICAL CORPORATION (“SAMCO”) project foreman ZDRAVKO MAGLIC, 56, for his role in stealing more than $1 million in wages from workers and bribing a New York School Construction Authority investigator. MAGLIC pleaded guilty in April 2023 to ¦ one count of Grand Larceny in the Second Degree and were sentenced on January 5, 2023. As part of the plea, they paid a required $900,00 in stolen wages to workers and are now barred from all SCA and NYCHA contracts for five years. “Wage theft is a crime that takes ¦ Corp. (“Cro-El”). The defendants paid their workers less than a quarter of what they were entitled to and pocketed more than $1 million in contract payments intended for its workers. As admitted in MAGLIC’s plea, from March 2021 to June 2021, MAGLIC paid $4,000 in ¦ million in contract payments intended for its workers. As admitted in MAGLIC’s plea, from March 2021 to June 2021, MAGLIC paid $4,000 in bribes to an SCA investigator on three different dates. MAGLIC’s bribes were accepted by the SCA investigator as part of the ¦ about using the non-union workers, admitted it was wrong, and then, unsolicited, handed the investigator an envelope containing $2,000, stating that he knew he could go to jail. The SCA investigator and MAGLIC met again in April 2021 at P.S. 5 in Manhattan. MAGLIC ¦ go to jail. The SCA investigator and MAGLIC met again in April 2021 at P.S. 5 in Manhattan. MAGLIC gave the inspector another $1,000 in cash. MAGLIC and the investigator met a final time in June 2021 at P.S. 5, where MAGLIC gave the investigator another $1,000 ¦ $1,000 in cash. MAGLIC and the investigator met a final time in June 2021 at P.S. 5, where MAGLIC gave the investigator another $1,000 in cash. SAMCO principals SILVANO and GIOVANNA TRAVALJA, along with the company, each pleaded guilty to one count of Grand",5720,,1
2023-06-20,2023,june,FDNY Firefighter Indicted for Stealing Credit Cards from Deceased Patient During EMS Call,https://www.nyc.gov/assets/doi/press-releases/2023/June/36-2023 sylus-mckenzie-indicted-fdny-larceny_.pdf,"June 20, 2023 FDNY FIREFIGHTER INDICTED FOR STEALING CREDIT CARDS FROM DECEASED PATIENT DURING EMS CALL Defendant Charged $250 in Merchandise and Attempted to Charge $800 More Bronx District Attorney Darcel D. Clark and New York City Department of ¦ FOR STEALING CREDIT CARDS FROM DECEASED PATIENT DURING EMS CALL Defendant Charged $250 in Merchandise and Attempted to Charge $800 More Bronx District Attorney Darcel D. Clark and New York City Department of Investigation Commissioner Jocelyn E. Strauber today ¦ were made, and attempted , on the decedent’s missing credit cards . The defendant allegedly bought or tried to buy a total of $1,123.21 in purchases at a Sunoco Gas Station, a Food Bazaar Supermarket, and AirPods at Target. The case is being prosecuted by Assistant",4359,,1
2023-06-22,2023,june,"Former NYC DOC Officer, Inmate and Civilian Indicted for Smuggling iPhone into Rikers Island",https://www.nyc.gov/assets/doi/press-releases/2023/June/39-2023 bennie-green-indicted-rikers-smuggling.pdf,"June 22, 2023 FORMER NYC DOC OFFICER, INMATE AND CIVILIAN INDICTED FOR SMUGGLING iPHONE INTO RIKERS ISLAND CO Allegedly Took $2,500 Bribe For Sneaking Phone to Inmate Bronx District Attorney Darcel D. Clark and New York City Department of Investigation ¦ in a Rikers Island jail. District Attorney Clark said, “ The defendant, a Correction Officer at the time, allegedly took a $2,500 bribe for sneaking in an iPhone to an inmate. Contraband can lead to violence, and this officer tarnished his badge and put his ¦ cell in the Anna M. Kross Center. A few hours later, an associate of Wells sent three separate Zelle payments to Green, totaling $2,500. The case is being prosecuted by Assistant District Attorney Cassie Perez of the Public Integrity Bureau, under the supervision",4029,,1
2023-06-23,2023,june,NYC DOC Officer Indicted for Falsifying Suicide Training Completion for 74 Correction Officers,https://www.nyc.gov/assets/doi/press-releases/2023/June/40-2023 DOC officer Vinette Tucker Frederick indicted_final.pdf,,4606,,1
2023-06-27,2023,june,Former DOB Inspector Pleads Guilty to Accepting $500 in Cash to Overlook Construction Work Completed Contrary to Approved Plans,https://www.nyc.gov/assets/doi/press-releases/2023/June/25Crooks.06.27.2023.pdf,"CONTACT: DIANE STRUZZI TUESDAY, JUNE 27, 2023 ERIC LENKOWITZ (212) 825-5931 FORMER DOB INSPECTOR PLEADS GUILTY TO ACCEPTING $500 IN CASH TO OVERLOOK CONSTRUCTION WORK COMPLETED CONTRARY TO APROVED PLANS Jocelyn E. Strauber, Commissioner of the New York City ¦ a former Construction Inspector with the City Department of Buildings (“DOB”) pled guilty today to accepting a cash payment of $500 in exchange for approving construction work that did not follow the DOB-approved plans for the construction. This investigation ¦ of the lintels. Despite this failure to adhere to the plans, on January 12, 2023, the defendant agreed to approve the work for $500 in cash provided by the DOI undercover investigator posing as the property owner. Once the defendant received the $500 cash ¦ work for $500 in cash provided by the DOI undercover investigator posing as the property owner. Once the defendant received the $500 cash payment he left the property. The defendant was suspended from DOB upon his arrest on April 19, 2023. CROOKS began working ¦ 19, 2023. CROOKS began working at DOB as a Construction Inspector in 2017 and was receiving an annual salary of approximately $66,825 when he resigned pursuant to today’s guilty plea. Commissioner Strauber thanked Queens District Attorney Melinda Katz for",5673,,1
2023-06-28,2023,june,"DOI's Office of the Inspector General for the NYPD Issues Statement of Findings Regarding NYPD's Technical Assistance and Response Unit (""TARU"") and the Revised Handschu Guidelines",https://www.nyc.gov/assets/doi/press-releases/2023/June/26Handschu.Stment.Release.06.28.2023.pdf,,18760,,1
2023-06-29,2023,june,DOI Report Finds the City Department of Social Services Paid Substantial Broker's Fees to Place Clients into Private Housing Without Properly Vetting Potential Landlord-Broker Affiliations,https://www.nyc.gov/assets/doi/press-releases/2023/June/27DSS.BrokerRpt.Release.06.29.2023.pdf,"placement. DOI’s investigation focused on payments made to three brokers between 2010 through 2021, a period in which DSS paid $151.5 million in broker’s fees. While DOI examined only 38 placements during that period, a small fraction of the total, the investigation ¦ placements DOI reviewed that were paid to FutureHomes, Endless Realty, and Asset Homes during the 2010- 2021 period – more than $100,000 in total – were in violation of DSS’ s policy, due to the affiliat ion between the three brokerage firms -- FutureHomes, Endless ¦ were not affiliated, or failed to submit one of the required forms concerning landlord/broker affiliation. As a result, DSS paid $87,213.60 to FutureHomes for apartments rented by FutureHomes brokers Ashkenazi and Revivo that were owned or controlled by Ashkenazi and ¦ apartments rented by FutureHomes brokers Ashkenazi and Revivo that were owned or controlled by Ashkenazi and Revivo. DSS paid $19,581.30 to Endless Realty and Asset Homes for apartments rented by broker Azuaru that were owned or controlled by Azuaru. DOI found flaws ¦ by DSS to the broker is equal to 15 percent of the annual rent. According to DSS, between 2010 and 2021, DSS paid approximately $151,600,000 in broker ’s fees through 115,766 payments to brokers. The New York City Department of Investigation (DOI), with DSS’ s ¦ all the fees paid to FutureHomes, Endless Realty, and Asset Homes during the 2010 -2021 period (the “Relevant Period”) – over $100,000 in total – were in violation of DSS’s policy due to the affiliation between FutureHomes, Endless Realty , and/or Asset Homes and ¦ programs, including cash assistance, food assistance, and Medicaid. HRA has over 12,000 employees and administers over $10 billion in public assistance funds annually. 2 Ashkenazi, Revivo, and Azuaru are landlords that rent residential properties that they",13085,,1
2023-07-17,2023,july,Former City Parks Supervisor Charged with Sexually Abusing Subordinate at Bronx Park,https://www.nyc.gov/assets/doi/press-releases/2023/July/28Bracero07.17.2023.pdf,"at the time of the alleged conduct . When he retired in September 2022, BRACERO was receiving an annual salary of approximately $80,262. Commissioner Strauber thanked Bronx County District Attorney Darcel Clark, and the District Attorney’s Public Integrity Bureau,",3909,,1
2023-07-25,2023,july,Two Supervisors Charged with Federal Crimes in Connection with Beating of 16-Year-Old Resident at Bronx Juvenile Detention Center,https://www.nyc.gov/assets/doi/press-releases/2023/July/Seymour and Walker Arrest PR.pdf,,6243,,1
2023-07-28,2023,july,"City Public Housing Authority Caretaker Charged with Stealing Nearly $6,000 in City Wages",https://www.nyc.gov/assets/doi/press-releases/2023/July/29Maestre07.28.2023.pdf,"STRUZZI FRIDAY, JULY 28, 2023 ERIC LENKOWITZ (212) 825-5931 CITY PUBLIC HOUSING AUTHORITY CARETAKER CHARGED WITH STEALING NEARLY $6,000 IN CITY WAGES Jocelyn E. Strauber, Commissioner of the New York City Department of Investigation (“DOI”), announced the arrest on ¦ July 27, of a Caretaker with the New York City Housing Authority (“NYCHA”) on a charge of stealing time from the City, valued at $5,873 in wages . DOI’s investigation was prompted by NYCHA’s report of potential misconduct to DOI. The Office of Manhattan District ¦ not at work, and was at his residence, during his scheduled shifts. In total, as alleged, the defendant was paid approximately $5,873 in wages for time that he did not work. Paychecks for NYCHA employees are issued from NYCHA’s headquarters in Manhattan. MAESTRE ¦ Bronx Floating Staff in June 2010, and was hired as a Caretaker in January 2011. He receives an annual salary of approximately $46,278 and will be suspended based on the arrest. DOI Commissioner Strauber thanked Manhattan District Attorney Alvin Bragg and his",5299,,1
2023-07-31,2023,july,"D.A. Bragg, DOI Commissioner Strauber, DCWP Commissioner Mayuga Announce Indictment of Pedicab Driver for Bribery",https://www.nyc.gov/assets/doi/press-releases/2023/July/Pedicab07.31.2023.pdf,"MAYUGA ANNOUNCE INDICTMENT OF PEDICAB DRIVER FOR BRIBERY Pedicab Driver Shokhru Alimov Allegedly Proactively Offered $60,000 in Exchange for Authentic Pedicab Registration Plates Manhattan District Attorney Alvin L. Bragg, Jr., New York City Department ¦ of the registration plate lottery. As alleged, ALIMOV, a licensed pedicab driver, offered to pay a DCWP inspector a total of $60,000 for 34 pedicab registration plates. After making that offer, in separate conversations, ALIMOV offered to give $7,500 to the DCWP ¦ total of $60,000 for 34 pedicab registration plates. After making that offer, in separate conversations, ALIMOV offered to give $7,500 to the DCWP inspector for 15 DCWP pedicab registration plates immediately, an additional $7,500 to renew the plates in November ¦ ALIMOV offered to give $7,500 to the DCWP inspector for 15 DCWP pedicab registration plates immediately, an additional $7,500 to renew the plates in November 2023, along with more money for more pedicab registration plates in the future. ALIMOV is charged ¦ North Meadow Recreation Center, ALIMOV approached a senior inspector of DCWP conducting pedicab inspections and offered to pay $60,000 in exchange for his assistance in obtaining 34 pedicab registration plates. The DCWP inspector then immediately reported the ¦ where he offered the DCWP inspector money for DCWP pedicab registration plates. ALIMOV ultimately offered and agreed to give $7,500 to the DCWP inspector for 15 pedicab registration plates immediately and an additional $7,500 in November 2023 when the plates ¦ offered and agreed to give $7,500 to the DCWP inspector for 15 pedicab registration plates immediately and an additional $7,500 in November 2023 when the plates would be up for renewal. ALIMOV had also ordered additional pedicabs from a manufacturer and ¦ of DCWP headquarters in the Financial District. ALIMOV was arrested immediately after giving the DOI conﬁdential investigator $7,500 in exchange for 15 pedicab registration plates. Assistant D.A. Jaime Hickey-Mendoza is handling the prosecution of the case under",6098,,1
2023-08-03,2023,august,DOI Arrests Fire Department Emergency Medical Technician on Charges of Theft from Undercover Posing as a Patient,https://www.nyc.gov/assets/doi/press-releases/2023/August/30Carrillo08.03.2023.pdf,"2, of an Emergency Medical Technician (“EMT”) employed by the New York C ity Fire Department (“FDNY”) on charges of stealing $600 from a DOI undercover investigator posing as an ill patient. This type of undercover operation, also known as an integrity test, ¦ by the defendant, an EMT . During the transport the Undercover saw the defendant remove the Undercover’s wallet, which contained $1,100 in marked bills. Once the Undercover was dropped off at the Hospital, he discovered that $690 was missing from his wallet. A team ¦ wallet, which contained $1,100 in marked bills. Once the Undercover was dropped off at the Hospital, he discovered that $690 was missing from his wallet. A team of DOI investigators conducted surveillance of the operation , and stopped the 2 ambulance ¦ the 2 ambulance after it left the Hospital. DOI investigators approached the defendant, who was in the ambulance, and recovered $600 in marked bills from the defendant’s front right pocket. Investigators did not find the additional $90 that was missing from the ¦ ambulance, and recovered $600 in marked bills from the defendant’s front right pocket. Investigators did not find the additional $90 that was missing from the undercover investigator’s wallet. The defendant was immediately arrested. CARRILLO, JR., has been ¦ immediately arrested. CARRILLO, JR., has been employed as an EMT since October 2012, receives an annual salary of approximately $59,534, and was suspended upon his arraignment on criminal charges. Commissioner Strauber thanked Queens County District Attorney Meli",5241,,1
2023-08-09,2023,august,D.A. Bragg Announces Guilty Plea and Sentencing of Former Chief of Mayor de Blasio's Security Detail,https://www.nyc.gov/assets/doi/press-releases/2023/August/Howard Redmond.pdf,,6339,,1
2023-08-09,2023,august,Florida Woman Charged with Defrauding SNAP Recipients,https://www.nyc.gov/assets/doi/press-releases/2023/August/Singh Arrest PR.pdf,"employee to deceive more than a hundred SNAP recipients and gain access to their accounts, defrauding the recipients of about $50,000 in benefits, as charged in the Indictment. I thank HRA for referring the matter to DOI, and the Office of the United States ¦ of whom appear to be elderly — of their SNAP benefits. In total, SINGH defrauded the victims out of at least approximately $49,754.52 in benefits. SNAP provides low-income individuals with electronic benefits that can be used like cash to purchase food. People",4265,,1
2023-08-10,2023,august,DOI Appoints Jeanene L. Barrett as Inspector General for the New York City Police Department,https://www.nyc.gov/assets/doi/press-releases/2023/August/31OIGNYPD.IG.Resume08.10.2023.pdf,,15022,,1
2023-08-18,2023,august,"ACS Employee at Horizon Juvenile Center Indicted for Stealing $6,600 in Pay for Hours He Didn't Work",https://www.nyc.gov/assets/doi/press-releases/2023/August/michael-derico.pdf,"52-2023 For Immediate Release August 18, 2023 ACS EMPLOYEE AT HORIZON JUVENILE CENTER INDICTED FOR STEALING $6,600 IN PAY FOR HOURS HE DIDN’T WORK Bronx District Attorney Darcel D. Clark and NYC Department of Investigation Commissioner Jocelyn ¦ for Children’s Services employee at Horizon Juvenile Center has been indicted on Grand Larceny charges for stealing $6,600 by lying about his work hours. District Attorney Clark said, “The defendant allegedly lied in his timesheets and was paid for ¦ allegedly lied in his timesheets and was paid for nine full shifts and numerous other hours that he did not work, totaling $6,600. City employees are entrusted with serving the public honestly. The defendant allegedly did the opposite and has now been ¦ it appear as if he was at work for not only his scheduled time but also for overtime hours. The defendant was paid approximately $6,600 from New York City for nine shifts and numerous other hours he did not work. 198 EAST 161ST STREET BRONX, N.Y. 10451 (718)",3783,,1
2023-08-23,2023,august,Current and Former City Health Department Employees Charged with Stealing Gift Cards Meant for HIV & AIDS Research Participants,https://www.nyc.gov/assets/doi/press-releases/2023/August/32Khan.BurgessThomas08.22.2023.pdf,"Visa and Mastercard gift cards that were ordered for HIV Prevention on KHAN’s desk. These gift cards were valued at a total of $950 when ordered but no longer had funds on them. The investigation also found an additional 32 Amazon electronic gift cards , valued ¦ no longer had funds on them. The investigation also found an additional 32 Amazon electronic gift cards , valued at a total of $800, that were uploaded to an Amazon account in KHAN’s name with a shipping address that matched the address in his personnel file. ¦ of the business records of Omnicard, the investigation found another six Visa and Mastercard gift cards valued at a total of $450 that were used in KHAN’s name. KHAN admitted to using gift cards for personal transactions, including three transactions at Time ¦ including three transactions at Time Warner Cable. Investigators also discovered 32 purchases made with gift cards, a total of $1,505, in the name of BURGESS-THOMAS, who admitted to using DOHMH gift cards for personal use. The investigation found that purchases ¦ employment with DOHMH in April 1999, retired during this investigation in December 2022 with an annual salary of approximately $110,754. BURGESS-THOMAS has worked for DOHMH since June 1989 and receives an annual salary of approximately $94,847. Commissioner ¦ of approximately $110,754. BURGESS-THOMAS has worked for DOHMH since June 1989 and receives an annual salary of approximately $94,847. Commissioner Strauber thanked Queens District Attorney Melinda Katz , and the District Attorney’s Public Integrity Bureau,",6042,,1
2023-08-24,2023,august,Former ACS Youth Development Specialist Charged in Workers’ Compensation Fraud,https://www.nyc.gov/assets/doi/press-releases/2023/August/33Israel08.24.2023.pdf,"Youth Development Specialist (“YDS”) on charges that he engaged in w orkers’ compensation fraud, illegally obtaining over $18,000. DOI’s investigation was prompted by a report from another ACS employee that the defendant, while on leave, worked for Uber Eats ¦ benefits they are not entitled to.” Bronx District Attorney Darcel D. Clark said, “ The defendant allegedly made more than $19,000 working for Uber Eats while simultaneously claiming he was fully disabled and receiving over $18,000 in worker’s compensation ¦ allegedly made more than $19,000 working for Uber Eats while simultaneously claiming he was fully disabled and receiving over $18,000 in worker’s compensation benefits. Dishonest public employees will be held accountable for schemes to take taxpayer money that ¦ as a result of these submissions and false statements, the New York State Workers’ Compensation Board remitted approximately $18,370 in unemployment benefits to ISRAEL, which he was not entitled to receive. Documents received from Uber, as well as bank records ¦ that from August 2020 through September 2021, ISRAEL w orked as a driver employed by Uber Eats, and was paid approximately $19,695 by Uber during that period, as alleged in the complaint. The complaint also alleges that ISRAEL was observed playing basketball ¦ full duty at ACS on February 8, 2022. ISRAEL started as a YDS in June 2019, and was receiving an annual salary of approximately $56,097 in April 2023, when he was terminated for reasons unrelated to DOI’s investigation. Commissioner Strauber thanked ACS",6308,,1
2023-08-28,2023,august,Health Department Employee Charged with Stealing Gift Cards meant for HIV & AIDS Program Participants,https://www.nyc.gov/assets/doi/press-releases/2023/August/34Hubbard08.28.2023.pdf,"to take gift cards for their personal use. On November 17, 2017, BHHS purchased 24 physical Amazon gift cards with a value of $50 each. A review of Amazon records revealed that the value of 23 of those cards, $1,150 in total, were uploaded to an Amazon ¦ 24 physical Amazon gift cards with a value of $50 each. A review of Amazon records revealed that the value of 23 of those cards, $1,150 in total, were uploaded to an Amazon account in HUBBARD’s name, with a phone number and billing address matching the information ¦ 22, 2019, and January 4, 2020. HUBBARD has worked for DOHMH since April 2016 and receives an annual salary of approximately $127,682. Commissioner Strauber thanked Queens District Attorney Melinda Katz , and the District Attorney’s Public Integrity Bureau,",5410,,1
2023-08-30,2023,august,"D.A. Bragg Returns $50,000 in Stolen Wages to New York City Workers Through Office's ""Stolen Wage Fund""",https://www.nyc.gov/assets/doi/press-releases/2023/August/Stolen Wage Fund Partners.pdf,"JR., DISTRICT ATTORNEY FOR IMMEDIATE RELEASE August 30, 2023 Contact: Emily Tuttle, tuttlee@dany.nyc.gov D.A. BRAGG RETURNS $50,000 IN STOLEN WAGES TO NEW YORK CITY WORKERS THROUGH OFFICE’S ""STOLEN WAGE FUND"" Seven Workers Receive First Set of Checks ¦ now-defunct Ampak Electrical Services who performed electrical work at the site of the midtown Virgin Hotel in 2021 received the $50,000 pay promised to them for nearly 1,800 total hours of work. D.A. Bragg personally distributed the checks to the seven workers ¦ 2021, Ampak Electrical Services pleaded guilty to the felony of Scheme to Defraud in the First Degree and was required to pay $112,176 to 18 workers as part of the disposition. The seven workers receiving a total of $50,000 in payments today came forward after ¦ First Degree and was required to pay $112,176 to 18 workers as part of the disposition. The seven workers receiving a total of $50,000 in payments today came forward after restitution was paid and the company folded. Created in February 2023, the D.A.’s Stolen ¦ bankruptcy or otherwise cannot repay stolen wages. After evaluating the initial one-year pilot, the Office may invest up to $500,000 in the Fund. According to the Memorandum of Understanding signed earlier this year, the Department of Labor will vet claims and",4656,,1
2023-09-13,2023,september,"D.A. Bragg, DOI Commissioner Announce Sweeping Bribery, Conspiracy Indictments Against Former DOB Commissioner Eric Ulrich, Multiple Associates",https://www.nyc.gov/assets/doi/press-releases/2023/September/DANY.EU.09.13.2023.pdf,"COMMISSIONER ERIC ULRICH, MULTIPLE ASSOCIATES Ulrich Charged in Five Separate, Wide-Ranging Indictments for Accepting More Than $150,000 Worth of Bribes as New York City Councilmember, Senior Advisor to the Mayor, and New York City Department of Buildings ¦ court and statements made on the record in court. 2 D.A. Bragg said: “We allege that Eric Ulrich accepted or solicited more than $150,000 worth of bribes in less than two years by monetizing each elected and appointed role he held in New York City government. At ¦ Ulrich, as Buildings Commissioner, Senior Advisor to the Mayor and City Councilmember, monetized his influence in exchange for $150,000 in cash and gifts from the other defendants, promising them favors such as expedited inspections and City employment for their ¦ records from various city agencies. According to court documents, since at least 2021, ULRICH solicited and received more than $150,000 worth of cash and gifts from multiple sources, including JOSEPH LIVRERI, ANTHONY LIVRERI, MAZZIO, GREGO, and TRUTA. ULRICH also ¦ a position as a Policy Analyst in the Department of Correction for MAZZIO’s daughter, which included a raise of approximately $20,000. • Gave his co-conspirators access to high-ranking officials within New York City government through invites to exclusive events ¦ at public casinos and at the 89th Street Café, as well as a premium season ticket package to the New York Mets, valued at nearly $10,000. Mark Caller Between December 17, 2021, and November 1, 2022, ULRICH also allegedly used his positions of authority to benefit",9956,,1
2023-09-13,2023,september,"Remarks of DOI Commissioner Jocelyn E. Strauber Regarding Bribery, Conspiracy Indictments Against Former DOB Commissioner Eric Ulrich, Multiple NYC Business Owners",https://www.nyc.gov/assets/doi/press-releases/2023/September/35DOIRemarks09.13.2023.pdf,"– a high-level City government official agreed to sell his access and his influence to his co-defendants, in exchange for over $150,000 worth of cash and gifts, including a discounted beachfront property and season tickets to the Mets. As described in detail in the",3696,,1
2023-09-25,2023,september,"NYC Department of Correction Captain Indicted for Stealing $14,000 in Payments for Hours He Didn't Work",https://www.nyc.gov/assets/doi/press-releases/2023/September/62-2023 Brice-Williams-indicted-wage-theft.pdf,"62-2023 For Immediate Release September 25, 2023 NYC DEPARTMENT OF CORRECTION CAPTAIN INDICTED FOR STEALING $14,000 IN PAYMENTS FOR HOURS HE DIDN’T WORK Defendant Earned Over $200,000 Last Year, $90,000 Was in Overtime Payments Bronx District ¦ NYC DEPARTMENT OF CORRECTION CAPTAIN INDICTED FOR STEALING $14,000 IN PAYMENTS FOR HOURS HE DIDN’T WORK Defendant Earned Over $200,000 Last Year, $90,000 Was in Overtime Payments Bronx District Attorney Darcel D. Clark and NYC Department of Investigation ¦ CORRECTION CAPTAIN INDICTED FOR STEALING $14,000 IN PAYMENTS FOR HOURS HE DIDN’T WORK Defendant Earned Over $200,000 Last Year, $90,000 Was in Overtime Payments Bronx District Attorney Darcel D. Clark and NYC Department of Investigation Commissioner Jocelyn E. ¦ that a NYC Department of Correction Captain has been indicted on Grand Larceny and other charges for collecting at least $14,000 in fraudulent payments. District Attorney Clark said, “ While the Department of Correction was experiencing a staffing crisis at ¦ instead at a sushi restaurant in New Jersey. From May 31 , 2021, through July 18, 2021, Williams requested and was paid at least $14,000 in taxpayer funds for regular and overtime for hours when he was not actually on Rikers Island and was not working. Williams ¦ funds for regular and overtime for hours when he was not actually on Rikers Island and was not working. Williams earned over $200,000 in wages in 2021—and $90,000 of that was for premium overtime payments. The case is being prosecuted by Assistant District ¦ for hours when he was not actually on Rikers Island and was not working. Williams earned over $200,000 in wages in 2021—and $90,000 of that was for premium overtime payments. The case is being prosecuted by Assistant District Attorney Tyler Lee Gibson of the",3922,,1
2023-09-27,2023,september,Construction Company Operator Sentenced to Up to Four Years in Prison for Causing Laborer's Death in Brooklyn Wall Collapse,https://www.nyc.gov/assets/doi/press-releases/2023/September/liu_jimmy_sen_9_27_2023 2revised.pdf,,7938,,1
2023-09-27,2023,september,Real Estate Company Owner Sentenced for Participation in Bribery and Kickback Scheme Involving Former CEO of New York City-Funded Nonprofit,https://www.nyc.gov/assets/doi/press-releases/2023/September/36SheinaLevin.09.27.2023.pdf,"Judge Sidney H. Stein of the U.S. District Court for the Southern District of New York. She was ordered to pay more than $790,000 in forfeiture and pay restitution of more than $838,000. The restitution was ordered to be paid to the Bronx Parent Housing ¦ for the Southern District of New York. She was ordered to pay more than $790,000 in forfeiture and pay restitution of more than $838,000. The restitution was ordered to be paid to the Bronx Parent Housing Network (“BPHN”). LEVIN pled guilty in March 2023 to one",4392,,1
2023-10-06,2023,october,"DOI Investigation Leads to Arrest of Staten Island Woman on Charges of Stealing More than $10,000 in Section 8 Housing Subsidies",https://www.nyc.gov/assets/doi/press-releases/2023/October/37Moody10.04.2023.pdf,"4, 2023 ERIC LENKOWITZ (212) 825-5931 DOI INVESTIGATION LEADS TO ARREST OF STATEN ISLAND WOMAN ON CHARGES OF STEALING MORE THAN $10,000 IN SECTION 8 HOUSING SUBSIDIES Jocelyn E. Strauber, Commissioner of the New York City Department of Investigation (“DOI”), ¦ New York City Department of Investigation (“DOI”), announced today the arrest of a Staten Island woman on charges of stealing $10,038 in Department of Housing Preservation and Development (“HPD”) -administered Section 8 subsidies during a three- year period. HPD ¦ right now, particularly for those in need. That is why the alleged theft committed by this defendant, amounting to more than $10,000, is so callous and offensive. Public funds made available to help those in need of housing assistance are a precious resource, and ¦ 2 report her earnings as a per diem manager at a Staten Island social services organization. As a result, MOODY received $10,038 in Section 8 subsidies she was not entitled to. Commissioner Strauber thanked Richmond County District Attorney Michael E.",4594,,1
2023-10-06,2023,october,New York City Correction Officer Charged with Salary and Overtime Fraud,https://www.nyc.gov/assets/doi/press-releases/2023/October/Internicola Arrest Press Release.pdf,"Office (718) 254-6323 PRESS RELEASE NEW YORK CITY CORRECTION OFFICER CHARGED WITH SALARY AND OVERTIME FRAUD Defendant Stole Over $170,000 for Hours He Did Not Actually Work A criminal complaint was unsealed today in federal court in Brooklyn charging New York City ¦ policy for individuals who commit fraud and steal from law abiding taxpayers.” “This Correction Officer, as charged, stole over $171,000 from the City by falsely claiming he was at work on Rikers Island, including for overtime hours, when in fact he was 2 ¦ from theft and abuse,” stated DOI Commissioner Strauber. According to the complaint, Internicola fraudulently obtained more than $171,000 in salary and overtime pay by lying about the hours he worked from at least July 2021 to January 2023. During this time period,",4057,,1
2023-10-11,2023,october,CEO and Business Partner Charged with Massive Scheme to Defraud New York City's Homeless Services Programs,https://www.nyc.gov/assets/doi/press-releases/2023/October/Weiser%20and%20Bransky%20Arrest%20PR.pdf,"PROGRAMS Defendants Perpetrated the Scheme Through Childrens Community Services, a Non-Profit Organization that Had Over $900 Million in Contracts with the City Damian Williams, the United States Attorney for the Southern District of New York, and Jocelyn E. ¦ Through a nonprofit entity, Childrens Community Services, and related companies, the defendants caused the City to pay over $50 million that the City would not otherwise have paid to these entities, including in inflated prices and unreasonable mark-ups for goods ¦ Between in or about November 2014 and in or about February 2020, CCS was awarded 12 contracts with the City worth approximately $913 million. BRANSKY fraudulently steered lucrative service contracts with CCS — contracts ultimately paid for by the City — to a group of ¦ hefty markups to CCS and, as a result, the City. For example, CCS would make monthly payments to 511 Realty of approximately $24,000 for CCS’ s office space in the Rockaway Offices. 511 R ealty, in turn, would pay the landlord $17,500 monthly, representing a 37% ¦ Realty of approximately $24,000 for CCS’ s office space in the Rockaway Offices. 511 R ealty, in turn, would pay the landlord $17,500 monthly, representing a 37% markup, for essentially doing nothing more than writing a check; the markup increased to 46% by in or ¦ WEISER, BRANSKY, and their coconspirators caused CCS — and, as a consequence, the City — to pay the Weiser Entities more than $50 million for goods and services. The City would 4 not have authorized or made these payments had proper and truthful disclosures about ¦ — often realized — that the City would not obtain the best value for its money. Through the scheme, WEISER collected more than $7 million in illicit profits , and BRANSKY earned more than $1.2 million in salary as the CEO of CCS. * * * WEISER, 80, of Lawrence, New ¦ value for its money. Through the scheme, WEISER collected more than $7 million in illicit profits , and BRANSKY earned more than $1.2 million in salary as the CEO of CCS. * * * WEISER, 80, of Lawrence, New York, and BRANSKY, 47, of Woodmere, New York, are each charged",11358,,1
2023-10-11,2023,october,Former Senior Fiscal Officer for Non-Profit Organization Charged with Multi-Million Dollar Embezzlement Scheme,https://www.nyc.gov/assets/doi/press-releases/2023/October/EDNY.Marcia JosephPR.pdf,"OFFICER FOR NON-PROFIT ORGANIZATION CHARGED WITH MULTI-MILLION DOLLAR EMBEZZLEMENT SCHEME Defendant Allegedly Stole Nearly $2.3 Million From Charity for Personal Expenses Including Home Remodeling, Spa Treatments, and Mortgage Payments A criminal complaint was ¦ today in federal court in Brooklyn charging Marcia Joseph with wire fraud in connection with her embezzlement of approximately $2.3 million from her employer, a non-profit organization (Company-1) that provides employment and education services for those in need. ¦ initial her initial appearance this afternoon before United States Magistrate Judge Peggy Kuo. The defendant was released on a $50,000 bond. Breon Peace, United States Attorney for the Eastern District of New York, James Smith, Assistant Director-in-Charge, ¦ FBI Assistant Director-in-Charge Smith. 2 “This former senior fiscal officer at a Brooklyn-based nonprofit embezzled more than $2.3 million by submitting to the nonprofit fictitious invoices for services, some of which purportedly related to City contracts, for ¦ In truth, Prestige performed no work, and instead was used by Joseph for the exclusive purpose of embezzling more than $2.3 million from Company-1 over a 16-year period. Joseph used the money paid by Company-1 to Prestige to pay for numerous personal expenses, ¦ period. Joseph used the money paid by Company-1 to Prestige to pay for numerous personal expenses, including approximately $235,000 in mortgage payments; 207,000 in credit card payments; $98,000 in car payments; $45,000 in Amazon expenses; and various other ¦ to pay for numerous personal expenses, including approximately $235,000 in mortgage payments; 207,000 in credit card payments; $98,000 in car payments; $45,000 in Amazon expenses; and various other personal items, such as home remodeling, spa treatment, ¦ expenses, including approximately $235,000 in mortgage payments; 207,000 in credit card payments; $98,000 in car payments; $45,000 in Amazon expenses; and various other personal items, such as home remodeling, spa treatment, landscaping expenses, and luxury",4823,,1
2023-10-18,2023,october,"D.A. Bragg, Construction Fraud Task Force Announce Indictment in $170K Wage Theft Case",https://www.nyc.gov/assets/doi/press-releases/2023/October/G.Cole.10.18.2023DANY.pdf,"D.A. Bragg, Construction Fraud Task Force Announce Indictment In $170k Wage Theft Case Workers Allegedly Performed Dangerous Rigging Without Insurance on Landmark New York City Skyscrapers, Including ¦ announced the indictment of GE ORGE COLE, a licensed Master Rigger, and his company COLE NYC LLC, for stealing approximately $169,500 of wages from his workers between February 2022 and April 2023. He also operated without insurance for more than a year after ¦ repair work atop New York City’s iconic skyscrapers, while cheating the employees who handled this dangerous work out of nearly $170,000 in wages, and failing to maintain insurance for them. I thank the Department of Buildings for their assistance in this ¦ Lower Manhattan. Between February 2022 and April 2023, COLE also engaged in a wage theft scheme through which he stole at least $169,500 in wages owed to seven different employees. One employee is owed at least $48,000 for 20 weeks of work. COLE gave his employees ¦ theft scheme through which he stole at least $169,500 in wages owed to seven different employees. One employee is owed at least $48,000 for 20 weeks of work. COLE gave his employees partial payments, made excuses for the missing wages, and insulted them when they ¦ his girlfriends, concert tickets, floral arrangements, a Mercedes Benz, and other luxury purchases. COLE also cashed more than $2 million at Pay-O-Matic during this time, including on days where he refused to pay his workers their wages. Assistant D.A. Rachana",7280,,1
2023-10-18,2023,october,"DOI Investigation Leads to Charges in $135,000 Housing Fraud Scheme",https://www.nyc.gov/assets/doi/press-releases/2023/October/38Rattler10.18.2023.pdf,"RELEASE CONTACT: DIANE STRUZZI WEDNESDAY, OCTOBER 18, 2023 ERIC LENKOWITZ (212) 825-5931 DOI INVESTIGATION LEADS TO CHARGES IN $135,000 HOUSING FRAUD SCHEME Jocelyn E. Strauber, Commissioner of the New York City Department of Investigation (“DOI”), announced the ¦ City Department of Investigation (“DOI”), announced the arrest today of a Staten Island woman charged with stealing more than $135,000 in Section 8 rental subsidies administered by the New York City Housing Authority (“NYCHA”) over an eight-year period. The office ¦ E. Strauber said, “As charged, this defendant concealed her household income and other information to illegally obtain more than $135,000 in public funds . I thank the Richmond County District Attorney’s Office for their partnership and commitment to protecting these ¦ and statements made in court , between March 2015 and April 2021, RATTLER caused NYCHA to make an overpayment of approximately $86,000 on her behalf by concealing the fact that her husband resided in her Section 8 apartment in Staten Island and failing to report ¦ subleased it to a friend , and failed to report this to NYCHA , causing NYCHA to overpay rental subsidies o f approximately $49,560 between May 2021 and May 2023. RATTLER is charged with illegally obtaining a total of approximately $135,560 in Section 8 ¦ o f approximately $49,560 between May 2021 and May 2023. RATTLER is charged with illegally obtaining a total of approximately $135,560 in Section 8 subsidies between 2015 and 2023. 2 DOI Commissioner Strauber thanked the Office of Richmond County District Attorney",4670,,1
2023-10-27,2023,october,NYC Department of Correction Officer Indicted for Evidence Tampering on Rikers Island,https://www.nyc.gov/assets/doi/press-releases/2023/October/Rosario10.27.2023.pdf,,4711,,1
2023-10-31,2023,october,Attorney General James and DOI Commissioner Strauber Announce Guilty Pleas and Sentencing in Decades-Long Bid-Rigging Scheme,https://www.nyc.gov/assets/doi/press-releases/2023/October/2023.10.30 - Moving companies release.pdf,"for their criminal conduct and defendants Avi Cohen, Derek Barney, and Frank Lopez have agreed to pay restitution totaling $850,000,” said DOI Commissioner Jocelyn E. Strauber. “The vast majority of that amount will go to the city. Avi Cohen and his company are ¦ pled guilty to violations of New York Penal Law and General Business Law. Their sentencing is pending, and they agreed to pay $50,000 restitution to OVS. They will also be ordered to not do moving business with HRA and other agencies. On October 26, 2023, ¦ of New York Penal Law and General Business Law, were sentenced to a one-year conditional discharge, and paid restitution of $200,000 to the New York City. On October 17, 2023, Defendants Cohen and Avi Moving also pled guilty to violations of New York Penal Law ¦ to violations of New York Penal Law and General Business Law. They were sentenced to a one-year conditional discharge and paid $600,000 to New York state and New York City. All defendants were also ordered to not seek to do moving business with HRA and other",10179,,1
2023-11-09,2023,november,Bronx Man Charged with Stealing Hundreds of Thousands of Dollars' Worth of Construction Utility Vehicles from NYCHA Housing Developments,https://www.nyc.gov/assets/doi/press-releases/2023/November/Nunez Arrest PR.pdf,"time. Photographs taken from surveillance video of two of the thefts are below: Utility Vehicles often retail for anywhere from $25,000 to $65,000 each. NUNEZ and others made hundreds of thousands of dollars by selling the Utility Vehicles to individuals who did ¦ taken from surveillance video of two of the thefts are below: Utility Vehicles often retail for anywhere from $25,000 to $65,000 each. NUNEZ and others made hundreds of thousands of dollars by selling the Utility Vehicles to individuals who did not know that",4309,,1
2023-11-21,2023,november,"Former New York City Correction Officer Sentenced to 29 Months in Prison for Smuggling Contraband into Rikers Island in Exchange for Nearly $10,000 in Bribe Payments",https://www.nyc.gov/assets/doi/press-releases/2023/November/Burrell Sentencing Press Release.pdf,"YORK CITY CORRECTION OFFICER SENTENCED TO 29 MONTHS IN PRISON FOR SMUGGLING CONTRABAND INTO RIKERS ISLAND IN EXCHANGE FOR NEARLY $10,000 IN BRIBE PAYMENTS Defendant Smuggled Cell Phones and Accepted Payments for Narcotics Earlier today in federal court in Brooklyn, ¦ Krystle Burrell was sentenced by United States District Judge Kiyo A. Matsumoto to 29 months’ imprisonment for accepting nearly $10,000 in bribe payments in exchange for smuggling contraband into Rikers Island. Burrell was employed by the New York City Department ¦ the exact opposite.” According to court documents and facts presented at today’s sentencing proceeding, Burrell accepted nearly $10,000 in bribes from co-conspirators on behalf of codefendant Terrae Hinds in exchange for Burrell smuggling contraband into the Anna",4265,,1
2023-11-30,2023,november,Principals of Fire Alarm Repair Company Charged with Decade-Long Scheme to Overbill City Agencies,https://www.nyc.gov/assets/doi/press-releases/2023/November/Fire Alarm Press Release.pdf,,4292,,1
2023-12-05,2023,december,Brooklyn Day Care Center Owner Charged with Submitting a Fraudulent CPR Certificate,https://www.nyc.gov/assets/doi/press-releases/2023/December/39Stasyuk12.05.2023.pdf,,4844,,1
2023-12-05,2023,december,"Brooklyn Woman Indicted for Grand Larceny for Stealing Approximately $157,000 in Section 8 Subsidies",https://www.nyc.gov/assets/doi/press-releases/2023/December/corbin_updated_release.pdf,"FOR IMMEDIATE RELEASE Tuesday, December 5, 2023 Brooklyn Woman Indicted for Grand Larceny For Stealing Approximately $157,000 in Section 8 Subsidies Defendant Allegedly Used Another Person’s Social Security Number to Conceal Income, Employment from NYCHA ¦ Jocelyn E. Strauber, today announced that a Brooklyn woman has been indicted for grand larceny for allegedly obtaining more than $157,000 in Section 8 rent subsidies to which she was not entitled. As part of the alleged decade-long fraud, the defendant used another ¦ “For over a decade, this defendant made false statements about her employment and income to NYCHA in order to obtain more than $155,000 in Section 8 benefits she was not entitled to and provided NYCHA with someone else’s Social Security number to avoid detection, ¦ however, the defendant was allegedly working as a food services aide at New York City Health and Hospitals where she made $34,000 to $59,000 a year. Furthermore, according to the investigation, the defendant allegedly used another person’s Social Security ¦ the defendant was allegedly working as a food services aide at New York City Health and Hospitals where she made $34,000 to $59,000 a year. Furthermore, according to the investigation, the defendant allegedly used another person’s Social Security Number to ¦ Number to prevent NYCHA from verifying her income. As a result of the fraud, in 2022, for example, the defendant paid only $212 of the apartment’s monthly rent of $1,654. The remaining balance was subsidized by NYCHA based on the defendant’s ¦ her income. As a result of the fraud, in 2022, for example, the defendant paid only $212 of the apartment’s monthly rent of $1,654. The remaining balance was subsidized by NYCHA based on the defendant’s misrepresentation of her household income and assets. ¦ of her household income and assets. According to the investigation, between November 2010 and June 2022, NYCHA overpaid $157,493 in rent subsidies on the defendant’s behalf. The case was investigated by DOI Assistant Inspector General Robert Joyce, under the",4728,,1
2023-12-06,2023,december,Former Prosecutor and Family Members Indicted For Affordable Housing Scheme,https://www.nyc.gov/assets/doi/press-releases/2023/December/DANYHousingFraud12.06.2023.pdf,"and continued to do so for more than five years, despite being ineligible for affordable housing. While she paid approximately $40,000 to rent the apartment over the course of the scheme, a market-rate apartment would have cost her almost $310,000 for the same ¦ approximately $40,000 to rent the apartment over the course of the scheme, a market-rate apartment would have cost her almost $310,000 for the same time period. In Spring 2023, JENNIFER JACQUES attempted to secure a two-bedroom apartment in the West 42nd Street ¦ apartment, JENNIFER JACQUES rented out the 2098 Frederick Douglass Boulevard apartment she had purchased in 2011 with more than $383,000 in HPD subsidies in violation of HPD’s 15-year residency requirement. From August 15, 2018, to present, JENNIFER JACQUES has ¦ 15, 2018, to present, JENNIFER JACQUES has leased the Harlem apartment to four different sets of tenants, receiving more than $225,000 in rental payments. During this time period, SAMUEL JACQUES rented a second affordable housing unit on West 117th Street, in",8862,,1
2023-12-06,2023,december,Owners of Brooklyn Plumbing Company Indicted for Evading Taxes on More than $10 Million in Income,https://www.nyc.gov/assets/doi/press-releases/2023/December/Figliolia%20et%20al.%20Indictment%20Press%20Release.pdf,"Attorney’s Office (718) 254-6323 PRESS RELEASE OWNERS OF BROOKLYN PLUMBING COMPANY INDICTED FOR EVADING TAXES ON MORE THAN $10 MILLION IN INCOME Defendants Allegedly Falsely Claimed That Personal Expenses, Including Disney World Vacation, Clothing, Purchase of ¦ lines for New York City residents, but instead of dutifully paying the taxes they owed, they improperly classified more than $10 million of personal expenses as business expenses. Their greed drained the government’s coffers of nearly $4 million in tax revenue.” ¦ more than $10 million of personal expenses as business expenses. Their greed drained the government’s coffers of nearly $4 million in tax revenue.” “Figliolia and Sutherland were living the lavish life while allegedly failing to report more than ten million ¦ and reducing the defendants’ personal income tax burdens. For example, Figliolia, Jr., and Sutherland classified more than $1.75 million of personal credit card expenses, including home renovations, a family trip to Disney World, jewelry, clothing and veterinary ¦ and veterinary expenses, as business expenses. As another example, Figliolia, Jr., and Sutherland obtained loans of more than $2.8 million on personal life insurance policies, and repaid the loans using Liberty Water funds, allowing them to siphon that money out of ¦ them to siphon that money out of the business without paying taxes. As still another example, Figliolia, Jr., issued more than $4 million in checks from Liberty Water’s bank account to a law firm for the payment of personal expenses, including the purchase of ¦ them as business expenses of Liberty Water. In total, Figliolia, Jr., and Sutherland intentionally diverted approximately $10,225,213 from Liberty Water between tax years 2017 and 2019, resulting in the evasion of approximately $3,933,046 in federal taxes. The ¦ diverted approximately $10,225,213 from Liberty Water between tax years 2017 and 2019, resulting in the evasion of approximately $3,933,046 in federal taxes. The charges in the indictment are allegations, and the defendants are presumed innocent unless and until proven",4693,,1
2023-12-14,2023,december,DOI Report Recommends Improvements in Oversight of Mandatory Asbestos Inspections,https://www.nyc.gov/assets/doi/press-releases/2023/December/40CAIRpt.Release.12.14.2023.pdf,,14453,,1
2023-12-15,2023,december,"Testimony of Jocelyn E. Strauber, Commissioner, New York City Department of Investigation, Concerning Oversight of NYPD’s Implementation of the Public Oversight of Surveillance Technology (POST) Act",https://www.nyc.gov/assets/doi/press-releases/2023/December/TestimonyPOST_Act_12.15.2023.pdf,,8654,,1
2024-01-04,2024,january,Florida Woman Pleads Guilty to Defrauding New York City SNAP Recipients,https://www.nyc.gov/assets/doi/press-releases/2024/January/01SinghGP01.04.2024.pdf,"woman charged with engaging in a years-long scheme to defraud at least 120 low -income New York City residents out of near ly $50,000 in benefits from the Supplemental Nutrition Assistance Program (“SNAP”), which provides low-income individuals with electronic ¦ – a majority of whom appeared to be elderly – of their SNAP benefits. In total, SINGH defrauded the victims of approximately $49,754.52 in benefits. SNAP recipients receive an electronic benefits transfer (“EBT”) card, which looks like a debit card and gives a",4313,,1
2024-01-09,2024,january,D.A. Bragg Announces Guilty Plea of Executive and Company in Wide-Ranging Construction Fraud,https://www.nyc.gov/assets/doi/press-releases/2024/January/DANYConstructionFraud1.09.2024.pdf,"March 12, 2024, to a promised sentence of 6 months in jail and 3 years of probation and will be required to make restitution of $150,000 to the New York State Insurance Fund (“NYSIF”). The charges against an additional six individuals and four companies charged in ¦ LLC, led by GUINTA. During the course of the investigation, JM3 CONSTRUCTION LLC’s cash payroll typically amounted to $150,000 a week, which also included the company making large, weekly cash payments to certain subcontractors, including GUINTA. None of",8813,,1
2024-01-09,2024,january,DOI Issues Report on Disclosure of Overnight Stays at the PATH Intake Center in Summer 2022 and the Manipulation of the Publicly-Reported PATH Eligibility Rate from 2017 to Early to Mid-2022,https://www.nyc.gov/assets/doi/press-releases/2024/January/02DSSRelease.Rpt.01.09.2024.pdf,,16163,,1
2024-01-11,2024,january,Fiscal Analyst with the City Department of Health and Mental Hygiene Pleads Guilty in Connection with Stealing Gift Cards Meant for HIV & AIDS Research Participants,https://www.nyc.gov/assets/doi/press-releases/2024/January/03BurgessThomasGP01.11.2024.pdf,"was sentenced to a Conditional Discharge, the conditions being that she resign from City service by February 23, 2024, and pay $1,505 in restitution -- the amount of the DOHMH-issued gift cards that she used. BURGESS-THOMAS was one of three defendants who were ¦ pled guilty in November 2023 to Disorderly Conduct and was sentenced to a Conditional Discharge, the condition being to pay $2,200 in restitution, the amount of the DOHMH gift cards he used. STEPHANIE HUBBARD, 40, of New York, N.Y., a DOHMH Program Planner at ¦ guilty in November 2023 to Disorderly Conduct and was sentenced to a Conditional Discharge, the condition being that she pay $1,150 in restitution – the amount of the DOHMH-issued gift cards that she used. DOI Commissioner Jocelyn E. Strauber said, “These ¦ and Mastercard gift cards that were ordered for HIV Prevention on KHAN’s desk; and these gift cards were valued at a total of $950 when ordered but no longer had funds on them. The investigation also found an additional 32 Amazon electronic gift cards, valued ¦ no longer had funds on them. The investigation also found an additional 32 Amazon electronic gift cards, valued at a total of $800, that were uploaded to an Amazon account in KHAN’s name with a shipping address that matched the address in his personnel file. ¦ shipping address that matched the address in his personnel file. Another six Visa and Mastercard gift cards valued at a total of $450 that were used in KH AN’s name were also found by investigators. KHAN admitted to using gift cards for personal transactions, ¦ including three transactions at Time Warner Cable. Investigators discovered 32 purchases made with gift cards, a total of $1,505, in the name of BURGESS-THOMAS, who admitted to using DOHMH gift cards for personal use. The investigation found that purchases ¦ and Walmart. DOI’s investigation also found that that 23 physical Amazon gift cards purchased by BHHS , with a total value of $1,150, were uploaded to an Amazon account in HUBBARD’s name, with a phone number and billing address matching the information in",7381,,1
2024-01-18,2024,january,"D.A. Bragg, DOI Commissioner Strauber Announce Charges Against Man Who Allegedly Possessed $115k of Stolen Encrypted Radios from City Garbage Trucks",https://www.nyc.gov/assets/doi/press-releases/2024/January/DANYMunoz.01.18.2024.pdf,"more D.A. Bragg, DOI Commissioner Strauber Announce Charges Against Man Who Allegedly Possessed $115k Of Stolen Encrypted Radios from City Garbage Trucks Manhattan District Attorney Alvin L. Bragg Jr. and New York City Department ¦ today announced the indictment of RAMON MUNOZ, 42, for possessing dozens of stolen encrypted two- way radios worth more than $115,000 from New York City Department of Sanitation (“DSNY”) garbage trucks. MUNOZ is charged in a New York State Supreme Court ¦ with one count of Criminal Possession of Stolen Property in the Second Degree. 1 “As alleged, Ramon Munoz possessed more than $115,000 worth of stolen radios from New York City Department of Sanitation garbage trucks across four different boroughs. As ‘New York’s ¦ defendant is charged with possessing 37 two- way radios that were stolen from City Sanitation trucks. These devices, worth over $115,000 in total, facilitate critical employee communication, including during storms. I want to thank the City Department of Sanitation ¦ and statements made on the record, between March 3, 2019, and October 10, 2022, dozens of two- way radios each valued at over $3,000 were reported stolen from garbage trucks stored in 11 DSNY garages in Manhattan, the Bronx, Queens, and Brooklyn. DOI and the ¦ additional 15 stolen DSNY radios. In all, the D.A.’s Office was able to directly link 37 stolen DSNY radios to MUNOZ, totaling $118,997.92 stolen from the City of New York. Assistant D.A. Ben Rose (Financial Frauds Bureau) is handling the prosecution of this case,",3763,,1
2024-01-19,2024,january,Former Fiscal Officer for Non-Profit Pleads Guilty to Stealing Nearly $2.3 Million from Brooklyn Charity,https://www.nyc.gov/assets/doi/press-releases/2024/January/Marcia Joseph Guilty Plea Press Release.pdf,"Attorney’s Office (718) 254-6323 PRESS RELEASE FORMER FISCAL OFFICER FOR NON-PROFIT COMPANY PLEADS GUILTY TO STEALING NEARLY $2.3 MILLION FROM BROOKLYN CHARITY Defendant Spent Stolen Funds on Remodeling Her Home, Spa Treatment, Landscaping Expenses and Luxury Goods ¦ Joseph pleaded guilty at the federal courthouse in Brooklyn, to wire fraud in connection with her embezzlement of approximately $2.3 million from her employer, a non-profit organization that provides employment and education services for those in need. Joseph was ¦ will learn the penalty for her dishonesty and greed.” “This defendant created a company for the sole purpose of siphoning $2.3 million from the City-funded nonprofit where she worked. She took valuable funds meant for the educational and employment needs of ¦ of Company-1. In truth, Prestige performed no work, and was used by Joseph for the exclusive purpose of embezzling more than $2.3 million from Company-1 over a 16-year period. Joseph used the money paid by Company-1 to Prestige to pay for numerous personal expenses, ¦ period. Joseph used the money paid by Company-1 to Prestige to pay for numerous personal expenses, including approximately $235,000 in mortgage payments; $207,000 in credit card payments; $98,000 in car payments; $45,000 in Amazon expenses; and various other ¦ paid by Company-1 to Prestige to pay for numerous personal expenses, including approximately $235,000 in mortgage payments; $207,000 in credit card payments; $98,000 in car payments; $45,000 in Amazon expenses; and various other personal items, such as home ¦ to pay for numerous personal expenses, including approximately $235,000 in mortgage payments; $207,000 in credit card payments; $98,000 in car payments; $45,000 in Amazon expenses; and various other personal items, such as home remodeling, spa treatment, ¦ expenses, including approximately $235,000 in mortgage payments; $207,000 in credit card payments; $98,000 in car payments; $45,000 in Amazon expenses; and various other personal items, such as home remodeling, spa treatment, landscaping expenses, and luxury",3766,,1
2024-01-26,2024,january,Former New York City Correction Officer Pleads Guilty to Salary and Overtime Fraud,https://www.nyc.gov/assets/doi/press-releases/2024/January/Internicola Guilty Plea Press Release.pdf,"254-6323 PRESS RELEASE FORMER NEW YORK CITY CORRECTION OFFICER PLEADS GUILTY TO SALARY AND OVERTIME FRAUD Defendant Stole Over $170,000 For Hours He Did Not Work Earlier today, in federal court in Brooklyn, former New York City Department of Correction (DOC) ¦ defrauded the City of New York by falsely claiming to have worked thousands of hours and fraudulently pocketing more than $170,000, when he was actually at home, vacationing in Aruba or elsewhere,” stated United States Attorney Peace. “The defendant’s greed ¦ about the hours he worked, claiming to be on duty when, in fact, he was at home or on vacation, in order to obtain more than $170,000 of City funds by fraud. The criminal conduct that he has acknowledged today does not reflect the dedication and integrity of the ¦ 2 According to court documents and facts presented at the guilty plea proceeding, Internicola fraudulently obtained more than $171,000 in salary and overtime pay by lying about the hours he worked from at least July 2021 to January 2023. During this time,",3646,,1
2024-02-01,2024,february,"Former NYC Department of Correction Captain Sentenced to 60 Days in Jail on Charges of Stealing $40,000 in Investment Ruse",https://www.nyc.gov/assets/doi/press-releases/2024/February/04Francois02.01.2024.pdf,"FEBRUARY 1, 2024 (212) 825-5931 FORMER NYC DEPARTMENT OF CORRECTION CAPTAIN SENTENCED TO 60 DAYS IN JAIL ON CHARGES OF STEALING $40,000 IN INVESTMENT RUSE Jocelyn E. Strauber, Commissioner of the New York City Department of Investigation (“DOI”), issued the ¦ Captain with the City Department of Correction (“DOC”) to 60 days in jail and five years’ probation on char ges of stealing $40,000 from an individual as part of a purported investment agreement. DOI initiated its invest igation after the victim reported the ¦ FRANCOIS was sentenced to 60 days in jail and five years’ probation, and he has provided a repayment check to the victim for $40,000. DOI Commissioner Jocelyn E. Strauber said, “Today, the defendant, a former Correction Captain, faces the consequences of a ¦ on this case."" According to the criminal complaint and DOI’s investigation, the victim agreed, by written contract, to invest $40,000 with FRANCOIS with a retur n of $15,000. The $55,000 total was due to the victim in October 2021. On September 3, 2021, the ¦ complaint and DOI’s investigation, the victim agreed, by written contract, to invest $40,000 with FRANCOIS with a retur n of $15,000. The $55,000 total was due to the victim in October 2021. On September 3, 2021, the victim met with FRANCOIS outside his Queens ¦ and DOI’s investigation, the victim agreed, by written contract, to invest $40,000 with FRANCOIS with a retur n of $15,000. The $55,000 total was due to the victim in October 2021. On September 3, 2021, the victim met with FRANCOIS outside his Queens County ¦ 2021. On September 3, 2021, the victim met with FRANCOIS outside his Queens County residence and provided FRANCOIS with a $40,000 cashier’s check. On December 21, 2021, after FRANCOIS gave conflicting responses to the victim’s inquiries about the status of ¦ DOI 2 investigators reviewed bank records from an account in FRANCOIS’s name, which revealed that FRANCOIS deposited the $40,000 cashier’s check into his account on September 4, 2021; and that between September 8 and September 10, 2021, FRANCOIS withdrew a",5894,,1
2024-02-06,2024,february,70 Current and Former NYCHA Employees Charged with Bribery and Extortion Offenses,https://www.nyc.gov/assets/doi/press-releases/2024/February/NYCHA%20Arrests%20PR.pdf,"authority in the country, providing housing to 1 in 17 New Yorkers in 335 developments across the City and receiving over $1.5 billion in federal funding from the U.S. Department of Housing and Urban Development every year. When repairs or cons truction work ¦ process. However, at all times relevant to the Complaints, when the value of a contract was under a certain threshold (up to $10,000), designated staf f at NYCHA developments could hire a contractor of their choosing without soliciting multiple bids. This “no- ¦ receive payment from NYCHA. As alleged, the defendants typically demanded approximately 10% to 20% of the contract value—between $500 and $2,000 depending on the size of the contract—but some defendants demanded even higher amounts. In total, these defendants ¦ from NYCHA. As alleged, the defendants typically demanded approximately 10% to 20% of the contract value—between $500 and $2,000 depending on the size of the contract—but some defendants demanded even higher amounts. In total, these defendants demanded over ¦ depending on the size of the contract—but some defendants demanded even higher amounts. In total, these defendants demanded over $2 million in corrupt payments from contractors in exchange for awarding over $13 million worth of no-bid contracts. The map below shows ¦ amounts. In total, these defendants demanded over $2 million in corrupt payments from contractors in exchange for awarding over $13 million worth of no-bid contracts. The map below shows the developments affected by the alleged conduct: 1 As the introductory phrase",11132,,1
2024-02-06,2024,february,DOI Commissioner Jocelyn E. Strauber Remarks at Press Conference Announcing 70 Current and Former NYCHA Employees Charge with Bribery and Extortion Offenses,https://www.nyc.gov/assets/doi/press-releases/2024/February/07DOIRemarks.NYCHA.02.06.2024.pdf,"positions of public trust and responsibility to solicit and receive bribes from NYCHA vendors as a cost of doing business – over $2 million in bribe payments in total. The 70 current and former NYCHA staff members charged today in separate bribery schemes touch every ¦ The bribery and extortion that is charged here allegedly exploited the no- bid process for goods and services under $10,000, commonly referred to as micropurchases. That process was intended to ensure swift completion of necessary lower cost construction",4817,,1
2024-02-06,2024,february,DOI's 14 Recommendations to NYCHA Regarding Micro-Purchases,https://www.nyc.gov/assets/doi/press-releases/2024/February/05Benjamin_West.02.01.2024.corrected.pdf,"healthcare workers and convalescing COVID -19 patients . These prosecutions are part of a larger case that involved more than $400,000 of fraud against the program. DOI investigated this case with the United States Attorney’s Office for the Southern District of ¦ New York. BENJAMIN was sentenced to 12 months and one day imprisonment and three years of supervised release and ordered to pay $51,088 in forfeiture and $294,624 in restitution. WEST was sentenced to time served and three years of supervised release and ordered to ¦ to 12 months and one day imprisonment and three years of supervised release and ordered to pay $51,088 in forfeiture and $294,624 in restitution. WEST was sentenced to time served and three years of supervised release and ordered to pay $23,684 in forfeiture ¦ and $294,624 in restitution. WEST was sentenced to time served and three years of supervised release and ordered to pay $23,684 in forfeiture and $59,644 in restitution. The sentencing hearing for a third defendant, CHANETTE LEWIS, 32 of Brooklyn, N.Y., has ¦ WEST was sentenced to time served and three years of supervised release and ordered to pay $23,684 in forfeiture and $59,644 in restitution. The sentencing hearing for a third defendant, CHANETTE LEWIS, 32 of Brooklyn, N.Y., has been scheduled for",6521,,1
2024-02-06,2024,february,DOI's 14 Recommendations to NYCHA Regarding Micro-Purchases,https://www.nyc.gov/assets/doi/press-releases/2024/February/06DOI.PPRs.NYCHA.02.06.2024.pdf,,7457,,1
2024-02-08,2024,february,DOI Statement on the Sentencing of Man who Preyed Upon Families in Need of Housing to Defraud Government Rental Assistance Programs,https://www.nyc.gov/assets/doi/press-releases/2024/February/08.Fishbein.02.08.2024.pdf,"FISHBEIN was sentenced to 70 months in prison and three years’ supervised release, and ordered to pay a total of approximately $3.7 million in forfeiture and in restitution by U.S. District Judge Paul A. Crotty of the U.S. District Court for the Southern District of ¦ defendant exploited New Yorkers in dire need of housing, placing them in properties in disrepair and fraudulently collecting $1,789,116.41 in rental payments and more than $50,000 in brokers’ fees. Today he faces the consequences of his criminal conduct. I thank the ¦ of housing, placing them in properties in disrepair and fraudulently collecting $1,789,116.41 in rental payments and more than $50,000 in brokers’ fees. Today he faces the consequences of his criminal conduct. I thank the U.S. Attorney’s Office for the Southern ¦ instead depositing the checks issued to the purported broker in his own bank account. FISHBEIN fraudulently obtained nearly $2 million dollars from HRA and HPD via this scheme, including federal funds. The defendant also committed Medicaid fraud. Between 2014 and ¦ on his false claims to HRA that he was financially eligible for the program. That scheme netted FISHBEIN at least approximately $49,524.80 in Medicaid benefits to which he was not entitled. 2 Commissioner Strauber thanked U.S Attorney for the Southern District of New",4450,,1
2024-02-08,2024,february,Defendant Sentenced for Defrauding Covid-19 Hotel Room Isolation Program,https://www.nyc.gov/assets/doi/press-releases/2024/February/09ChanetteLewis.02.08.2024.pdf,"for healthcare workers and convalescing COVID-19 patients. This prosecution was part of a larger case that involved more than $400,000 of fraud against the program. DOI investigated this case with the United States Attorney’s Office for the Southern District of ¦ Court for the Southern District of New York to three years in prison and three years of supervised release and ordered to pay $289,536 in forfeiture and $360,330 in restitution. Co-defendants HEAVEN WEST, 23, of Brooklyn, N.Y., TATIANA BENJAMIN, 29, of Queens, ¦ of New York to three years in prison and three years of supervised release and ordered to pay $289,536 in forfeiture and $360,330 in restitution. Co-defendants HEAVEN WEST, 23, of Brooklyn, N.Y., TATIANA BENJAMIN, 29, of Queens, N.Y., were sentenced on",6257,,1
2024-02-23,2024,february,Former Youth Development Specialist with the City Administration for Children's Services Pleads Guilty to Workers' Compensation Fraud,https://www.nyc.gov/assets/doi/press-releases/2024/February/10israel02.23.2024.pdf,"of Children’s Services (“ACS”) Youth Development Specialist (“YDS”) to a charge related to illegally obtaining over $18,000 in workers’ compensation benefits. DOI’s investigation was prompted by a report from another ACS employee that the defendant, ¦ As a result of these submissions and false statements, the New York State Workers’ Compensation Board remitted approximately $18,370 in unemployment benefits to ISRAEL, which he was not entitled to receive. Documents received from Uber, as well as bank records ¦ that from August 2020 through September 2021, ISRAEL worked as a driver employed by Uber Eats, and was paid approximately $19,695 by Uber during that period. ISRAEL was also observed playing basketball on June 2, 2021. Israel started as a YDS at ACS in June ¦ at ACS in June 2019, returned to full duty status at ACS in February 2022, and was receiving an annual salary of approximately $56,097 in April 2023, when he was terminated for reasons unrelated to DOI’s investigation. 2 Commissioner Strauber thanked ACS",5019,,1
2024-02-28,2024,february,"D.A. Bragg, DOI Commissioner Strauber, DOB Commissioner Oddo Announce Indictment of Valor Security for Operating Sham Safety Training School with Approx. 20k ""Students""",https://www.nyc.gov/assets/doi/press-releases/2024/February/DANYCSiteSafety02.28.2024.pdf,"training cards within days, overnight, or even within the same day, which were often backdated. VALOR charged anywhere from $300 to $600 per filing for a basic safety training card; many payments were in cash. Nineteen of these “brokers,” inclu ding two ¦ cards within days, overnight, or even within the same day, which were often backdated. VALOR charged anywhere from $300 to $600 per filing for a basic safety training card; many payments were in cash. Nineteen of these “brokers,” inclu ding two licensed ¦ the required high-rise inspection construction experience when they were only 16- and 17years-old. Financial records show nearly $1 million in Zelle payments deposited into SHAPOROV’s personal account, mostly in small amounts consistent with the cost of the safety ¦ larger and more complex construction sites without proper training, it may issue separate violations and penalties of up to $5,000 per untrained worker against the building owner, permit holder, or employer. DOB can also issue violations to a permit holder ¦ worker against the building owner, permit holder, or employer. DOB can also issue violations to a permit holder that carry a $2,500 penalty for failure to maintain a log documenting that all workers are trained. Workers can meet the safety requirement by taking",13686,,1
2024-02-28,2024,february,"DOI Recommendations to the City Department of Buildings Regarding Site Safety Training Course Providers, Instructors and Process",https://www.nyc.gov/assets/doi/press-releases/2024/February/11SSTPPRs.02.28.2024.pdf,,7938,,1
2024-02-28,2024,february,"Remarks of DOI Commissioner Jocelyn E. Strauber at Press Conference with Manhattan District Attorney to Announce Indictment of Valor Security for Operating Sham Safety Training School with Approx. 20K ""Students""",https://www.nyc.gov/assets/doi/press-releases/2024/February/12DOIRemarks02.28.2024.pdf,,7644,,1
2024-03-06,2024,march,Fourth and Final Defendant Sentenced for Defrauding COVID-19 Hotel Room Isolation Program,https://www.nyc.gov/assets/doi/press-releases/2024/March/13TatianaDaniel.03.06.2024.pdf,"for healthcare workers and convalescing COVID-19 patients. This prosecution was part of a larger case that involved more than $400,000 of fraud against the program. DOI investigated this case with the United States Attorney’s Office for the Southern District of ¦ for the Southern District of New York to 33 months incarceration and three years of supervised release. She was ordered to pay $109,665 in forfeiture and $401,206 in restitution. Co-defendants HEAVEN WEST, 23, of Brooklyn, N.Y., TATIANA BENJAMIN, 29, of Queens, ¦ of New York to 33 months incarceration and three years of supervised release. She was ordered to pay $109,665 in forfeiture and $401,206 in restitution. Co-defendants HEAVEN WEST, 23, of Brooklyn, N.Y., TATIANA BENJAMIN, 29, of Queens, N.Y., were sentenced on",6431,,1
2024-03-12,2024,march,NYC Department of Investigation Closes Out 2023 with Increases to Arrests and Complaints,https://www.nyc.gov/assets/doi/press-releases/2024/March/14CYend03.12.2024.pdf,"in CY 2022. • Issued 146 Policy and Procedure Recommendations (“PPRs”), an increase from the 111 issued in CY 2022.* • Recovered $2.3 million for the City as a result of DOI investigations. • Made 390 referrals for criminal prosecution, consistent with the prior year ¦ and a six -month jail sentence for a project foreman on grand larceny and bribery charges for his role in stealing more than $1 million in wages from workers and bribing a New York City School Construction Authority investigator. The electrical company where the ¦ project foreman worked, and that company’s principals , were also convicted as part of the scheme and were required to pay back $900,000 in stolen wages. A separate investigation, as part of the Manhattan Distr ict Attorney’s Construction Fraud Task Force, led to an ¦ Attorney’s Construction Fraud Task Force, led to an indictment of a licensed Master Rigger and his company for stealing nearly $170,000 of wages from workers. Investigations Prompted by City Employees and Agencies Reporting Corruption City employees have an ¦ defraud government rental assistance programs by stealing hundreds of thousands of dollars from HRA and HPD, including more than $90,000 in federal funds. The case originated with a referral to DOI from the City Department of Social Services (“DSS”). The prosecution ¦ bribe offer to DOI . The restaurant owner pled guilty to Attempted Giving Unlawful Gratuities, a class B misdemeanor, was fined $500, and was given a conditional discharge. • Three individual s pled guilty in a scheme to receive advance notice of DOHMH ¦ reported an alleged bribe attempt to DOI. • A former City Department of Buildings (“DOB”) Inspector pled guilty to accepting $500 in cash to overlook construction work completed contrary to approved plans. DOI began its investigation after receiving ¦ to D OI about an alleged bribe offer prompted the investigation. • A Staten Island woman was charged with stealing more than $10,000 in Section 8 housing subsidies after the City Department of Housing Preservation and D evelopment (“HPD”) reported discrepancies",18989,,1
2024-03-21,2024,march,Former City Parks Supervisor Enters Guilty Plea to Harassing a Subordinate at Bronx Park,https://www.nyc.gov/assets/doi/press-releases/2024/March/15Bracero03.21.2024.pdf,"at the time of the alleged conduct . When he retired in September 2022, BRACERO was receiving an annual salary of approximately $80,262. Commissioner Strauber thanked Bronx County District Attorney Darcel D. Clark, specifically Assistant District Attorney Jevet T.",3798,,1
2024-04-02,2024,april,DOB Issues Notice of Intent to Revoke Approved Course Provider Status of Valor Consulting,https://www.nyc.gov/assets/doi/press-releases/2024/April/DOB.Valor.04.02.2024.pdf,,28171,,1
2024-04-03,2024,april,DOI Finds Flaws and Makes Recommendations for Improvement in the Issuance and Revocation of City-Issued Parking Placards and Enforcement of Parking Laws Related to Parking Placards,https://www.nyc.gov/assets/doi/press-releases/2024/April/17LL6.Rpt.Release.04.03.2024.pdf,,18153,,1
2024-04-05,2024,april,Florida Woman is Sentenced to 42 Months in Prison for Defrauding New York City SNAP Recipients,https://www.nyc.gov/assets/doi/press-releases/2024/April/18SinghSent.04.05.2024.pdf,"release, for engaging in a years -long scheme to defraud at least 120 low income New York City residents out of near ly $50,000 in benefits from the Supplemental Nutrition Assistance Program (“SNAP”), which provides low-income individuals with electronic ¦ over 120 SNAP recipients, including many elderly i ndividuals, of their SNAP benefits. In total, SINGH stole approximately $49,754.52 in benefits to which the victims were entitled. SNAP recipients receive an electronic benefits transfer (“EBT”) card, which looks",4685,,1
2024-04-09,2024,april,"D.A. Bragg, D.O.I. Commissioner Strauber Announce Guilty Plea of Former ACS Director for Stealing Gift Cards from Children",https://www.nyc.gov/assets/doi/press-releases/2024/April/DANYGiftCards04.09.2024.pdf,"for Children’s Services (“ACS”) Executive Director COURTNEY RAMIREZ, 51, for stealing 14 gift cards valuing a total of $4,900 all intended for children who participated in ACS’s Close to Home and Leadership Incentive Training programs. RAMIREZ pleaded ¦ pleaded guilty in Manhattan Criminal Court to one count of Official Misconduct. Under the terms of the plea, RAMIREZ will pay $4,900 in restitution to ACS and waive her right to appeal. If RAMIREZ pays the full restitution, she will be sentenced to a conditional ¦ of a Close to Home program, which supervises young people in out -of-home placements, pled guilty today to taking nearly $5,000 worth of gift cards meant to reward the young people completing the progr am and used those public funds for herself. This crime ¦ Program, where children in foster care and ACS juvenile justice programs (including the Close to Home program) receive a $350 Visa gift card for completing the program. RAMIREZ was responsible for distributing the gift cards to eligible youths. ALVIN L. ¦ IMMEDIATE RELEASE April 9, 2024 2 In 2019, RAMIREZ used 14 of the gift cards intended for the children in the program, totaling $4,900, for her personal expenses. RAMIREZ submitted false paperwork to make it appear as though the children had received the cards,",4210,,1
2024-04-09,2024,april,DOI Recommendations to the City Department of Correction to Impede Contraband Smuggling int he City's Jails,https://www.nyc.gov/assets/doi/press-releases/2024/April/19DOCRecs04.09.2024.pdf,,5962,,1
2024-04-09,2024,april,Six Defendants Charged For Corruption At Rikers Island,https://www.nyc.gov/assets/doi/press-releases/2024/April/DOCArrestsPR.pdf,,7121,,1
2024-04-11,2024,april,"Dominic Coluccio, Former President of United Probation Officers Association, Pleads Guilty to Defrauding Union and Its Members",https://www.nyc.gov/assets/doi/press-releases/2024/April/ColuccioPR.pdf,"retired Department of Probation employees and family members. Today he takes responsibility for that conduct and agrees to pay $684,929 in restitution to the Association. DOI thanks the individuals who reported suspicions about misuse of funds to DOI, prompting ¦ his spouse, and his family members, i.e., payments that exceeded policy limits. Through the scheme, COLUCCIO stole approximately $750,000 from the UPOA and the Funds. * * * COLUCCIO, 75, of Bellmore, New York, pled guilty to one count of wire fraud, which carries a ¦ of wire fraud, which carries a maximum sentence of 20 years in prison. As part of his plea agreement, COLUCCIO agreed to forfeit $750,000 to the United States and to make restitution in the amount of $684,929.00 to the UPOA and the Funds. The maximum potential ¦ As part of his plea agreement, COLUCCIO agreed to forfeit $750,000 to the United States and to make restitution in the amount of $684,929.00 to the UPOA and the Funds. The maximum potential sentence is prescribed by Congress and is provided here for informational",6651,,1
2024-04-11,2024,april,New York City Building Inspector Charged with Taking Bribes,https://www.nyc.gov/assets/doi/press-releases/2024/April/Zabihullah04.11.2024.pdf,"for taking cash from homeowners in exchange for closing complaints about their property. In one case, he allegedly asked for $3,500 from a homeowner and, when she said she had no cash, directed her to go to the bank and get it while he waited outside her home. ¦ and told the homeowner that her basement was illegal, it would cost a lot of money to legalize it and that he could fix it for $1,500. • The homeowner then showed Ibrahimi $140 saying it was all she had. He took the money and told the woman that she should ¦ illegal, it would cost a lot of money to legalize it and that he could fix it for $1,500. • The homeowner then showed Ibrahimi $140 saying it was all she had. He took the money and told the woman that she should reschedule the inspection and he would close the ¦ 18, 2023, Ibrahimi told a property owner on 116th Street in South Jamaica that her house had a violation that would cost her $3,000, but he did not want to write a violation for her. • The woman asked Ibrahimi if he waned money and he asked for $500. She told ¦ cost her $3,000, but he did not want to write a violation for her. • The woman asked Ibrahimi if he waned money and he asked for $500. She told him she only had $300 and gave it to him in exchange for not writing a violation. • Building Department records ¦ want to write a violation for her. • The woman asked Ibrahimi if he waned money and he asked for $500. She told him she only had $300 and gave it to him in exchange for not writing a violation. • Building Department records indicate the complaint was closed ¦ a property on 193rd Street in St. Albans and told the homeowner there were issues that needed to be fixed and to give him $3,500. The woman said she did not have any money and Ibrahimi then told her to go to the bank and get $1,000. She left to get the cash ¦ be fixed and to give him $3,500. The woman said she did not have any money and Ibrahimi then told her to go to the bank and get $1,000. She left to get the cash while Ibrahimi waited outside her home. She returned and gave him the money. • Building Department",5479,,1
2024-04-16,2024,april,DOI Issues Seven Policy and Procedure Recommendations to the City Department of Buildings After Investigation Results in Bribery Charges Against City Buildings Inspector,https://www.nyc.gov/assets/doi/press-releases/2024/April/20DOBPPRs04.16.2024.pdf,"an inspection at a residence in South Ozone Park, Queens, findi ng that the homeowner’s basement apartment was illegal, taking $140 from the homeowner, and closing the complaint falsely stating that entry could not be obtained to the property. The inspector was",7525,,1
2024-04-22,2024,april,City Employee Pleads Guilty to Check Theft Scheme,https://www.nyc.gov/assets/doi/press-releases/2024/April/SantanooPlea PR.04.22.2024.pdf,"used his position at the City Law Department to steal approximately 40 checks payable to the City – and valued at approximately $600,000 – and then handed them out to acquaintances to f orge, alter, or fraudulently endorse the checks and then deposit into private ¦ endorsed versions of those checks into third parties’ bank acc ounts. Approximately 40 checks, totaling approximately $600,000, were stolen and deposited or attempted to be deposited as part of the scheme. * * * SANTANOO, 27, of Queens Village, New York,",3855,,1
2024-05-01,2024,may,"DOI Recommendations to the City Department of Housing Preservation and Development (""HPD"") to Strengthen HPD's Response to Landlords Who Persistently Neglect Their Properties",https://www.nyc.gov/assets/doi/press-releases/2024/May/22HPD.PPRs.05.01.2024.pdf,,5674,,1
2024-05-01,2024,may,Remarks of DOI Commissioner Jocelyn E. Strauber at Press Conference with Manhattan District Attorney to Announce Indictment Involving Harassment of Rent-Regulated Tenant and Related Charges,https://www.nyc.gov/assets/doi/press-releases/2024/May/21DOIRemarks.05.01.2024.pdf,,5352,,1
2024-05-14,2024,may,Construction Company Owner Convicted of Criminally Negligent Homicide in Death of 5-Year-Old Girl Struck by Pillars Following Wall Collapse,https://www.nyc.gov/assets/doi/press-releases/2024/May/BklynDANadeem_5_14_2024.pdf,,5922,,1
2024-05-16,2024,may,NYC DOC Officer Indicted for Smuggling Contraband to Inmate in the Bronx Hall of Justice,https://www.nyc.gov/assets/doi/press-releases/2024/May/BxDA.Andre-Brown05.16.2024.pdf,"OF JUSTICE Defendant Passed Cigarettes, Marijuana to Inmate Who Brought Them to Rikers Island Where One Cigarette Fetches Up to $100 Bronx District Attorney Darcel D. Clark and New York City Department of Investigation Commissioner Jocelyn E. Strauber today ¦ that fuel violence and corrupt ion in the jails, and this Correction Officer allegedly contributed to the lawlessness for a $500 bribe. That the alleged crime occ urred in the courthouse is remarkably audacious. The investigation is continuing.” Commissioner ¦ the items in small packages, and the inmate took them on the bus from court and into jail, where cigarettes are sold for between $50 -100 each, and three grams of marijuana sells for between $350-500. The total jailhouse value is about $6,600. Brown allegedly ¦ from court and into jail, where cigarettes are sold for between $50 -100 each, and three grams of marijuana sells for between $350-500. The total jailhouse value is about $6,600. Brown allegedly received $500 through a payment app. The case is being ¦ are sold for between $50 -100 each, and three grams of marijuana sells for between $350-500. The total jailhouse value is about $6,600. Brown allegedly received $500 through a payment app. The case is being prosecuted by Assistant District Attorneys Sarah ¦ and three grams of marijuana sells for between $350-500. The total jailhouse value is about $6,600. Brown allegedly received $500 through a payment app. The case is being prosecuted by Assistant District Attorneys Sarah Clements, Teri Chung, and Michael",4871,,1
2024-05-22,2024,may,DOHMH Inspector Reports to DOI Gratuity by Manhattan Deli Owner; Subsequent Investigation and Prosecution Results in Guilty Plea by Deli Owner,https://www.nyc.gov/assets/doi/press-releases/2024/May/24Alborati05.22.2024.pdf,"announced the arrest and guilty plea today of a Manhattan deli owner on a charge of giving an unlawful gratuity by providing $400 in cash to a City Department of Health and Mental Hygiene (“DOHMH”) inspector and suggesting the inspector fail to appear at a ¦ guilty to Giving Unlawful Gratuities, a class A misdemeanor. According to the terms of the plea agreement, ALBORATI will forfeit $400 to the City and has been sentenced to a Conditional Discharge. Separately, DOHMH is expected to begin proceedings to revoke his ¦ ensure New Yorkers are safe at restaurants throughout New York City. Hassan Alborati gave an unlawful gratuity by providing $400 in cash to a DOHMH inspector in an attempt to evade the enforcement of 67 violations his restaurant was facing. We will continue ¦ She left her work bag on top of a freezer chest while she did so, and l ater that day, she found a white unmarked envelope with $400 inside her work bag. T he inspector called ALBORATI that day and he confirmed that he placed the $400 in the bag. On June 14, ¦ unmarked envelope with $400 inside her work bag. T he inspector called ALBORATI that day and he confirmed that he placed the $400 in the bag. On June 14, 2023, during a recorded call, the DOHMH inspector spoke to ALBORATI who again confirmed that he had ¦ On June 14, 2023, during a recorded call, the DOHMH inspector spoke to ALBORATI who again confirmed that he had provided the $400 to the DOHMH inspector. When asked what ALBORATI wanted in exchange for the cash, ALBORATI responded that not showing up in court",5402,,1
2024-06-04,2024,june,Former City Child Protective Services Worker Pleads Guilty to Official Misconduct Related to Exposing Himself to a Parent He Was Investigating,https://www.nyc.gov/assets/doi/press-releases/2024/June/27Latour06.04.2024.pdf,"with children or their families. 2 LATOUR, an ACS employee since June 2011, was receiving an annual salary of approximately $65,921 when he retired in March 2024 DOI Commissioner Strauber thanked Queens District Attorney Melinda Katz and her staff for their",4750,,1
2024-06-11,2024,june,"NYC DOC Officer Sentenced for Selling Phony Disability Parking Placards; Must Pay $5,000 Fine",https://www.nyc.gov/assets/doi/press-releases/2024/June/BxDA_DOC_Gales_sentenced_placard_scam.pdf,"46-2024 For Immediate Release June 11, 2024 NYC DOC OFFICER SENTENCED FOR SELLING PHONY DISABILITY PARKING PLACARDS; MUST PAY $5,000 FINE Defendant Was Convicted By Jury Bronx District Attorney Darcel D. Clark today announced that a former New York City ¦ Gales, 44, of Manhattan was sentenced by Bronx Supreme Court Justice Timothy Lewis to a three year Conditional Discharg e and a $5,000 fine. The defendant was found guilty of five counts of second-degree Criminal Possession of a Forged Instrument on April 25, ¦ in her personal vehicles while parked in front of the Bronx County Hall of Justice while at work. She took payments ranging from $200 to $280 per placard. 198 EAST 161ST STREET BRONX, N.Y. 10451 (718) 590-2234 DARCEL D. CLARK DISTRICT ATTORNEY, BRONX COUNTY ¦ vehicles while parked in front of the Bronx County Hall of Justice while at work. She took payments ranging from $200 to $280 per placard. 198 EAST 161ST STREET BRONX, N.Y. 10451 (718) 590-2234 DARCEL D. CLARK DISTRICT ATTORNEY, BRONX COUNTY",3030,,1
2024-06-17,2024,june,Former Buildings Inspector Pleads Guilty to Official Misconduct; Took Cash from Queens Homeownwers in Exchange for Not Issuing Violations,https://www.nyc.gov/assets/doi/press-releases/2024/June/28DOBIbrahimi06.17.2024.pdf,"count of Official Misconduct, which is a class A misdemeanor, and was sentenced to a conditional discharge and ordered to pay $1,440 in restitution, the amount of the cash he took from the homeowners. 2 IBRAHIMI began working for DOB in March 2020 and resigned ¦ resigned in May 2024 following his arrest. At the time of his resignation, he was receiving an annual salary of approximately $61,800. IBRAHIMI was a member of DOB’s Quality of Life unit, which conducts inspections to determine whether private residences have",6762,,1
2024-06-18,2024,june,City Health Inspector Reports Bribe Attempt to DOI; Subsequent Investigation Results in Bribery Charges Against Brooklyn Woman,https://www.nyc.gov/assets/doi/press-releases/2024/June/29Whyte06.18.2024.pdf,"to and recorded a call between the APHS and the defendant in which the defendant confirmed that after failing the test, she had $50 in her hand when she approached the APHS in October 2023 and would have provided more money if the APHS had engaged with her. ¦ During a subsequent call on the same day, the defendant stated that she wanted the APHS to pass her on the exam in exchange for $50. In February 2024, DOI investigators listened to and recorded another call between the APHS and defendant in which the APHS ¦ the undercover DOI investigator posing as the “co-worker” and the defendant, who stated she would provide the co- worker with $200 in exchange for assistance in passing the exam and obtaining the FPC certificate. On Mon day, June 17 th, 2024, the defendant ¦ for assistance in passing the exam and obtaining the FPC certificate. On Mon day, June 17 th, 2024, the defendant handed $ 100 to the DOI undercover investigator posing as a DOHMH worker in exchange for the answers to the FPC exam. The defendant offered to ¦ posing as a DOHMH worker in exchange for the answers to the FPC exam. The defendant offered to provide an additional $100 after taking and passing the exam. The defendant was arrested immediately after providing $100 to the undercover investigator to ¦ offered to provide an additional $100 after taking and passing the exam. The defendant was arrested immediately after providing $100 to the undercover investigator to obtain the exam answers. WHYTE has been employed since October 2023 by the City Department of ¦ WHYTE has been employed since October 2023 by the City Department of Education as a School Lunch Helper, where she receives $16.17 an hour. DOI Commissioner Strauber thanked Manhattan District Attorney Alvin L. Bragg Jr. and his staff for the prosecution of",6689,,1
2024-06-26,2024,june,Five Employees of Juvenile Detention Center Charged with Smuggling Contraband in Exchange for Bribes,https://www.nyc.gov/assets/doi/press-releases/2024/June/Crossroads Arrests Press Release.pdf,"the Alleged Criminal Conduct Da’Vante Bolton has been employed by ACS since March 2020. As alleged, Bolton accepted more than $20,000 from Crossroads residents or their associates and smuggled in razor blades and marijuana in exchange for those bribes. Roger ¦ in exchange for those bribes. Roger Francis has been employed by ACS since July 2018. As alleged, Francis received more than $17,000 in bribes from Crossroads residents and their associates for smuggling in contraband, including marijuana and phone accessories. ¦ and phone accessories. Christopher Craig has been employed by ACS since August 2018. As alleged, Craig received more than $5,000 in bribes to smuggle in contraband, including marijuana and tobacco. Nigel King has been employed by ACS since October 2021. As ¦ including marijuana and tobacco. Nigel King has been employed by ACS since October 2021. As alleged, King accepted more than $6,800 in bribes for smuggling in marijuana, prescription pills and alcohol. 3 Octavia Napier was employed by ACS from June 2022 to May ¦ pills and alcohol. 3 Octavia Napier was employed by ACS from June 2022 to May 2023. As alleged, Napier received more than $2,000 in bribes to both smuggle in contraband and allow a Crossroads resident to use her Cash App account to run his contraband",6303,,1
2024-07-11,2024,july,DOI Issues Annual Anti-Corruption Report for 2023 Focused on the Integrity of City Data and its Utilization in Agency Anti-Corruption Efforts,https://www.nyc.gov/assets/doi/press-releases/2024/July/31AntiCorrRpt.Release.07.11.2024.pdf,,14590,,1
2024-07-15,2024,july,Fraud Investigator and Co-Conspirator Stole Information from New York City Department of Homeless Services Databases,https://www.nyc.gov/assets/doi/press-releases/2024/July/Otufale_etal_GPs.07.15.2024.pdf,,4488,,1
2024-07-17,2024,july,Pedicab Driver Pleads Guilty to Bribing a City Inspector to Obtain Pedicab Registration Plates,https://www.nyc.gov/assets/doi/press-releases/2024/July/32Alimov07.17.2024.pdf,"Supreme Court in Manhattan as part of a plea agreement that recommends a five- year probationary sentence. ALIMOV forfeited the $7,500 provided to the undercover DOI investigator and immediately surrendered his two DCWP-issued licenses, a Pedicab Driver License ¦ scheme.” Manhattan District Attorney Alvin L. Bragg, Jr., said, “ Shokhru Alimov offered and agreed to pay a City inspector $7,500 for 15 pedicab registration plates, outside of the official process. His actions undermined the licensing process that exists to ¦ of our business licensing and inspections.” ALIMOV was indicted last year after offering to pay a DCWP inspector a total of $60,000 for 34 pedicab registration plates. After making that offer, in separate conversations, ALIMOV offered to give $7,500 to the DCWP ¦ total of $60,000 for 34 pedicab registration plates. After making that offer, in separate conversations, ALIMOV offered to give $7,500 to the DCWP inspector for 15 DCWP pedicab registration plates immediately, an additional $7,500 to renew the plates in November ¦ ALIMOV offered to give $7,500 to the DCWP inspector for 15 DCWP pedicab registration plates immediately, an additional $7,500 to renew the plates in November 2023, along with more money for more pedicab registration plates in the future. ALIMOV was ¦ North Meadow Recreation Center, ALIMOV approached a senior inspector of DCWP conducting pedicab 2 inspections and offered to pay $60,000 in exchange for his assistance in obtaining 34 pedicab registration plates. The DCWP inspector then immediately reported the ¦ of DCWP headquarters in the Financial District. ALIMOV was arrested immediately after giving the DOI confidential investigator $7,500 in exchange for 15 pedicab registration plates. Commissioner Strauber thanked DCWP Commissioner Vilda Vera Mayuga and her staff",5799,,1
2024-08-09,2024,august,FDNY EMT Pleads Guilty to Stealing Cash From a DOI Undercover Investigator Posing as a Sick Patient,https://www.nyc.gov/assets/doi/press-releases/2024/August/33CarrilloGP08.09.pdf,"plea of an Emergency Medical Technician (“EMT”) employed by the New York City Fire Department (“FDNY”) to a charge of stealing $600 from a DOI undercover investigator posing as an ill patient. This type of undercover operation, also known as an integrity test, ¦ City perform lifesaving work every day of the week. Unfortunately, this defendant brought dishonor to his profession by stealing $600 from an undercover investigator during an integrity tes t. With today’s plea to a felony, this defendant will receive an ¦ by the defendant, an EMT. During the transport the Undercover saw the defendant remove the Undercover’s wallet, which contained $1,100 in marked bills. Once the Undercover was dropped off at the Hospital, he discovered that $690 was missing from his wallet. A team ¦ wallet, which contained $1,100 in marked bills. Once the Undercover was dropped off at the Hospital, he discovered that $690 was missing from his wallet. A team of DOI investigators condu cted surveillance of the op eration, and stopped the ambulance ¦ the ambulance after it left the Hospital. DOI investigators approached the defendant, who was in the 2 ambulance, and recovered $600 in marked bills from t he defendant’s front right pocket. Investigators did not find the additional $90 that was missing from the ¦ and recovered $600 in marked bills from t he defendant’s front right pocket. Investigators did not find the additional $90 that was missing from the Undercover’s wallet. The defendant was immediately arrested. CARRILLO, JR., has been employed as an EMT ¦ immediately arrested. CARRILLO, JR., has been employed as an EMT since October 2012, receives an annual salary of approximately $59,534, and has been suspended since hi s arraignment on criminal charges in August 2023. Commissioner Strauber thanked Queens County",5532,,1
2024-08-20,2024,august,City Firefighter Pleads Guilty to Hitting FDNY Colleague in the Face at his Bronx Firehouse Following DOI Investigation,https://www.nyc.gov/assets/doi/press-releases/2024/August/34Montero08.20.2024.pdf,"FDNY as an EMT in January 2016 and became a Firefighter in June 2018. He currently receives an annual salary of approximately $105,146 and has been reassigned to 9 Metrotech Center in Brooklyn where FDNY is headquartered. Commissioner Strauber thanked Bronx",3811,,1
2024-08-28,2024,august,"Bronx District Leader and Board of Elections Employee Charged with Bribery, Extortion, Fraud, and Identity Theft Offenses",https://www.nyc.gov/assets/doi/press-releases/2024/August/Torres Arrest PR.pdf,"to and including in or about August 2024, TORRES agreed to require and required Bronx residents to pay a sum of money, usually $150, either to her or to the Bronx Organization in exchange for TORRES selecting those individuals as poll workers for upcoming ¦ elections. Both the Bronx Organization and TORRES profited from the scheme. TORRES personally obtained at least approximately $28,000 in illegal payments. TORRES received the payments, often in the amount of $150, through mobile payment applications, money ¦ personally obtained at least approximately $28,000 in illegal payments. TORRES received the payments, often in the amount of $150, through mobile payment applications, money orders, and checks. In certain instances, TORRES received money orders or checks that ¦ of the No-Show Poll Workers. Based on her participation in the scheme, TORRES pers onally obtained at least approximately $36,000 in fraud proceeds, and her co-conspirators personally obtained money as well. From in or about March 2021 through in or about",8135,,1
2024-09-04,2024,september,NYC Administration for Children's Services Employee Arrested for Submitting Forged Doctor Notes to His Employer,https://www.nyc.gov/assets/doi/press-releases/2024/September/FINAL Alan Anderson Arrest PR 9.4.2024.pdf,,3396,,1
2024-09-16,2024,september,Remarks of DOI Commissioner Jocelyn E. Strauber on Announcement of Two Former High-Ranking FDNY Officials Charged with Bribery and Corruption Offenses,https://www.nyc.gov/assets/doi/press-releases/2024/September/35DOIRemarks09.16.2024.pdf,"and Deputy Assistant Chief Cordasco were senior FDNY officials with over 50 years of collective experience, each earning over $250,000 annually to oversee the Bureau of Fire Prevention. As alleged in the indictment, they devised a schem e to exploit a backlog in ¦ allegations, the defendants, together with a co-conspir ator who is a retired FDNY firefighter, collectively 2 pocketed over $190,000 by accelerating approximately 30 projects across New York City. As charged, the defendants identified some of these projects",5435,,1
2024-09-16,2024,september,"Two Former High-Ranking FDNY Officials Charged with Bribery, Corruption, and False Statements Offenses",https://www.nyc.gov/assets/doi/press-releases/2024/September/Saccavino and Cordasco Indictment PR.pdf,"every fact described should be treated as an allegation. 3 Collectively, SACCAVINO, CORDASCO, a nd Santiago received more than $190,000 in payments in connection with this scheme. As part of the investigation into this bribery scheme, in or about February 2024,",8812,,1
2024-09-18,2024,september,Construction Company Owner Sentenced to Jail for Death of 5-Year-Old Girl Struck by Pillars Following Wall Collapse,https://www.nyc.gov/assets/doi/press-releases/2024/September/KCDA.ConstructionSent.09.18.2024.pdf,"Valley Stream. Anwar was sentenced today to six months in jail and five years’ probation. City Wide was sentenced to a fine of $5,000. The defendants were convicted by Brooklyn Supreme Court Justice Danny Chun of criminally negligent homicide, first-degree",5995,,1
2024-09-24,2024,september,Former City Employee Charged with Reckless Endangerment in Connection with an Incident in Which a Man Lost His Right Hand at a Bronx NYC Housing Authority Development,https://www.nyc.gov/assets/doi/press-releases/2024/September/36Brooks09.24.2024.pdf,"today of a former Caretaker of the New York City Housi ng Authority (“NYCHA”) on charges that she paid a man (the “victim”) $20 in Ma y 2024 to complete maintenance duties at the J.P. Mitchell Houses, a NYCHA development in the Bronx. The victim’s right ¦ NYCH A caretakers would contact him to perform their maintenance duties for them in exchange for cash payments ranging between $10 and $20, in violation of NYCHA rules. 2 On May 6, 2024, BROOKS contacted the victim and asked if he could perform work for her, ¦ caretakers would contact him to perform their maintenance duties for them in exchange for cash payments ranging between $10 and $20, in violation of NYCHA rules. 2 On May 6, 2024, BROOKS contacted the victim and asked if he could perform work for her, ¦ perform work for her, specifically operating the trash compactor, bagging the trash, and removing the trash in exchange for $20. The victim began that work at about 10:45 a.m. and the defendant and Fernandez left the location. As the victim was running the ¦ December 2016 and was a Caretaker at the time of her resignation in August 2024, receiving a base annual salary of approximately $50,560. FERNANDEZ began working at NYCHA in June 2021 and is a NYCHA Caretaker receiving a base annual salary of approximately $42,130. ¦ $50,560. FERNANDEZ began working at NYCHA in June 2021 and is a NYCHA Caretaker receiving a base annual salary of approximately $42,130. DOI Commissioner Strauber thanked Bronx County Dist rict Attorney Darcel D. Clark, Chief of the District Attorney’s Public",7831,,1
2024-09-25,2024,september,"NYC DOC Officer Indicted for Smuggling Contraband into Rikers Island Worth $15,000 in the Jail",https://www.nyc.gov/assets/doi/press-releases/2024/September/76-2024 Kendell-Felix-indicted-smuggling-Rikers.pdf,"1 76-2024 For Immediate Release September 25, 2024 NYC DOC OFFICER INDICTED FOR SMUGGLING CONTRABAND INTO RIKERS ISLAND WORTH $15,000 IN THE JAIL Defendant Allegedly Brought In 200 Cigarettes and a Cellphone in Exchange for Cash Bronx District Attorney Darcel D. ¦ Darcel D. Clark today announced a NYC Department of Correction Officer has been indicted for allegedly smuggling approximately $15,000 worth of contraband into Rikers Island. District Attorney Clark said, “Cigarettes are sold for $50 to $100 each in Rikers Island ¦ smuggling approximately $15,000 worth of contraband into Rikers Island. District Attorney Clark said, “Cigarettes are sold for $50 to $100 each in Rikers Island jails, making this contraband extremely valuable, and a fuel for violence. The Correction Officer ¦ approximately $15,000 worth of contraband into Rikers Island. District Attorney Clark said, “Cigarettes are sold for $50 to $100 each in Rikers Island jails, making this contraband extremely valuable, and a fuel for violence. The Correction Officer allegedly ¦ DISTRICT ATTORNEY, BRONX COUNTY 2 defendant, a Correction Officer assigned to the North Infirmary Command, allegedly accepted $3,000 in exchange for providing contraband. Feli x allegedly provided 200 cigarettes, and a cell phone in exchange for $3,000. The ¦ accepted $3,000 in exchange for providing contraband. Feli x allegedly provided 200 cigarettes, and a cell phone in exchange for $3,000. The estimated value of the contraband in prison is approximately $15,000. The case is being prosecuted by Assistant District ¦ 200 cigarettes, and a cell phone in exchange for $3,000. The estimated value of the contraband in prison is approximately $15,000. The case is being prosecuted by Assistant District Attorney s Tyler Gibson and Sarah Clements, Supervisor in the Public",3899,,1
2024-09-26,2024,september,New York City Mayor Eric Adams Charged with Bribery and Campaign Finance Offenses,https://www.nyc.gov/assets/doi/press-releases/2024/September/Adams Indictment PR.pdf,"of the Indictment set forth herein constitute only allegations, and every fact described should be treated as an allegation. 3 $2,000 in public funds for each illegal contribution. ADAMS and those working at his direction falsely certified compliance with ¦ his campaigns as law-abiding. As a result of those false certifications, ADAMS’s 2021 mayoral campaign received more than $10,000,000 in public funds. ADAMS also sought and received other improper benefits from some of the same coconspirators who funneled straw",10170,,1
2024-09-26,2024,september,Remarks of DOI Commissioner Jocelyn E. Strauber at Press Conference Announcing New York City Mayor Eric Adams Charged with Bribery and Campaign Finance Offenses,https://www.nyc.gov/assets/doi/press-releases/2024/September/37DOIRemarks09.26.2024.pdf,"laws in order to conceal those illegal campaign contributions and, as a result of those false certifications, received over $10 million in public matching funds. The Ma yor’s alleged acceptance and concealment of illegal contributions and personal benefits gave",4083,,1
2024-10-01,2024,october,Four Employees of Juvenile Detention Center Plead Guilty to Taking Bribes,https://www.nyc.gov/assets/doi/press-releases/2024/October/Crossroads Guilty Plea release.pdf,"to carry pepper spray or restraints. Da’Vante Bolton has been employed by AC S since March 2020. Bolton accepted more than $20,000 in bribes from Crossroads residents or their associates and, in exchange, smuggled in razor blades and marijuana. Christopher ¦ smuggled in razor blades and marijuana. Christopher Craig has been employed by AC S since August 2018. Craig received more than $5,000 in bribes to smuggle in contraband, including marijuana and tobacco. Nigel King was employed by ACS from Oc tober 2021 to August ¦ including marijuana and tobacco. Nigel King was employed by ACS from Oc tober 2021 to August 2024. King accepted more than $6,000 in bribes for smuggling in marijuana, prescription pills and alcohol. Octavia Napier was employed by ACS from June 2022 to May ¦ prescription pills and alcohol. Octavia Napier was employed by ACS from June 2022 to May 2023. Napier received more than $2,000 in bribes to both smuggle in cont raband and allow a Crossroads resident to use Napier’s Cash App account to r un the resident’s",5354,,1
2024-10-02,2024,october,Former Corrections Officer Charged with Conspiring to Smuggle Narcotics into Rikers Island,https://www.nyc.gov/assets/doi/press-releases/2024/October/BarrientosComplaintPR.pdf,"Law enforcement officers then searched BARRIENTOS’s vehicle and recovered additional sheets of paper, as well as approximately $2,466 in cash, as shown in the following photographs: 3 * * * BARRIENTOS, 37, of Mount Vernon, New York, is charged with one count of",5099,,1
2024-10-03,2024,october,Five Indicted for Selling Narcotics in Astoria Houses,https://www.nyc.gov/assets/doi/press-releases/2024/October/Astoria_Houses_10_03_2024_ind-1.pdf,"who worked at the Latimer Gardens Housing Complex. The total amount of narcotics confiscated had a street value of approximately $15,000. District Attorney Katz said , “These five defendants are accused of callously selling poison and at least one firearm out of a",6546,,1
2024-10-08,2024,october,Former Chief in FDNY's Bureau of Fire Prevention Pleads Guilty to Providing Expedited Plan Reviews and Priority Inspections in Return for Bribes,https://www.nyc.gov/assets/doi/press-releases/2024/October/38CordascoGP.10.08.2024.pdf,"Judge Lewis J. Liman in the Southern District of New York. As part of the plea agreement, CORDASCO has agreed to forfeit $57,000, an estimate of the bribes received by the defendant. A sentencing date has been set for February 19, 2025. This investigation",4740,,1
2024-10-08,2024,october,Former New York City Hall Official Charged with Witness Tampering and Destruction of Evidence,https://www.nyc.gov/assets/doi/press-releases/2024/October/Bahi PR.pdf,,6858,,1
2024-10-15,2024,october,Former Juvenile Center Employee Convicted for Having Intercourse with Teen at Westchester Campus,https://www.nyc.gov/assets/doi/press-releases/2024/October/WCDAO Rebecca Jean-Baptiste 10.15.24.pdf,,3521,,1
2024-10-17,2024,october,DOI's Examination Finds Compliance and Governance Risks at 51 City-Funded Nonprofits that Operate NYC Homeless Shelters and Flawed City Oversight of DHS-Funded Providers,https://www.nyc.gov/assets/doi/press-releases/2024/October/39DHSRptRelease10.17.2024.pdf,"the United States. DHS-funded shelters currently support an average of over 86,000 people per night at a cost of approximately $4 billion annually in FY 2024, up from $2.7 billion annually in FY 2022, due in large part to the influx of asylum seekers over the past ¦ currently support an average of over 86,000 people per night at a cost of approximately $4 billion annually in FY 2024, up from $2.7 billion annually in FY 2022, due in large part to the influx of asylum seekers over the past two years. (DOI did not review City -funded ¦ over how City money is used for executive compensation. DOI identified multiple shelter executives who received more than $500,000 per year, and in some cases, more than $700,000 per year , from providers and related organizations . Executive compensation in ¦ compensation. DOI identified multiple shelter executives who received more than $500,000 per year, and in some cases, more than $700,000 per year , from providers and related organizations . Executive compensation in these cases is funded either largely or in part",17453,,1
2024-10-24,2024,october,DOI Report: The Impact of Raise the Age and Bail Reform on the City's Juvenile Detention Facilities,https://www.nyc.gov/assets/doi/press-releases/2024/October/40DYFJRpt.Release.pdf,,16116,,1
2024-11-13,2024,november,City Correction Officer Pleads Guilty to Attempting to Kick a Person in Custody Who Was Restrained by Others,https://www.nyc.gov/assets/doi/press-releases/2024/November/41Garcia11.13.2024.pdf,"and to harass him. GARCIA has been employed by DOC since November 2005 and receives an annual base salary of approximately $101,590. Commissioner Strauber thanked Manhattan District Attorney Alvin Bragg and his staff for their prosecution of this matter; and",4413,,1
2024-11-19,2024,november,"New York City Employee Indicted for Stealing Approximately $624,000",https://www.nyc.gov/assets/doi/press-releases/2024/November/KCDA.NYCERS.11.19.2024.pdf,"more FOR IMMEDIATE RELEASE Tuesday, November 19, 2024 New York City Employee Indicted for Stealing Approximately $624,000 Defendant Worked as Associate Retirement Benefits Examiner at NYCERS, Allegedly Stole Pension Checks from Two Retired Individuals ¦ with corrupting the government, grand larceny, identity theft, and offering a false instrument for filing for allegedly stealing $624,000 from two retired New York City employees’ pensions. District Attorney Gonzalez said, “This defendant is accused of exploiting his ¦ to court on February 5, 2025. It is alleged that between February 8, 2021 and January 2, 2024, the defendant stole approximately $624,000 from the New York City Employees’ Retirement System (NYCERS), where he worked as an Associate Retirement Benefits Examiner. It is ¦ supervisor who had not been reported as deceased after he died at age 63, stealing retroactive payments of approximately $242,000 and monthly payments between May 2021 and January 2024 of approximately $5,700. Furthermore, it is alleged, the defendant stole ¦ stealing retroactive payments of approximately $242,000 and monthly payments between May 2021 and January 2024 of approximately $5,700. Furthermore, it is alleged, the defendant stole approximately $199,000 from a 75-year-old retired Associated Railroad Signal ¦ between May 2021 and January 2024 of approximately $5,700. Furthermore, it is alleged, the defendant stole approximately $199,000 from a 75-year-old retired Associated Railroad Signal Specialist employed by the MTA/NYC Transit whose account was suspended",5267,,1
2024-11-20,2024,november,DOI Issues Two Reports Finding that DOC Lacks Sufficient Controls Regarding Contraband Smuggling into the City's Jails and Relies on Field Tests That Frequently Yield False-Positive Results for Fentanyl,https://www.nyc.gov/assets/doi/press-releases/2024/November/42DOC.Rpts.Release.11.20.2024.pdf,,14690,,1
2024-11-21,2024,november,"Defendants Received Over $500,000 in Illegal Kickback Payments from Vendor Selected to Install Security Cameras at Homeless Shelters",https://www.nyc.gov/assets/doi/press-releases/2024/November/DSILVA IndictmentPR11.21.2024.pdf,"John Marzulli Danielle Blustein Hass United States Attorney’s Office (718) 254-6323 PRESS RELEASE Defendants Received Over $500,000 in Illegal Kickback Payments From Vendor Selected to Install Security Cameras at Homeless Shelters Earlier today, in federal ¦ intended recipients.” “Gary DSilva and Jonathan Velazquez, two non-profit organization workers, allegedly received more than $500,000 in illicit kickback payments from Luis Camarena, a contractor hired to install security services in some of the city’s homeless ¦ at the Organization’s homeless shelters. Camarena was the principal of the Vendor. The Vendor ultimately received approximately $1.6 million in payments from the Organization for work related to these security-camera projects from approximately 2017 to 2021. During ¦ to these security-camera projects from approximately 2017 to 2021. During that same period, the Vendor paid a total of over $500,000 in kickbacks to DSilva and Velazquez. These illegal payments took the form of payments to credit cards in the names of DSilva and",4936,,1
2024-11-21,2024,november,New York City Correction Officer Pleads Guilty to Submitting Fraudulent Documents to Obtain Affordable Housing,https://www.nyc.gov/assets/doi/press-releases/2024/November/44AllenTramell11.21.2024.pdf,"in the Second Degree , a class A misdemeanor ; pleaded guilty to the same; and was sentenced to a conditional discharge and $250 fine. His next court appearance is scheduled for January 23, 2025, for imposition of the sentence. DOI Commissioner Strauber said ¦ that he earned less than his actual income. S pecifically, the defendant represented that his total annual household income was $91,258 when , in fact, his total annual income was above the affordable housing applicable income limit of $118,680. ALLEN-TRAMMELL ¦ household income was $91,258 when , in fact, his total annual income was above the affordable housing applicable income limit of $118,680. ALLEN-TRAMMELL began employment at DOC in January 2016 and receives an annual base salary of approximately $ 101,590. In ¦ limit of $118,680. ALLEN-TRAMMELL began employment at DOC in January 2016 and receives an annual base salary of approximately $ 101,590. In Calendar Year 2023, with overtime, ALLEN -TRAMMELL received City income of approximately $139,086. 2 DOI Commissioner ¦ salary of approximately $ 101,590. In Calendar Year 2023, with overtime, ALLEN -TRAMMELL received City income of approximately $139,086. 2 DOI Commissioner Strauber thanked Manhattan District Attorney Alvin Bragg, Jr., HDC President Eric Enderlin, and their",4641,,1
2024-11-21,2024,november,Parent of Resident at Brooklyn Juvenile Center Pleads Guilty to Bribing a City Employee to Bring in Scalpels and Marijuana to the Facility,https://www.nyc.gov/assets/doi/press-releases/2024/November/43Alicea11.21.2024.pdf,"on today’s guilty plea by JESSICA ALICEA, 44, of Brooklyn, N.Y., to one count of federal program bribery for providing more than $10,000 in total to a City Administration for Children’s Services ’ (“ACS”) Youth Development Specialist to smuggle contraband into ¦ investigation and prosecution.” According to court documents and information presented in court, ALICEA provided approximately $14,000 in total , in approximately 136 transactions, to ACS Youth Development Specialist DA’VANTE BOLTON to smuggle scalpels and",4351,,1
2024-11-22,2024,november,Second Former NYCHA Superintendent Convicted of Bribery and Extortion Offenses at Trial,https://www.nyc.gov/assets/doi/press-releases/2024/November/Colon Verdict PR.pdf,"is the largest public housing authority in the country, providing housing to New Yorkers across the City and receiving over $1.5 billion in federal funding from the U.S. Department of Housing and Urban Development (“HUD”) every year. When repairs or construction ¦ work and needed COLON to sign off on the completed job. COLON typically demanded approximately 10% of the contract value—between $500 and $1 ,000 depending on the size of the contract —or a flat bribe of $1,000 for signing off on invoices for completed work. In ¦ needed COLON to sign off on the completed job. COLON typically demanded approximately 10% of the contract value—between $500 and $1 ,000 depending on the size of the contract —or a flat bribe of $1,000 for signing off on invoices for completed work. In total, ¦ approximately 10% of the contract value—between $500 and $1 ,000 depending on the size of the contract —or a flat bribe of $1,000 for signing off on invoices for completed work. In total, COLON demanded and received thousands of dollars in bribes in exchange",8235,,1
2024-11-25,2024,november,City Releases Investigation Report into 2023 Bronx Building Collapse,https://www.nyc.gov/assets/doi/press-releases/2024/November/Billingsley.DOBRpt.11.25.2024.pdf,"handle structural safety in NYC buildings. Local Law 79 moves the agency from a reactive approach to a proactive one, and with $4.7M in accompanying investments to increase inspectorial capacity, it will help keep New Yorkers safer. No amount of discipline or ¦ at the Office of Administrative Trials and Hearings (OATH), where the contractor could face a maximum potential penalty of $50,000. To prevent similar incidents like this from happening in the future, the Department is creating a new proactive enforcement ¦ and bad actors within the construction industry. Thanks to a new law passed by the City Council, and a significant investment of $4.7 million dollars from Mayor Eric Adams, the Department is currently staffing up this new unit, who will use predictive analytics to",9707,,1
2024-12-03,2024,december,Former President of United Probation Officers Association Sentenced to Two Years' Home Incarceration and Must Pay More Than $1.3 Million in Restitution and Forfeiture for Stealing Hundreds of Thousands of Dollars from the Association and Taxpayers,https://www.nyc.gov/assets/doi/press-releases/2024/December/46ColuccioSent.12.03.2024.pdf,"FORMER PRESIDENT OF UNITED PROBATION OFFICERS ASSOCIATION SENTENCED TO TWO YEARS’ HOME INCARCERATION AND MUST PAY MORE THAN $1.3 MILLION IN RESTITUTION AND FORFEITURE FOR STEALING HUNDREDS OF THOUSANDS OF DOLLARS FROM THE ASSOCIATION AND TAXPAYERS Jocelyn E. ¦ of two years’ home incarceration to be enforced by location monitoring, and 300 hours of community service, for stealing $750,000 from the UPOA and its taxpayer -funded active and retirement welfare funds (“the Welfare Funds”). In addition, the defendant was ¦ its taxpayer -funded active and retirement welfare funds (“the Welfare Funds”). In addition, the defendant was ordered to pay $684,929 in restitution (with $100,000 to be paid by the end of this month and the remainder in monthly installments thereafter), and ¦ and retirement welfare funds (“the Welfare Funds”). In addition, the defendant was ordered to pay $684,929 in restitution (with $100,000 to be paid by the end of this month and the remainder in monthly installments thereafter), and $750,000 in forfeiture. COLUCCIO ¦ in restitution (with $100,000 to be paid by the end of this month and the remainder in monthly installments thereafter), and $750,000 in forfeiture. COLUCCIO was sentenced in the United States District Court for the Southern District of New York by U.S. District ¦ to one count of wire fraud in connection with this theft scheme. As part of his plea agreement, COLUCCIO agreed to forfeit $750,000 to the United States and to make restitution in the amount of $684,929 to the UPOA and the Welfare Funds. This prosecution was ¦ As part of his plea agreement, COLUCCIO agreed to forfeit $750,000 to the United States and to make restitution in the amount of $684,929 to the UPOA and the Welfare Funds. This prosecution was handled by the U.S. Attorney’s Office for the Southern District of New",4859,,1
2024-12-03,2024,december,NYC Administration for Children's Services Employee Pleads Guilty to Submitting Forged Doctor Notes to His Employer,https://www.nyc.gov/assets/doi/press-releases/2024/December/FINAL Alan Anderson Plea PR 12.3.2024.pdf,,3205,,1
2024-12-11,2024,december,New Jersey Contractor Pleads Guilty to Negligent Release of Asbestos,https://www.nyc.gov/assets/doi/press-releases/2024/December/Correa Plea PR.pdf,,4111,,1
2024-12-17,2024,december,Child Protective Specialist with the City Administration for Children's Services Charged with Workers' Compensation Fraud,https://www.nyc.gov/assets/doi/press-releases/2024/December/48Carpenter12.17.2024.pdf,"Administration for Children’s Services (“ACS”) Child Protective Specialist (“CPS”) on charges of illegally obtaining more than $30,000 in Workers’ Compensation benefits. DOI’s investigation was prompted by allegations that the defendant, while on Workers’ ¦ 1, 2022, through May 9, 2024, the defendant was employed by Allied Universal as a security guard and was paid approximately $149,789 between January 1, 2022, through October 12, 2023. The investigation determined that between May 24, 2023, and November 10, 2023, ¦ 12, 2023. The investigation determined that between May 24, 2023, and November 10, 2023, the defendant collected approximately $30,364.40 in workers’ compensation funds she was not entitled to receive. Carpenter returned to active duty at ACS in December 2023; she ¦ in December 2023; she has been employed at ACS since February 2019 and is currently receiving an annual salary of approximately $67,899. Commissioner Strauber thanked Brooklyn District Attorney Eric Gonzalez and his staff for their partnership on this",5966,,1
2024-12-17,2024,december,Four Queens Daycare Workers Charged with Submitting Fraudulent Medical Forms Required by the City Department of Health and Mental Hygiene,https://www.nyc.gov/assets/doi/press-releases/2024/December/47DOHHealthForms12.17.2024.pdf,,5624,,1
2024-12-19,2024,december,"D.A. Bragg, DOI Commissioner Strauber Announce Indictment of Ingrid Lewis-Martin, Her Son, and Two Real Estate Investors",https://www.nyc.gov/assets/doi/press-releases/2024/December/DANY.ILM.12.19.2024.pdf,"II (a/k/a SUAVE a/k/a SUAVE LUCIANO); and real estate investors RAIZADA VAID (a/k/a PINKY) and MAYANK DWIVEDI for a more than $100,000 bribery conspiracy committed while LEWIS-MARTIN served as Chief Advisor to the Mayor of the City of New York. All of the ¦ Mayor of the City of New Y ork to illegally influence Department of Buildings and other city decisions in exchange for more than $100,000 in cash and benefits for herself and her son, Glenn Martin II. I would like to thank our prosecutors as we carry on the Manhattan ¦ All factual recitations are derived from documents filed in court and statements made on the record in court. 2 for more than $100,000 in checks and cash from real estate developers and business owners VAID and DWIVEDI. VAID and DWIVEDI own Manhattan businesses ¦ performed for VAID and DWIVEDI, and extensive communications between the co-conspirators. In August 2023, MARTIN II received two $50,000 checks from his co -conspirators: one cashier’s check from Dwivedi’s company, and one personal check from Vaid. MARTIN II ¦ from his co -conspirators: one cashier’s check from Dwivedi’s company, and one personal check from Vaid. MARTIN II deposited the $100,000 in checks to joint bank accounts held with LEWIS -MARTIN. He then transferred $50,000 to a company used for his DJ business, ¦ check from Vaid. MARTIN II deposited the $100,000 in checks to joint bank accounts held with LEWIS -MARTIN. He then transferred $50,000 to a company used for his DJ business, Suave Productions, and used that money to issue a $113,000 cashier’s check to purchase a ¦ -MARTIN. He then transferred $50,000 to a company used for his DJ business, Suave Productions, and used that money to issue a $113,000 cashier’s check to purchase a Porsche. LEWIS-MARTIN made attempts to cover up the alleged conspiracy by asking the participants",5854,,1
2024-12-19,2024,december,"Remarks of DOI Commissioner Jocelyn E. Strauber Regarding Announcement of Indictment Involving the Mayor's Former Chief Advisor, Her Son and Two Co-Conspirators",https://www.nyc.gov/assets/doi/press-releases/2024/December/50DOIRemarks.12.19.2024.pdf,"son. As charged, she used her senior role in City government to benefit two co -conspirators, in exchange for cash in excess of $100,000 and support for her son’s business ventures. The benefits Lewis -Martin allegedly provided to her co -conspirators include her",3903,,1
2025-01-23,2025,january,Queens Couple Plead Guilty to Federal Charges in Connection with Public Benefits Scam,https://www.nyc.gov/assets/doi/press-releases/2025/January/03selimovic01.23.2025.pdf,"York . As part of their plea agreements , prior to their sentencing date s in April 2025, MIRELA SELIMOVIC is ordered to forfeit $22,869, and SEAD SELIMOVIC is ordered to forfeit $58,040.12. Collectively, the couple was also ordered to pay restitution of $112,707. ¦ their sentencing date s in April 2025, MIRELA SELIMOVIC is ordered to forfeit $22,869, and SEAD SELIMOVIC is ordered to forfeit $58,040.12. Collectively, the couple was also ordered to pay restitution of $112,707. DOI investigated this matter in collaboration with ¦ $22,869, and SEAD SELIMOVIC is ordered to forfeit $58,040.12. Collectively, the couple was also ordered to pay restitution of $112,707. DOI investigated this matter in collaboration with the United States Postal Inspection Service’s New York Offic e and the ¦ (“SNAP”), and the New York State Medicaid program. Between February 2017 and January 2023, the defendants received approximately $40,707 in DHE benefits, approximately $51,091 in SNAP benefits, and approximately $20,090 in Medicaid benefits to which they were not ¦ program. Between February 2017 and January 2023, the defendants received approximately $40,707 in DHE benefits, approximately $51,091 in SNAP benefits, and approximately $20,090 in Medicaid benefits to which they were not entitled. DOI Commissioner Strauber ¦ 2023, the defendants received approximately $40,707 in DHE benefits, approximately $51,091 in SNAP benefits, and approximately $20,090 in Medicaid benefits to which they were not entitled. DOI Commissioner Strauber thanked John J. Durham, United States Attorney",4155,,1
2025-01-29,2025,january,Former Chief in FDNY's Bureau of Fire Prevention Pleads Guilty to Providing Expedited Plan Reviews and Inspections in Return for Bribes,https://www.nyc.gov/assets/doi/press-releases/2025/January/05SaccavinoGP.01.29.2025.pdf,"Judge Lewis J. Liman in the Southern District of New York . As part of his plea agreement, SACCAVINO has agreed to forfeit $57,000, the estimated amount of bribes he received. A sentencing date has been set for May 14, 2025, 2025. SACCAVINO is the second of two ¦ treatment to clients of a former FDNY colleague, expediting the clients’ plan reviews and inspections in return for over $50,000 in bribes. As today’s guilty plea demonstrates, public officials who compromise City processes with pay-to-play schemes undercut",4833,,1
2025-01-31,2025,january,"Former NYCHA Superintendent Sentenced to 48 Months in Prison for Taking $329,300 in Bribes",https://www.nyc.gov/assets/doi/press-releases/2025/January/06NYCHA01.31.2025.pdf,"FRIDAY, JANUARY 31, 2025 CLODAGH MCGOWAN (212) 825-5931 FORMER NYCHA SUPERINTENDENT SENTENCED TO 48 MONTHS IN PRISON FOR TAKING $329,300 IN BRIBES --One of 70 defendants charged with demanding and receiving cash to award NYCHA contracts-- Jocelyn E. Strauber, ¦ Southern District of New York to 48 months in prison followed by three years of supervised release. MERCADO has agreed to pay $329,300 in restitution to NYCHA and to forfeit $329,300 in illegal proceeds. He is scheduled to surrender on March 27, 2025. DOI ¦ prison followed by three years of supervised release. MERCADO has agreed to pay $329,300 in restitution to NYCHA and to forfeit $329,300 in illegal proceeds. He is scheduled to surrender on March 27, 2025. DOI investigated this case with the New York Field Office of ¦ of between approximately 10 to 20 percent of the value of the contract he awarded. In total, MERCADO demanded and received $329,300 in bribes in exchange for approximately $1,886,000 in NYCHA contracts. According to court documents, the $329,300 in bribes this ¦ the value of the contract he awarded. In total, MERCADO demanded and received $329,300 in bribes in exchange for approximately $1,886,000 in NYCHA contracts. According to court documents, the $329,300 in bribes this defendant demanded and accepted accounts for 16% of ¦ and received $329,300 in bribes in exchange for approximately $1,886,000 in NYCHA contracts. According to court documents, the $329,300 in bribes this defendant demanded and accepted accounts for 16% of the total amount of all the bribes accepted by all of the 70 ¦ and accepted accounts for 16% of the total amount of all the bribes accepted by all of the 70 defendants, and the nearly $1.9 million in contracts the defendant awarded accounts for 14% of all the bribe-tainted contracts awarded by all the 70 defendants. As of ¦ upon his arrest in February 2024, and resigned in April 2024. At the time of his resignation, MERCADO’s salary was approximately $103,650. NYCHA accepted each of the 14 recommendations DOI issued in connection with the arrests in this case and has implemented 11 of",5611,,1
2025-02-05,2025,february,Former NYC Fraud Investigator Sentenced to Prison for Stealing Homeless Victims' Identities to Apply for Unemployment Benefits,https://www.nyc.gov/assets/doi/press-releases/2025/February/Otufale Sentencing PR.pdf,,4574,,1
2025-02-12,2025,february,Two Pharmacists Convicted for Illegal Distribution of Oxycodone,https://www.nyc.gov/assets/doi/press-releases/2025/February/Ennab and Hassan Verdict Press Release.pdf,"NYPD Commissioner Tisch. “The numbers here are staggering—over 1.2 million pills exchanged with a street value of approximately $24 million. While the full extent of the harm is unquantifiable, the guilty verdicts send a clear message that wherever you illegally ¦ patients. In total, the scheme resulted in the illegal distribution of more than 1.2 million pills of oxycodone worth more than $36 million in retail street value. Six co-defendants, including Dr. Somsri Ratanaprasatporn, her receptionist Leticia Smith and pharmacists",9497,,1
2025-02-13,2025,february,"Founder and CEO of Non-Profit and Two Others Charged with Fraud, Bribery and Money Laundering Offenses",https://www.nyc.gov/assets/doi/press-releases/2025/February/Medina%20et%20al.%20Indictment%20Press%20Release.pdf,"under the Emergency Housing Program. In total, between June 2020 and December 2023, the Organization received approximately $122 million in public funds from MOCJ to operate the Emergency Housing Program at these hotels. Dantzler and Hu each operated or controlled ¦ under the Emergency Housing Program. Among other bribes and kickbacks, Dantzler and Hu purchased Medina an approximately $1.3 million townhouse; Hu, through one of her businesses, financed a luxury vehicle for Medina valued at approximately $107,000; and ¦ $1.3 million townhouse; Hu, through one of her businesses, financed a luxury vehicle for Medina valued at approximately $107,000; and Dantzler paid to purchase and renovate a house for Medina for approximately $750,000. As depicted in the following ¦ for Medina valued at approximately $107,000; and Dantzler paid to purchase and renovate a house for Medina for approximately $750,000. As depicted in the following photograph, during an in-person meeting in September 2020, Hu also provided Medina with a stack of ¦ wrapped U.S. currency in exchange 3 for two checks from the Organization made out to Hu’s catering company, totaling more than $187,000. In total, Dantzler and Hu provided Medina with at least $2.5 million in U.S. currency and in-kind benefits in exchange for ¦ made out to Hu’s catering company, totaling more than $187,000. In total, Dantzler and Hu provided Medina with at least $2.5 million in U.S. currency and in-kind benefits in exchange for Medina steering approximately $51 million in public funds from the ¦ provided Medina with at least $2.5 million in U.S. currency and in-kind benefits in exchange for Medina steering approximately $51 million in public funds from the Emergency Housing Program to Dantzler’s and Hu’s businesses. In turn, Dantzler’s security company ¦ the Emergency Housing Program to Dantzler’s and Hu’s businesses. In turn, Dantzler’s security company received approximately $21 million in public funds from the Organization under the Emergency Housing Program, of which Dantzler personally retained approximately",6764,,1
2025-02-13,2025,february,NYC Administration for Children's Services' Associate Youth Development Specialist Sentenced to Time Served and Two Years' Post Release Supervision in Connection with Assault of a 16-Year-Old Resident at Horizon Juvenile Detention Center,https://www.nyc.gov/assets/doi/press-releases/2025/February/07Seymour02.13.2025.pdf,"Juvenile Detention Center in the Bronx, N.Y. SEYMOUR was sentenced to time served, two years’ post release supervision, and a $1,000 fine by U.S. District Judge Edgardo Ramos in the Southern District of New York. SEYMOUR, 34, of the Bronx was a supervisor and ¦ Horizon to an ACS Borough Field Office , where he has no contact with juveniles . He receives an annual salary of approximately $78,000. DOI Commissioner Strauber thanked United States Attorney for the Southern District of New York Danielle R. Sassoon and the",4994,,1
2025-02-13,2025,february,Statement from DOI Commissioner Jocelyn E. Strauber,https://www.nyc.gov/assets/doi/press-releases/2025/February/08DOIStatement02.13.2025.pdf,,1815,,1
2025-02-13,2025,february,"Yonkers Woman Indicted for Stealing $275,000 From Former Coworker Disabled by Strokes",https://www.nyc.gov/assets/doi/press-releases/2025/February/15-Shameca-Morrison-indicted-fraud .pdf,"STREET BRONX, N.Y . 10451 (718) 590-2234 1 15-2025 For Immediate Release February 13, 2025 YONKERS WOMAN INDICTED FOR STEALING $275,000 FROM FORMER COWORKER DISABLED BY STROKES Defendant, A DEP Employee, Allegedly Forged Will, Power of Attorney and Healthcare Proxy ¦ Elderly Man Bronx District Attorney Darcel D. Clark today announced that a Yonkers woman has been indicted for stealing at least $275,000 from a 78-year-old Bronx man who was debilitated by strokes and other profound health issues. The defendant allegedly possessed ¦ by forging documents, including powers of attorney, a living will and a healthcare proxy, to facilitate the theft of more than $275,000 from the victim, according to the charges. As is also alleged, the defendant, acting with others, dep rived the vulnerable victim ¦ and dementia. The defendant allegedly made daily ATM withdrawals from the victim’s bank account, at the rate of approximately $1,000 a day. To justify and further her conduct, she showed bank employees and a social worker at Adult Protective Services two forged",5257,,1
2025-02-14,2025,february,Former Prosecutor and Family Members Plead Guilty to Fraudulently Obtaining Affordable Housing in Manhattan,https://www.nyc.gov/assets/doi/press-releases/2025/February/09Jacques_02_14_25.pdf,,6703,,1
2025-02-19,2025,february,"NYC Sanitation Supervisor Indicted for Filing $21,000 in Fraudulent Timesheets",https://www.nyc.gov/assets/doi/press-releases/2025/February/18-2025-Brice-Williams-sentenced-fraud-DOC.pdf,"February 18, 2025 NYC DEPARTMENT OF CORRECTION CAPTAIN ORDERED TO PAY FINES, RESTITUTION AND HIS PENSION REDUCED FOR STEALING $14,000 IN PAY Defendant Pleaded Guilty to Fraud; Put in for Overtime While at NJ Eatery Bronx District Attorney Darcel D. Clark today ¦ Bronx District Attorney Darcel D. Clark today announced that a NYC Department of Correction Captain was sentenced to a fine of $30,000, restitution of $15,000 and a pension reduction after pleading guilty to collecting at least $14,000 in pay for hours he did not ¦ Darcel D. Clark today announced that a NYC Department of Correction Captain was sentenced to a fine of $30,000, restitution of $15,000 and a pension reduction after pleading guilty to collecting at least $14,000 in pay for hours he did not work. District Attorney ¦ was sentenced to a fine of $30,000, restitution of $15,000 and a pension reduction after pleading guilty to collecting at least $14,000 in pay for hours he did not work. District Attorney Clark said, “This was a violation of the public trust that defrauded New York ¦ prosecutors for ensuring justice is served."" District Attorney Clark said Brice Williams, 42, was sentenced today to a fine of $30,000, restitution of $15,000 and a pension reduction on one count of Defrauding the Government by Bronx Supreme Court Justice Joseph ¦ justice is served."" District Attorney Clark said Brice Williams, 42, was sentenced today to a fine of $30,000, restitution of $15,000 and a pension reduction on one count of Defrauding the Government by Bronx Supreme Court Justice Joseph McCormack. He pleaded ¦ instead at a sushi restaurant in New Jersey. From May 31, 2021, through July 18, 2021, Williams requested and was paid at least $14,000 in taxpayer funds for regular and overtime for hours when he was not actually on Rikers Island and was not working. The case was",4003,,1
2025-02-19,2025,february,"NYC Sanitation Supervisor Indicted for Filing $21,000 in Fraudulent Timesheets",https://www.nyc.gov/assets/doi/press-releases/2025/February/Bxda.Taylor.02.19.2025.pdf,"N.Y . 10451 (718) 590-2234 1 19-2025 For Immediate Release February 19, 2025 NYC SANITATION SUPERVISOR INDICTED FOR FILING $21,000 IN FRAUDULENT TIMESHEETS He Allegedly Took Long Breaks at Home, Issued Summonses at Locations Where He Was Not Present Bronx ¦ has been indicted on Grand Larceny, Falsifying Business Records, and other charges for allegedly filing time sheets for over $21,000 in pay for hours he was at his Bronx home instead of working. District Attorney Clark said, “This defendant allegedly took long ¦ defendant allegedly took long breaks at his home while he was supposed to be working and submitted false timesheets. He made $21,800 in fraudulent pay. This crime diminishes the reputation of our honest, hardworking civil servants.” Department of Investigation",4251,,1
2025-02-26,2025,february,"Suspended NYCHA Superintendent Sentenced to 41 Months in Prison for Taking $54,150 in Bribes in Exchange for Awarding NYCHA Contracts",https://www.nyc.gov/assets/doi/press-releases/2025/February/11NYCHA.Harris.02.26.2025.pdf,"FEBRUARY 26, 2025 CLODAGH MCGOWAN (212) 825-5931 SUSPENDED NYCHA SUPERINTENDENT SENTENCED TO 41 MONTHS IN PRISON FOR TAKING $54,150 IN BRIBES IN EXCHANGE FOR AWARDING NYCHA CONTRACTS Jocelyn E. Strauber, Commissioner of the New York City Department of ¦ to 41 months in prison followed by three years of supervised release. As part of the sentence, HARRIS was also ordered to pay $54,150 in restitution to NYCHA and to forfeit $54,150 in illegal proceeds . She is scheduled to surrender no sooner than April 9, 2025. ¦ of supervised release. As part of the sentence, HARRIS was also ordered to pay $54,150 in restitution to NYCHA and to forfeit $54,150 in illegal proceeds . She is scheduled to surrender no sooner than April 9, 2025. DOI Commissioner Jocelyn E. Strauber said, “As ¦ the power to award no -bid contracts. From approximately 2015 to 2021, HARRIS solicited and accepted a total of approximately $54,150 in bribes in exchange for awarding no-bid contracts, requiring contractors to pay bribes up front in order to be awarded the ¦ the completed job so that the contractor could be paid by NYCHA. HARRIS typically demanded 10% of the contract value — between $500 and $1,000, depending on the size of the contract. 2 As of today, 64 of the 70 defendants have been convicted, and the cases ¦ job so that the contractor could be paid by NYCHA. HARRIS typically demanded 10% of the contract value — between $500 and $1,000, depending on the size of the contract. 2 As of today, 64 of the 70 defendants have been convicted, and the cases against six ¦ at NYCHA in February 2001, was suspended without pay upon her arrest in February 2024, when her annual salary was approximately $106,720. NYCHA accepted each of the 14 recommendations DOI issued in connection with the arrests in this case and has implemented 11 of",5572,,1
2025-03-06,2025,march,"DOI Closes Out Calendar Year 2024 with Increases in Arrests and Complaints, Major Public Corruption Cases, and 15 Comprehensive Public Reports",https://www.nyc.gov/assets/doi/press-releases/2025/March/12CYend2024.03.06.2025FINAL.pdf,"this type of wrongdoing, including: • A former fiscal officer for a City-funded nonprofit pled guilty to stealing nearly $2.3 million from a Brooklyn charity , which she spent on, among other things, remodeling her home, spa treatment, landscaping expenses and ¦ a City-funded non-profit and the principal of the vendor they selected were charged in a kickback scheme where the vendor paid $500,000 to the employees of the nonprofit in exchange for a contract to install security cameras at City homeless shelters. • A Brooklyn ¦ grade on DOHMH exam that in fact she had failed. In a separate investigation, a Manhattan deli owner pled guilty to providing $400 in cash to a DOHMH inspector and proposing that the inspector not appear at a n upcoming court proceeding concerning numerous ¦ prompting this investigation. • A Far Rockaway, N.Y. man was sentenced to 70 months in prison for fraudulently obtaining nearly $ 2 million dollars from rental assistance programs administered by the City Human Resources Administration (“HRA”) and HPD. • A Florida ¦ HPD. • A Florida woman was sentenced to 42 months in prison for defrauding at least 120 low income City residents out of nearly $50,000 in benefits from the Supplemental Nutrition Assistance Program, which provides low-income individuals with electronic benefits ¦ to purchase food. • A New York, N.Y. man was charged with possessing dozens of stolen encrypted two -way radios worth more than $115,000 from City Department of Sanitation garbage trucks. • Five individuals and their companies pled guilty to engaging in an array of ¦ in connection with his participation in a scheme to steal checks mailed and made out to the Law Department, for approximately $600,000 in total, and to deposit or attempt to deposit forged, altered, and fraudulently endorsed versions of those checks into bank ¦ Department referral to DOI prompted this investigation. • A former DOC officer pled guilty to fraudulently obtaining more than $170,000 in salary and overtime payments. • The former president of United Probation Officers Association was sentenced to two years’ home",19699,,1
2025-03-10,2025,march,Former New York City Correction Officer Sentenced to One Year and A Day in Prison for Conspiring to Smuggle Drugs and Other Contraband Onto Rikers Island,https://www.nyc.gov/assets/doi/press-releases/2025/March/13.DOC.Stephanie.Davila.03.10.2025.pdf,"of her resignation in May 2021 she was assigned to Robert N. Davoren Center (“RNDC”) and was receiving a salary of approximately $54,670. As of today, in addition to DAVILA, the remaining five defendants have been sentenced: • KRISTOPHER FRANCISCO pled guilty to ¦ and was sentenced in June 2024 to 37 months in federal prison and three years’ post release supervision and ordered to forfeit $45,644. • Former Riker’s Island contractor KENNETH WEBSTER pled guilty to conspiracy to commit honest services wire fraud and was",5861,,1
2025-03-13,2025,march,"NYC DOC Officer Sentenced to Probation, Community Service for Failure to Act in Inmate's Suicide Attempt",https://www.nyc.gov/assets/doi/press-releases/2025/March/3_13_2025DOC.pdf,,3881,,1
2025-03-25,2025,march,Principals of Fire Alarm Repair Company Plead Guilty to Decade-Long Scheme to Defraud New York City Agencies,https://www.nyc.gov/assets/doi/press-releases/2025/March/Fire Alarm Guilty Pleas Press Release.pdf,,5579,,1
2025-03-28,2025,march,DOI Investigation Leads to Arrest of Section 8 Recipient on Charges of Failing to Live in Her Subsidized Bronx Apartment and Illegally Subletting and Profiting From It,https://www.nyc.gov/assets/doi/press-releases/2025/March/15NYCHA.Australia.Gonzalez.Arrest.03.28.2025.pdf,"(“DOI”), announced the arrest on Thursday, March 27, 2025, of a Florida woman on charges of illegally obtaining more than $50,000 in Section 8 benefits for a Bronx apartment where she did not reside and failing to report to the New York City Housing Authority ¦ to two tenants. One tenant rented a bedroom from April 2022 until November 2023 and paid the defendant monthly rent of between $750 and $800; and a second tenant rented a bedroom from November 2019 until November 2023, paying the defendant monthly rent of $800. ¦ tenants. One tenant rented a bedroom from April 2022 until November 2023 and paid the defendant monthly rent of between $750 and $800; and a second tenant rented a bedroom from November 2019 until November 2023, paying the defendant monthly rent of $800. The ¦ $750 and $800; and a second tenant rented a bedroom from November 2019 until November 2023, paying the defendant monthly rent of $800. The defendant’s Affidavits of Income did not report those tenants or income, stating that between 2019 and 2024, the ¦ did not report those tenants or income, stating that between 2019 and 2024, the defendant’s monthly household 2 income was $771 in 2019, no income in 2020, $513 in 20 21 and $24 in 2024. The defendant also stated on these affidavits that she was unemployed. ¦ or income, stating that between 2019 and 2024, the defendant’s monthly household 2 income was $771 in 2019, no income in 2020, $513 in 20 21 and $24 in 2024. The defendant also stated on these affidavits that she was unemployed. As a result of this conduct, ¦ that between 2019 and 2024, the defendant’s monthly household 2 income was $771 in 2019, no income in 2020, $513 in 20 21 and $24 in 2024. The defendant also stated on these affidavits that she was unemployed. As a result of this conduct, NYCHA overpaid ¦ she was unemployed. As a result of this conduct, NYCHA overpaid rental subsidies on GONZALEZ’s behalf in the amount of more than $50,000. DOI Commissioner Strauber thanked the Bronx County District Attorney Darcel Clark and her staff for their partnership on this",5417,,1
2025-03-31,2025,march,Former Chief in FDNY’s Bureau of Fire Prevention Sentenced to 20 Months in Prison for Providing Expedited Plan Reviews and Priority Inspections in Return for Bribes,https://www.nyc.gov/assets/doi/press-releases/2025/March/16Cordasco.Release.Sentencing.03.31.2025.pdf,"J. Liman in the Southern District of New York to 20 months in prison followed by two years of supervised release. He was fined $100,000 and ordered to forfeit $57,000. CORDASCO, 50, of Staten Island, N.Y. pled guilty to Conspiracy to Solicit and Receive a Bribe in ¦ of New York to 20 months in prison followed by two years of supervised release. He was fined $100,000 and ordered to forfeit $57,000. CORDASCO, 50, of Staten Island, N.Y. pled guilty to Conspiracy to Solicit and Receive a Bribe in October 2024. As part of the ¦ guilty to Conspiracy to Solicit and Receive a Bribe in October 2024. As part of the plea agreement, CORDASCO agreed to forfeit $57,000, an estimate of the bribes he received. This investigation began in 2023, when the FDNY notified DOI of a possible scheme ¦ preferential treatment to clients of a former FDNY colleague, expediting their plan reviews and inspections in return for over $50,000 in bribes, the defendant prioritized his personal financial interests over delivering ethical leadership and equitable service to",4730,,1
2025-04-07,2025,april,Former Department of Finance Employee Pleads Guilty to Fraudulently Obtaining Thousands of Dollars in Real Estate Tax Refunds,https://www.nyc.gov/assets/doi/press-releases/2025/April/18Zimaras.DOF.Release.04.07.2025.pdf,"(“DOI”), announced the guilty plea of a former Department of Finance (“DOF”) employee charged with fraudulently obtaining $13,167 in tax refund checks issued to properties that he had no authorization to represent. DOI began its investigation after DOF ¦ from one hospital in Brooklyn and another in Manhattan . On April 1, 2025, the defendant paid restitution in the amount of $95,537 , which includes the $13,167 associated with the offense he was charged with and other funds connected to the defendant ¦ and another in Manhattan . On April 1, 2025, the defendant paid restitution in the amount of $95,537 , which includes the $13,167 associated with the offense he was charged with and other funds connected to the defendant improperly obtaining tax refunds from",5781,,1
2025-04-16,2025,april,Former Correction Officer Sentenced to Six Months in Prison for Accepting Bribes to Smuggle Narcotics Into Rikers Island,https://www.nyc.gov/assets/doi/press-releases/2025/April/19Barrientos.04.16.2025.pdf,"of post-incarceration supervision, six months of which will be under home detention. BARRIENTOS was also ordered to forfeit $11,866, which represents the proceeds of the offense. DOI Commissioner Jocelyn E. Strauber said, “ By accepting bribes in exchange for ¦ Law enforcement 2 officers then searched BARRIENTOS’s vehicle and recovered additional sheets of paper, as well as approximately $2,466 in cash. BARRIENTOS began employment at DOC in J une 2016. At the time of her resign ation in May 2024, she was receiving a ¦ began employment at DOC in J une 2016. At the time of her resign ation in May 2024, she was receiving a salary of approximately $101,590. Commissioner Strauber thanked Matthew Podolsky, Acting U.S. Attorney for the Southern District of New York for the Office’s",5141,,1
2025-04-17,2025,april,Former Board of Elections Employee and Bronx District Leader Pleads Guilty to Federal Extortion and Mail Fraud Charges,https://www.nyc.gov/assets/doi/press-releases/2025/April/20Torres.Guilty.Plea.04.17.2025.pdf,"records to collect salaries of no-show poll workers. In total, the defendant personally received at least approximately $28,000 in illegal payments and at least approximately $36,000 in fraud proceeds. DOI conducted this investigation with the New York ¦ In total, the defendant personally received at least approximately $28,000 in illegal payments and at least approximately $36,000 in fraud proceeds. DOI conducted this investigation with the New York Field Office of the Federal Bureau of Investigation (“FBI”) ¦ of imprisonment . She is scheduled to be sentenced on July 8, 2025 . As part of her plea agreement, she is required to forfeit $40,9 70 and pay restitution of $149,845.59. DOI Commissioner Jocelyn E. Strauber said, “This former City Board of Elections employee ¦ to be sentenced on July 8, 2025 . As part of her plea agreement, she is required to forfeit $40,9 70 and pay restitution of $149,845.59. DOI Commissioner Jocelyn E. Strauber said, “This former City Board of Elections employee and elected district leader exploited ¦ voting periods and election day. From 2019 to about August 2024, TORRES required Bronx residents to pay a sum of money, usually $150, either to her or to a Bronx Organization, in exchange for TORRES selecting those individuals as poll workers for upcoming ¦ elections. Both the Bronx Organization and TORRES profited from the scheme. TORRES personally obtained at least approximately $28,000 in illegal payments which she received through mobile payment applications, money orders, and checks. In certain instances, ¦ Poll Workers. Based on her participation in the No-Show Poll Workers scheme, TORRES personally obtained at least approximately $36,000 in fraud proceeds, and her co-conspirators personally obtained money as well. TORRES was first employed by the BOE in February ¦ in August 2024 and was dismissed due to the criminal charges in October 2024. At that time, she received an annual salary of $56,945. She currently remains an elected district leader in the Bronx. Commissioner Strauber thanked Matthew Podolsky, Acting U.S.",6786,,1
2025-04-28,2025,april,City Releases Final Investigation Into 2023 Fatal Parking Structure Collapse,https://www.nyc.gov/assets/doi/press-releases/2025/April/DOB.AnnSt.04.28.2025.pdf,"and bad actors within the construction industry. Thanks to a new law passed by the City Council, and a significant investment of $4.7 million from Mayor Eric Adams, DOB is currently staffing up this new unit, which 5 will utilize predictive analytics to identify",13276,,1
2025-04-30,2025,april,Brooklyn Man Sentenced to Six Months in Jail for Making and Selling Fake OSHA and Buildings Department Safety Cards,https://www.nyc.gov/assets/doi/press-releases/2025/April/bonello_benedetto_sen_4_30_2025.pdf,,4559,,1
2025-04-30,2025,april,"New York City Employee Pleads Guilty to Stealing $624,000",https://www.nyc.gov/assets/doi/press-releases/2025/April/mathieu_gregory_plea_4_30_2025.pdf,"FOR IMMEDIATE RELEASE Wednesday, April 30, 2025 New York City Employee Pleads Guilty to Stealing $624,000 Defendant Worked as Associate Retirement Benefits Examiner at NYCERS, Stole Pension Checks from Two Retired Individuals Brooklyn ¦ Jocelyn E. Strauber, today announced that a Brooklyn man has pleaded guilty to corrupting the government for stealing $624,000 from two retired New York City employees’ pensions. District Attorney Gonzalez said, “This defendant shamelessly exploited his ¦ Justice Danny Chun in exchange for a promised sentence of one to three years in prison and a judgment order of restitution for $511,115.61 against the defendant. NYCERS was previously able to get back approximately $113,000 from the defendant. Sentencing was set for ¦ and a judgment order of restitution for $511,115.61 against the defendant. NYCERS was previously able to get back approximately $113,000 from the defendant. Sentencing was set for September 17, 2025. The District Attorney said that between February 8, 2021 and ¦ 17, 2025. The District Attorney said that between February 8, 2021 and January 2, 2024, the defendant stole approximately $624,000 from the New York City Employees’ Retirement System (NYCERS), where he worked as an Associate Retirement Benefits Examiner. The ¦ suspended pension payments of a deceased Department of Sanitation supervisor, stealing retroactive payments of approximately $242,000 and monthly payments between May 2021 and January 2024 of approximately $5,700. In addition, the defendant stole approximately ¦ stealing retroactive payments of approximately $242,000 and monthly payments between May 2021 and January 2024 of approximately $5,700. In addition, the defendant stole approximately $199,000 from a 75-year-old retired Associated Railroad Signal Specialist ¦ and monthly payments between May 2021 and January 2024 of approximately $5,700. In addition, the defendant stole approximately $199,000 from a 75-year-old retired Associated Railroad Signal Specialist employed by the MTA/NYC Transit Authority. According to the",4084,,1
2025-05-06,2025,may,"Bronx Man Charged With Stealing $38,471 in Adoption Subsidies",https://www.nyc.gov/assets/doi/press-releases/2025/May/21TravonTaylor.Arrest.05.06.2025.pdf,"FOR IMMEDIATE RELEASE CONTACT: DIANE STRUZZI TUESDAY, MAY 6, 2025 CLODAGH MCGOWAN (212) 825-5931 BRONX MAN CHARGED WITH STEALING $38,471 IN ADOPTION SUBSIDIES Jocelyn E. Strauber, Commissioner of the New York City Department of Investigation (“DOI”), issued the ¦ following statement on the arrest today of a Bronx man charged with stealing nine adoption subsidy checks valued at a to tal of $38,471 between December 2021 and September 2022 . The benefits were administered by the City Administration for Children’s Services ¦ 1, 2021 and September 6, 2022, records from ACS showed that approximately nine adoption subsidy checks , valued at a total of $38,471.35, were issued by mail to a 68-year-old Bronx woman who stated she had not received them and subsequently filled out nine Lost ¦ Banking Unit. A review of bank records associated with the defendant’s bank account found th at the missing checks, valued at $38,471.35, were deposited into the defendant’s account between December 8, 2021 and September 6, 2022. The 68-year-old Bronx woman",4669,,1
2025-05-08,2025,may,Former Civilian Program Counselor at Department of Correction Charged With Accepting Bribes to Smuggle Contraband Into Rikers Island,https://www.nyc.gov/assets/doi/press-releases/2025/May/22Henry.Arrest.05.08.2025.pdf,"in custody at the Rose M. Singer Enhanced Supervision Housing unit (“RESH”) on Rikers Island in exchange for approximately $5,000 dollars in bribes. DOC notified DOI of the discovery of suspected marijuana in the defendant’s desk at one of the Rikers Island ¦ that HENRY smuggle d in contraband 2 on at least five occasions for four separate inmates at RESH, accepting bribes of between $720 and up to $1,500 on each occasion: • Inmate-1 approached HENRY and discussed smuggling in tobacco and marijuana in exchange for ¦ d in contraband 2 on at least five occasions for four separate inmates at RESH, accepting bribes of between $720 and up to $1,500 on each occasion: • Inmate-1 approached HENRY and discussed smuggling in tobacco and marijuana in exchange for $1,200. At ¦ and up to $1,500 on each occasion: • Inmate-1 approached HENRY and discussed smuggling in tobacco and marijuana in exchange for $1,200. At Inmate-1’s direction, HENRY met a non-incarcerated individual in Brooklyn, who provided HENRY with $1,200 in cash and two ¦ in exchange for $1,200. At Inmate-1’s direction, HENRY met a non-incarcerated individual in Brooklyn, who provided HENRY with $1,200 in cash and two vacuum -sealed packages, one that contained marijuana and another that contained tobacco, which HENRY later ¦ • HENRY also agreed to smuggle in additional marijuana and tobacco for Inmate -1 under a similar arrangement and was paid $720. HEN RY hid one of the packages that contained marijuana inside a filing cabinet at work and when he returned he learned the ¦ the package had been found by another DOC employee. • HENRY smuggled in marijuana and tobacco for Inmate-2 in exchange for $1,500, receiving the money on Cash App from a non -incarcerated individual associated with Inmate -2. HENRY purchased marijuana and ¦ smuggled in marijuana, tobacco and drug-soaked papers for Inmate-3 in exchange for thousands of dollars, receiving approximately $1,500 either on Cash App or in cash from a non -incarcerated individual associated with Inmate-3, who provided HENRY with the",6958,,1
2025-05-12,2025,may,Former Eligibility Specialist With the City Human Resources Administration Charged With Stealing Personal Information From a Client to Illegally Obtain Unemployment Benefits,https://www.nyc.gov/assets/doi/press-releases/2025/May/23Robertson.Arraignment.05.12.2025.pdf,"has been charged with taking the personal identifying information of a client to apply for and fraudulently receive more than $ 27,000 in unemployment benefits between June and November 2020 . DOI began its investigation after HRA reported allegations to DOI, ¦ it to apply fo r unauthorized unemployment benefits. Instead of helping the client navigate much -needed services, she used the $27,773 in misbegotten funds for personal expenses. I thank the Department of Investigation for its steadfast collaboration in rooting ¦ an HRA Eligibility Specialist to steal personal identifying information from a nother individual to apply for and receive over $3,000 in fraudulent New York State unemployment benefits. The individual did not give the defendant permission or authority to use ¦ at HRA in February 2014 and at the time of her resignation in March 2022, was receiving an annual salary of approximately $44,710. Commissioner Strauber thanked Manhattan District Attorney Alvin Bragg, and his staff, for their partnership on the",5104,,1
2025-05-14,2025,may,Former Chief in FDNY's Bureau of Fire Prevention Sentenced to 36 Months in Prison for Providing Expedited Plan Reviews and Priority Inspections in Return for Bribes,https://www.nyc.gov/assets/doi/press-releases/2025/May/24Saccavino.Sentencing.05.14.2025.pdf,"in return for bribes . U.S. District Judge Lewis J. Liman in the Southern District of New York also ordered Saccavino to pay $150,000 in fines and $57,000 in forfeiture. In January 2025, SACCAVINO pled guilty to Conspiracy to Solicit and Receive a Bribe. This ¦ . U.S. District Judge Lewis J. Liman in the Southern District of New York also ordered Saccavino to pay $150,000 in fines and $57,000 in forfeiture. In January 2025, SACCAVINO pled guilty to Conspiracy to Solicit and Receive a Bribe. This investigation began in ¦ in a corrupt scheme to expedite plan reviews and inspection s for clients of a former FDNY colleague in exchange for over $50,000 in bribes, placing personal financial gain above his duty to provide fair and equitable service to all New Yorkers. I thank the ¦ Receive a Bribe and was sentenced in March 2025 to 20 months in prison followed by two years of supervised release. He was fined $100,000 and ordered to forfeit $57,000. DOI’s statement on his sentence can be found by clicking here. DOI Commissioner Jocelyn Strauber ¦ in March 2025 to 20 months in prison followed by two years of supervised release. He was fined $100,000 and ordered to forfeit $57,000. DOI’s statement on his sentence can be found by clicking here. DOI Commissioner Jocelyn Strauber thanked Jay Clayton, U.S.",5028,,1
2025-05-19,2025,may,Correction Officers Charged with Years-Long Healthcare Fraud Scheme Following Use of Force Incidents on Rikers Island,https://www.nyc.gov/assets/doi/press-releases/2025/May/Faustin et al Indictment PR.pdf,"on the job. These three current and former Department of Correction officers, as charged, defrauded that system of almost $1 million in total, through false claims about physical injuries. To reduce the risk of future fraud, DOI recommends reforms to the DOC ¦ to the Board, their own physicians, and independent medical examiners claiming these fake injuries. In total, FAUSTIN received $469,705.39 in benefits to which he was not entitled; CONCEPCION received $232,427.97; and MURPHY received $294,037.83. * * * CONCEPCION, 33, ¦ these fake injuries. In total, FAUSTIN received $469,705.39 in benefits to which he was not entitled; CONCEPCION received $232,427.97; and MURPHY received $294,037.83. * * * CONCEPCION, 33, of New York, New York, is charged with one count of healthcare fraud and ¦ FAUSTIN received $469,705.39 in benefits to which he was not entitled; CONCEPCION received $232,427.97; and MURPHY received $294,037.83. * * * CONCEPCION, 33, of New York, New York, is charged with one count of healthcare fraud and one count of mail fraud, each of",6026,,1
2025-05-21,2025,may,Defendants Charged for Their Role in Two Schemes to Pay Kickbacks in Return for Business From Non-Profit Organizations,https://www.nyc.gov/assets/doi/press-releases/2025/May/DSilva%20Superseding%20Indictment%20Press%20Release.pdf,"vendors. In the first scheme, which was also detailed in the original indictment, DSilva and Velazquez received approximately $500,000 in kickbacks from Camarena in return for steering contracts worth approximately $1.6 million to Vendor 1, Camarena’s company, for ¦ and Velazquez received approximately $500,000 in kickbacks from Camarena in return for steering contracts worth approximately $1.6 million to Vendor 1, Camarena’s company, for installing and/or replacing security cameras at the Organization’s homeless shelters. In ¦ regularly sent money to companies in the names of relatives of DSilva and Velazquez. In total, the Organization paid almost $2 million to Vendor 2 during the operation of the scheme, and Nigam paid kickbacks exceeding $700,000 to DSilva and Velazquez. The charges ¦ the Organization paid almost $2 million to Vendor 2 during the operation of the scheme, and Nigam paid kickbacks exceeding $700,000 to DSilva and Velazquez. The charges in the superseding indictment are merely allegations and the defendants are presumed",6151,,1
2025-06-05,2025,june,Bronx Man Charged with Creating and Selling Fraudulent Financial Documents to Individuals Claiming to Seek Affordable Housing in NYC,https://www.nyc.gov/assets/doi/press-releases/2025/June/26Billings.Arrest.06.05.2025.pdf,"The defendant responded via text that he could produce fraudulent documents and instructed the individual to send the defendant $510 via a bank payment network. The individual sent the money and then received fraudulent bank statements, a fraudulent pay stub and ¦ stated he could produce these documents in exchange for a fee and instructed the undercover investigator to send a payment of $330 through a bank payment network . The undercover inve stigator paid the fee and then received fraudulent bank statements and pay ¦ stated he could produce that document in exchange for a fee and instructed the undercover investigator to send a payment of $80 through a bank payment network. The undercover investigator sent the payment and received an email from a different email account",7015,,1
2025-06-06,2025,june,D.A. Bragg Announces Guilty Plea of Valor Security for Operating Sham Safety Training School With Approx. 20k “Students”,https://www.nyc.gov/assets/doi/press-releases/2025/June/DANYCSiteSafety06.06.2025.pdf,"to be sentenced on October 3, 2025, to a promised term of 1 year in jail, 100 hours of community service, and the forfeiture of $100,000. VALOR also lost its security license. “Valor Security is facing accountability for operating a sham safety training school,",3969,,1
2025-06-13,2025,june,Former New York State Assembly Candidate Charged with Wire Fraud,https://www.nyc.gov/assets/doi/press-releases/2025/June/Yin%20Complaint%20PR.pdf,"CANDIDATE CHARGED WITH WIRE FRAUD Defendant Dao Yin Allegedly Reported Fake Campaign Donations to Defraud New York State of $162,800 in Public Matching Funds Earlier today in federal court in Brooklyn, a criminal complaint was unsealed charging Dao Yin, a Queens ¦ York State Public Campaign Finance Board (PCFB) for its assistance. “Through lies and deceit, the defendant allegedly stole over $160,000 in taxpayer dollars to fund his campaign for elected office,” stated Matthew R. Galeotti, Head of the 2 Department of Justice’s ¦ that undermine U.S. interests and waste public funds.” “Dao Yin allegedly fabricated support to be unlawfully awarded more than $150,000 to further his election campaign. Yin also allegedly abused his position to defraud a matching funds program that could have been ¦ received, and adhere to all other program requirements such as making periodic disclosures to the PCFB. Contributions between $5 and $250 are generally eligible for public matching funds provided they meet certain criteria. For a State Assembly race, the ¦ and adhere to all other program requirements such as making periodic disclosures to the PCFB. Contributions between $5 and $250 are generally eligible for public matching funds provided they meet certain criteria. For a State Assembly race, the candidate ¦ funds provided they meet certain criteria. For a State Assembly race, the candidate generally must have raised a minimum of $6,000 in matchable contributions and have a minimum of 75 matchable donations. For cash contributions to qualify for matching funds, ¦ the signatures of individuals he falsely claimed had donated to the Committee. By doing so, the defendant obtained approximately $162,800 in public matching funds from the Program. 3 The charges in the complaint are allegations, and the defendant is presumed innocent",5836,,1
2025-06-18,2025,june,"Attorney General James Secures $400,000 for Underpaid New York City School Security Guards Secured 24 Withheld Wages From Workers While Pocketing Extra Funds From Schools",https://www.nyc.gov/assets/doi/press-releases/2025/June/AGOSecured24.06.18.2024.pdf,"more Attorney General James Secures $400,000 for Underpaid New York City School Security Guards Secured 24 Withheld Wages from Workers While Pocketing Extra Funds from ¦ Funds from Schools June 18, 2025 NEW YORK – New York Attorney General Letitia James today announced that her office has secured $400,000 from Secured 24, LLC (S ecured 24) and its two principal owners for failing to pay its security guards the full prevailing wage ¦ team, we were able to identify benefit inaccuracies quickly, and took action.” The company’s two principal owners will each pay $200,000 in restitution to former employees over a two-year period. A total of $400,000 will be distributed to eligible security guards ¦ The company’s two principal owners will each pay $200,000 in restitution to former employees over a two-year period. A total of $400,000 will be distributed to eligible security guards who were deprived of their supplemental benefits. This case is the latest in ¦ or create excuses to avoid meeting their legal obligations to their employees. In February 2025, Attorney General James secured $16.75 million from DoorDash for cheating delivery workers out of tips . In January 2025, Attorney General James recovered $1.1 million for ¦ $16.75 million from DoorDash for cheating delivery workers out of tips . In January 2025, Attorney General James recovered $1.1 million for Rikers Island cleaners cheated out of fair pay. In December 2024, Attorney General James recovered $4 million in withheld ¦ recovered $1.1 million for Rikers Island cleaners cheated out of fair pay. In December 2024, Attorney General James recovered $4 million in withheld tips for former Drizly alcohol delivery workers. In September 2024, Attorney General James recovered $750,000 in ¦ $4 million in withheld tips for former Drizly alcohol delivery workers. In September 2024, Attorney General James recovered $750,000 in stolen wages for cell phone company employees. In April 2024, Attorney General James secured nearly $230,000 for building",6063,,1
2025-06-24,2025,june,D.A. Bragg Announces Full Restitution of $36.8K to Workers in Wage Theft Prosecution,https://www.nyc.gov/assets/doi/press-releases/2025/June/DANY.Tuccimar.Wage.Theft.Restitution.06.24.2025.pdf,"more D.A. Bragg Announces Full Restitution Of $36.8K To Workers In Wage Theft Prosecution Manhattan District Attorney Alvin Bragg, Jr., today announced the guilty plea of ANTHONY ¦ co ntract for emergency shoring work. MARTUCCI pleaded guilty to one count of Petit Larceny with full, upfront restitution of $36,786.36 to the workers, as well as a three -year debarment from New York City contracts. “With this resolution, hardworking New Yorkers ¦ and the Manhattan D.A.’s Office, MARTUCCI paid one of those engineers. The remaining five workers were owed a total of $36,786.36, which MARTUCCI transmitted to the D.A.’s Office earlier this month. ALVIN L. BRAGG JR., DISTRICT ATTORNEY FOR IMMEDIATE RELEASE ¦ ANTHONY MARTUCCI Convicted: • Petit Larceny, a class A misdeme anor, one count Sentenced: • Full, upfront restitution of $36,786.36 • Three-year debarment from New York City contracts ######",3624,,1
2025-06-26,2025,june,Fraudster Sentenced to 30 Months in Prison for Stealing Homeless Victims' Identities and Using Them to Apply for Unemployment Benefits,https://www.nyc.gov/assets/doi/press-releases/2025/June/Lazarre%20Sentencing%20Press%20Release.pdf,,4064,,1
2025-07-01,2025,july,D.A. Bragg Secures Return of $170K to Workers in Wage Theft Prosecution,https://www.nyc.gov/assets/doi/press-releases/2025/July/DANY.Cole.Wage.Theft.Restitution.07.01.2025.pdf,"more D.A. Bragg Secures Return Of $170k To Workers In Wage Theft Prosecution D.A.’s Office Uses Novel “Stolen Wage Fund” to Supplement GEORGE COLE’s $110,000 ¦ Return Of $170k To Workers In Wage Theft Prosecution D.A.’s Office Uses Novel “Stolen Wage Fund” to Supplement GEORGE COLE’s $110,000 Restitution Manhattan District Attorney Alvin L. Bragg Jr. today announced the sentencing of GEORGE COLE, 65, and his company ¦ NYC LLC, to six months in jail, five years of probation, 100 hours of court supervised community service and the restitution of $ 110,000 in wages. The Department of Investigation and the Department of Buildings will pursue revocation of the defendant’s Master Rigger ¦ and the Department of Buildings will pursue revocation of the defendant’s Master Rigger license. COLE stole approximately $169,500 of wages from his workers between February 2022 and April 2023. The D.A.’s Office is using its Stolen Wage Fund to cover the ¦ Lower Manhattan. Between February 2022 and April 2023, COLE also engaged in a wage theft scheme through which he stole at least $169,500 in wages owed to seven different employees. One employee is owed at least $48,000 for 20 weeks of work. COLE gave his employees ¦ theft scheme through which he stole at least $169,500 in wages owed to seven different employees. One employee is owed at least $48,000 for 20 weeks of work. COLE gave his employees partial payments, made excuses for the missing wages, and insulted them when they ¦ his girlfriends, concert tickets, floral arrangements, a Mercedes Benz, and other luxury purchases. COLE also cashed more than $2 million at Pay -O-Matic during this time, including on days where he r efused to pay his workers their wages. Assistant D.A.s Rachana ¦ to Secure Compensation, one count Sentenced: • 6 Months of Jail • 5 Years of Probation • 100 Hours of Community Service • $110,000 Restitution ######",7641,,1
2025-07-09,2025,july,"Brooklyn Man Charged With Fraudulently Submitting Online Health Surveys to Illegally Obtain Nearly $8,000 in City-Funded Gift Cards",https://www.nyc.gov/assets/doi/press-releases/2025/July/27Chai.Arrest.07.09.2025.pdf,"CLODAGH MCGOWAN (212) 825-5931 BROOKLYN MAN CHARGED WITH FRADULENTLY SUBMITTING ONLINE HEALTH SURVEYS TO ILLEGALLY OBTAIN NEARLY $8,000 IN CITY-FUNDED GIFT CARDS Jocelyn E. Strauber, Commissioner of the New York City Department of Investigation (“DOI”), announced ¦ a computer program that performs automatic repetitive tasks , to answer hundreds of online health surveys in order to steal $7,774 in electronic gift card (“e-gift card”) funds from the City Department of Health and Mental Hygiene (“DOHMH”). The e-gift cards ¦ City families to complete a public health survey. Through use of a “Bot” that responded to hundreds of surveys, he stole nearly $8,000 worth of gift cards, defrauding the City of funds intended to facilitate this important public health initiative. I thank DOHMH ¦ across the five boroughs. Households were eligible to receive an e -gift card as an incentive for completing the survey -- $30 for each completed adult survey and $25 for each completed child survey -- with a cap of one adult and two children per ¦ were eligible to receive an e -gift card as an incentive for completing the survey -- $30 for each completed adult survey and $25 for each completed child survey -- with a cap of one adult and two children per household, for a potential maximum of $80 per ¦ and $25 for each completed child survey -- with a cap of one adult and two children per household, for a potential maximum of $80 per household. Respondents were 2 required to enter a valid email address in the portal to receive their e -gift cards ¦ to the defendant’s Amazon and PayPal accounts and then to his personal bank accounts. Funds from 216 e-gift cards, totaling $6,417.50, were uploaded to the defendant’s Pay Pal accounts ; and funds from 61 e -gift card s were uploaded to the defendant’s ¦ defendant’s Pay Pal accounts ; and funds from 61 e -gift card s were uploaded to the defendant’s Amazon.com account, totaling $1,356.60. CHAI did not have permission and authority to obtain or retain the $7,774.10 in e-gift card funds. Commissioner Strauber",6415,,1
2025-07-17,2025,july,"HRA Employee, Bronx Landlord Indicted for Theft of $110,000 from City Rental Assistance Program",https://www.nyc.gov/assets/doi/press-releases/2025/July/xx-2025-Desiree-Royer-Raul-Thomas-indicted-for HRA-scheme.pdf,"STREET BRONX, N.Y. 10451 (718) 590-2234 1 For Immediate Release July 17, 2025 HRA EMPLOYEE, BRONX LANDLORD INDICTED FOR THEFT OF $110,000 FROM CITY RENTAL ASSISTANCE PROGRAM Bronx District Attorney Darcel D. Clark and New York City Department of Investigation ¦ the director of the Human Resources Administration’s rental assistance program and a Bronx landlord were indicted for stealing $110,000 from the city in a fraud scheme. District Attorney Clark said, “The defendants are accused of stealing from a program funded to ¦ a supervisor at HRA and a landlord, worked together to defraud this critical program, manipulating an HRA database to steal over $100,000 in public funds. I thank HRA for reporting allegations to DOI that led to this investigation, and the Bronx District Attorney’s ¦ under the Human Resources Administration, and her co-defendant, Raul Thomas, a contracted landlord with the program, stole over $110,000. VISIT US: DARCEL D. CLARK DISTRICT ATTORNEY, BRONX COUNTY 198 EAST 161st STREET BRONX, N.Y. 10451 (718) 590-2234 2 According to ¦ within his Bronx buildings, and 15 checks to Thomas for residents who never resided in any of Thomas’ buildings. In total, $110,000 was cashed by Thomas from the 40 checks. An analysis of Royer’s bank records determined that she deposited $60,000 into her ¦ In total, $110,000 was cashed by Thomas from the 40 checks. An analysis of Royer’s bank records determined that she deposited $60,000 into her account during the time of this scheme. In 2022, the Department of Social Services (DSS) conducted a routine audit of",4103,,1
2025-07-18,2025,july,"NYC DOC Officer Sentenced to Conditional Discharge for Falsifying Suicide Prevention Training for 74 Officers: Jury Convicted Defendant of Records Tampering, ID Theft, Official Misconduct",https://www.nyc.gov/assets/doi/press-releases/2025/July/60-2025-DOC-Officer-Vinette-Tucker-Frederick-Sentenced.pdf,,3854,,1
2025-07-22,2025,july,"Bronx Day Care Operator Charged With Stealing Over $29,000 in Public Day Care Funds",https://www.nyc.gov/assets/doi/press-releases/2025/July/28Sanchez.Arrest.07.22.2025.pdf,"CONTACT: DIANE STRUZZI TUESDAY, JULY 22, 2025 CLODAGH MCGOWAN (212) 825-5931 BRONX DAY CARE OPERATOR CHARGED WITH STEALING OVER $29,000 IN PUBLIC DAY CARE FUNDS Jocelyn E. Strauber, Commissioner of the New York City Department of Investigation (“DOI”), announced ¦ DOI Commissioner Jocelyn E. Strauber said, “As charged, this defendant falsified invoices submitted to ACS to steal $29,111 in public funds intended to allow families in need to send their children to day care. This conduct drains vital public resources ¦ longer attending My Precious Little Angels Day Care. Based on the invoices submitted, the defendant defrauded ACS of a total of $29,111 in public day care funds. Commissioner Strauber thanked Bronx District Attorney Darcel D. Clark and her staff for the prosecution",4149,,1
2025-07-28,2025,july,Jury Convicts NYC Correction Officer for Evidence Tampering,https://www.nyc.gov/assets/doi/press-releases/2025/July/29Rosario.Verdict.07.28.2025.pdf,"without pay since his October 2023 arrest . At the time of his suspension he was receiving an annual salary of approximately $92,000. 2 Commissioner Strauber thanked Bronx District Attorney Darcel D. Clark and her staff for their prosecution of this matter; and",4455,,1
2025-08-04,2025,august,NYCHA Supervisor Charged With Time Theft in Connection With Working Unauthorized Side Job,https://www.nyc.gov/assets/doi/press-releases/2025/August/30.Ibrahim.Arrest.08.04.2025.pdf,"City Housing Authority (“NYCHA”) on charges of stealing time from the City between April and July 2025, valued at a total of $4,724.17. The Office of Brooklyn District Attorney Eric Gonzalez is prosecuting the case. NABIL IBRAHIM, 56, of Staten Island, N.Y. is ¦ and July 22, 2025, at various locations, IBRAHIM did not have permission or authority from NYCHA to take, obtain or retain the $ 4,724.17 he was paid by NYCHA for work he did not complete. IBRAHIM began employment with NYCHA in February 2024 and receives an annual ¦ work he did not complete. IBRAHIM began employment with NYCHA in February 2024 and receives an annual salary of approximately $86,377. The defendant is expected to be terminated. DOI Commissioner Strauber thanked Brooklyn District Attorney Eric Gonzalez and his",6087,,1
2025-08-21,2025,august,"D.A. Bragg: Ingrid Lewis-Martin Newly Indicted for Accepting More Than $75,000 in Bribes in Wide-Ranging Conspiracies",https://www.nyc.gov/assets/doi/press-releases/2025/August/DANY.ILM.08.21.2025.pdf,"more D.A. Bragg: Ingrid Lewis-Martin Newly Indicted For Accepting More Than $75,000 In Bribes In Wide-Ranging Conspiracies New Bribery Allegations Impacted Several City Agencies, Including DOB, FDNY, DOT, DCAS, ¦ of Investigation Commissioner Jocelyn E. Strauber today announced the indictment of INGRID LEWIS -MARTIN for accepting more than $75,000 in bribes, including $50,000 in cash directed to her son’s account, in a wide-ranging series of bribery conspiracies between ¦ Jocelyn E. Strauber today announced the indictment of INGRID LEWIS -MARTIN for accepting more than $75,000 in bribes, including $50,000 in cash directed to her son’s account, in a wide-ranging series of bribery conspiracies between March 2022 and November 2024 ¦ city agencies. In December 2024 , LEWIS -MARTIN was charged by the Office for an alleged bribery conspiracy totaling more than $100,000. The multi-year investigation alleges across five indictments that LEWIS-MARTIN accepted more than $175,000 in bribes, and other ¦ totaling more than $100,000. The multi-year investigation alleges across five indictments that LEWIS-MARTIN accepted more than $175,000 in bribes, and other additional personal benefits. LEWIS-MARTIN is newly charged in four separate conspiracy indictments with ¦ owners and to help fast -track permit approvals for a karaoke bar in Queens. In exchange, MARTIN II allegedly received a $50,000 cash payment into his account diverted from a City contract and other benefits. • Indictment 73 751: LEWIS-MARTIN allegedly ¦ Boulevard in Brooklyn, which would have included new, protected bike lanes. In exchange, LEWIS -MARTIN allegedly received a $2500 payment and other personal benefits, including a speaking role on a TV show and thousands of dollars of catering for an event at ¦ consistently overrode the expertise of public servants so she could line her own pockets. While she allegedly received more than $75,000 in bribes and an appearance on a TV show, every other New Yorker lost out. Hardworking City employees were undermined, businesses",15969,,1
2025-08-28,2025,august,"Queens Man Pleads Guilty to Accepting Over $3,000 From Two Undercover DOI Investigators Posing as TLC License Candidates in Exchange for Helping Them Cheat on a TLC Licensing Exam",https://www.nyc.gov/assets/doi/press-releases/2025/August/31Djogbessi08.28.2025.pdf,"CONTACT: DIANE STRUZZI THURSDAY, AUGUST 28, 2025 CLODAGH MCGOWAN (212) 825-5931 QUEENS MAN PLEADS GUILTY TO ACCEPTING OVER $3,000 FROM TWO UNDERCOVER DOI INVESTIGATORS POSING AS TLC LICENSE CANDIDATES IN EXCHANGE FOR HELPING THEM CHEAT ON A TLC LICENSING EXAM ¦ statement on today’s guilty plea by AHOINSOU DJOGBESSI, 51, of Queens, N.Y., on charges related to his acceptance of over $3,000 from two undercover DOI investigators (“Undercover 1” and “Undercover 2”) posing as applicants for drivers’ licenses issued by ¦ of Offering a False Instrument for Filing in the First Degree, a class E felony. As part of the plea, DJOGBESSI agreed to pay a $4,500 fine. He will be sentenced on September 9, 2025. Commissioner Strauber said, “Facilitating cheating on exams required to obtain a ¦ process , and guarantee a passing test score on the TLC licensing exam, in exchange for a fee . In total, Undercover 1 paid $2,370, plus a TLC application fee of $257.04, to DJOGBESSI between October and December 2022. On December 20, 2022, DJOGBESSI met ¦ test score on the TLC licensing exam, in exchange for a fee . In total, Undercover 1 paid $2,370, plus a TLC application fee of $257.04, to DJOGBESSI between October and December 2022. On December 20, 2022, DJOGBESSI met Undercover 1 at a TLC testing location and ¦ d a passing score on the exam . Later, in May 2024, Undercover 2 appeared at DJOGBESSI’s offices and paid a first installment of $1,270 , plus a TLC application fee of $257.04, to DJOGBESSI, pursuant to an agreement that DJOGBESSI would provide the same package of ¦ in May 2024, Undercover 2 appeared at DJOGBESSI’s offices and paid a first installment of $1,270 , plus a TLC application fee of $257.04, to DJOGBESSI, pursuant to an agreement that DJOGBESSI would provide the same package of services to Undercover 2. Commissioner",5360,,1
2025-09-02,2025,september,Former Board of Elections Employee and Former Bronx District Leader Sentenced to Prison Time on Federal Extortion and Mail Fraud Charges,https://www.nyc.gov/assets/doi/press-releases/2025/September/32Torres.Sent.09.02.2025.pdf,", and for falsifying records to collect salaries of no- show poll workers . In total, the defendant personally received at least $29,000 in illegal payments and at least $11,000 in fraud proceeds. DOI conducted this investigation with the New York Field Office of ¦ of no- show poll workers . In total, the defendant personally received at least $29,000 in illegal payments and at least $11,000 in fraud proceeds. DOI conducted this investigation with the New York Field Office of the Federal Bureau of Investigation (“FBI”) ¦ of Official Right and one count of Conspiracy to Commit Mail Fraud. As part of her plea agreement, she is required to forfeit $40,970 and pay restitution of $149,845.59. DOI Commissioner Jocelyn E. Strauber said, “This defendant used her positions of public trust ¦ of Conspiracy to Commit Mail Fraud. As part of her plea agreement, she is required to forfeit $40,970 and pay restitution of $149,845.59. DOI Commissioner Jocelyn E. Strauber said, “This defendant used her positions of public trust as a City Board of Elections ¦ voting periods and election day. From 2019 to about August 2024, TORRES required Bronx residents to pay a sum of money, usually $150, either to her or to a Bronx Organization, in exchange for TORRES selecting those individuals as poll workers for upcoming ¦ for upcoming elections. Both the Bronx Organization and TORRES profited from the scheme. TORRES personally obtained at least $29,000 in illegal payments which she received through mobile payment applications, money orders, and checks. In certain instances, ¦ of the No- Show Poll Workers. Based on her participation in the No-Show Poll Workers scheme, TORRES personally obtained at least $11,000 in fraud proceeds, and her co- conspirators obtained fraud proceeds as well. TORRES was first employed by the BOE in February ¦ August 2024 and dismissed due to the filing of criminal charges in October 2024. At that time, she received an annual salary of $56,945. She is no longer an elected district leader in the Bronx. Commissioner Strauber thanked Jay Clayton, U.S. Attorney for the",6670,,1
2025-09-11,2025,september,Former Fiscal Officer for Brooklyn Charity Sentenced to 21 Months' Imprisonment for Embezzlement,https://www.nyc.gov/assets/doi/press-releases/2025/September/Marcia%20Joseph%20Sentencing%20Press%20Release.pdf,"FISCAL OFFICER FOR BROOKLYN CHARITY SENTENCED TO 21 MONTHS’ IMPRISONMENT FOR EMBEZZLEMENT Defendant Admitted to Stealing Over $2.3 Million from the Non-Profit Company and Spent the Stolen Funds on Remodeling Her Home, Spa Treatment, and Luxury Goods BROOKLYN, NY – ¦ (the Non-Profit). Joseph pleaded guilty to wire fraud in January 2024. As part of her sentence, Joseph was also ordered to pay $2.3 million in restitution and forfeiture in the amount of $2.3 million. Joseph Nocella, Jr., United States Attorney for the Eastern ¦ 2024. As part of her sentence, Joseph was also ordered to pay $2.3 million in restitution and forfeiture in the amount of $2.3 million. Joseph Nocella, Jr., United States Attorney for the Eastern District of New York, Christopher G. Raia, Assistant Director in ¦ a duty to act in the best interests of this City-funded organization; instead she abused her position and access to steal over $2.3 million, generating fictitious documentation to hide her theft for almost two decades. DOI thanks our law enforcement partners at the ¦ filings and statements made in court, Joseph was a former senior fiscal officer for the Non-Profit. Joseph admitted stealing $2,339,700 from the Non-Profit and funneled the funds to a sham company she had set up. The invoices described services purportedly provided ¦ accounting systems to avoid detection. She used the stolen funds to pay for numerous personal expenses, including approximately $235,000 in mortgage payments, $207,000 in credit card payments, $98,000 in car payments, $45,000 in Amazon expenses, and various other ¦ She used the stolen funds to pay for numerous personal expenses, including approximately $235,000 in mortgage payments, $207,000 in credit card payments, $98,000 in car payments, $45,000 in Amazon expenses, and various other personal items, such as home ¦ to pay for numerous personal expenses, including approximately $235,000 in mortgage payments, $207,000 in credit card payments, $98,000 in car payments, $45,000 in Amazon expenses, and various other personal items, such as home remodeling, spa treatment,",4443,,1
2025-09-16,2025,september,President of Queens-Based Construction Company Sentenced to 48 Months in Prison for Scheme to Defraud the City in Connection With Homeless Shelter Contracts,https://www.nyc.gov/assets/doi/press-releases/2025/September/35CheemaRelease09.16.2025.pdf,"(“AFL”), a City-funded vendor based in Queens, for leading a scheme to defraud the City of New York in connection with AFL’s $12 million in City contracts with the Department of Homeless Services (“DHS”). AFL performed general contracting at City homeless shelters. ¦ York to 48 months in prison, followed by two years of supervised release. As part of his plea agreement, CHEEMA agreed to pay $3,267,811 in restitution and forfeiture. He is scheduled to surrender on October 31, 2025. DOI Commissioner Jocelyn E. Strauber said, “ ¦ complaint and indictment, CHEEMA was the president of AFL, a vendor with public contracts with the City worth approximately $12 million , to perform general contracting work at City homeless shelters . According to the contracts, AFL was to perform, among other ¦ year. In February 2025, HAYAT was sentenced to time served followed by three years’ supervised release and ordered to forfeit $43,000 and pay restitution of $101,000. In April 2025, CHUDHARY was sentenced to time served followed by three years’ supervised release ¦ was sentenced to time served followed by three years’ supervised release and ordered to forfeit $43,000 and pay restitution of $101,000. In April 2025, CHUDHARY was sentenced to time served followed by three years’ supervised release and ordered to forfeit ¦ In April 2025, CHUDHARY was sentenced to time served followed by three years’ supervised release and ordered to forfeit $397,000 and pay restitution of $466,000. In September 2025, BAJWA was sentenced to time served followed by two and a half years’ ¦ by two and a half years’ supervised release, with the first six months served as home detention , and ordered to forfeit $267,000 and pay restitution of $331,000. Commissioner Strauber thanked Jay Clayton, U.S. Attorney for the Southern District of New York ¦ supervised release, with the first six months served as home detention , and ordered to forfeit $267,000 and pay restitution of $331,000. Commissioner Strauber thanked Jay Clayton, U.S. Attorney for the Southern District of New York for his office’s partnership on",6066,,1
2025-09-17,2025,september,"New York City Employee Sentenced to Prison for Stealing $624,000",https://www.nyc.gov/assets/doi/press-releases/2025/September/mathieu_gregory_sen_9_17_2025.pdf,"FOR IMMEDIATE RELEASE Wednesday, September 17, 2025 New York City Employee Sentenced to Prison for Stealing $624,000 Defendant Worked as Associate Retirement Benefits Examiner at NYCERS, Stole Pension Checks from Two Retired Individuals Brooklyn ¦ a Brooklyn man has been sentenced to up to three years in prison for using his role as a NYCERS employee to steal approximately $624,000 in pension benefits. District Attorney Gonzalez said, “This defendant shamelessly stole hundreds of thousands of dollars meant ¦ The defendant pleaded guilty to first-degree corrupting the government on April 30, 2025. A judgment order of restitution for $511,115.61 against the defendant was signed at the time of the plea. NYCERS was previously able to get back approximately $113,000 from the ¦ for $511,115.61 against the defendant was signed at the time of the plea. NYCERS was previously able to get back approximately $113,000 from the defendant. The District Attorney said that between February 8, 2021 and January 2, 2024, the defendant stole ¦ the defendant. The District Attorney said that between February 8, 2021 and January 2, 2024, the defendant stole approximately $624,000 from the New York City Employees’ Retirement System (NYCERS), where he worked as an Associate Retirement Benefits Examiner. The ¦ suspended pension payments of a deceased Department of Sanitation supervisor, stealing retroactive payments of approximately $242,000 and monthly payments between May 2021 and January 2024 of approximately $5,700. In addition, the defendant stole approximately ¦ stealing retroactive payments of approximately $242,000 and monthly payments between May 2021 and January 2024 of approximately $5,700. In addition, the defendant stole approximately $199,000 from a 75-year-old retired Associated Railroad Signal Specialist ¦ and monthly payments between May 2021 and January 2024 of approximately $5,700. In addition, the defendant stole approximately $199,000 from a 75-year-old retired Associated Railroad Signal Specialist employed by the MTA/NYC Transit Authority. According to the",4473,,1
2025-09-19,2025,september,"City Health + Hospitals Engineer Pleads Guilty to Stealing Nearly $22,000 in Wages",https://www.nyc.gov/assets/doi/press-releases/2025/September/37Ruszala09.19.2025.pdf,"FRIDAY, SEPTEMBER 19, 2025 CLODAGH MCGOWAN (212) 825-5931 CITY HEALTH + HOSPITALS ENGINEER PLEADS GUILTY TO STEALING NEARLY $22,000 IN WAGES Jocelyn E. Strauber, Commissioner of the New York City Department of Investigation (“DOI”), and Alvin Bragg, Manhattan ¦ jointly announced the arrest and guilty plea today of a City Health + Hospitals (“NYC H+H” ) Senior Engineer for theft of almost $21,985.87 in City wages, between January 2024 and February 2025. DOI received an anonymous complaint that led to this investigation and ¦ to protect City funds.” Manhattan District Attorney Alvin Bragg said, ""This prosecution ensures the return of more than $21,000 in City wages paid for time never worked. I thank Commissioner Strauber and the team at DOI for their ongoing partnership and ¦ Manhattan. He did not have permission or the capability to perform his job from home. The defendant was paid an hourly wage of $87.71 and an overtime hourly rate of $131.56. DOI reviewed timesheets submitted by the defendant between January 1, 2024 through the ¦ or the capability to perform his job from home. The defendant was paid an hourly wage of $87.71 and an overtime hourly rate of $131.56. DOI reviewed timesheets submitted by the defendant between January 1, 2024 through the end of February 2025 and compared them ¦ of these findings, it was determined that he stole approximately 205 hours of work time from NYC H+H, valued at approximately $21,985.87. RUSZALA began his employment with NYC H+H in April 2019 and currently receives an annual salary of approximately $146,000. 2 ¦ $21,985.87. RUSZALA began his employment with NYC H+H in April 2019 and currently receives an annual salary of approximately $146,000. 2 Commissioner Strauber thanked Manhattan District Attorney Alvin Bragg and his staff for their partnership on this",4453,,1
2025-09-30,2025,september,"D.A. Bragg, D.O.I. Commissioner Strauber Announce Indictment of Landlords for Tenant Harassment in Chelsea Apartment",https://www.nyc.gov/assets/doi/press-releases/2025/September/DANY.TenantHarr.09.30.2025.pdf,,6936,,1
2025-10-03,2025,october,Statements from Manhattan District Attorney Bragg and D.O.I. Commissioner Strauber on Sentencing of Operator of Sham Safety Training School,https://www.nyc.gov/assets/doi/press-releases/2025/October/Shaporov.Sent.10.03.2025.pdf,"SAFETY TRAINING SCHOOL Alexander Shaporov was sentenced to 1 year in jail, 100 hours of community service, and the forfeiture of $100,000. Valor Security lost its security license. Here are statements from D.A. Bragg and DOI Commissioner Strauber on the sentencing:",2474,,1
2025-10-09,2025,october,Ex-NYC Department of Correction Employee Indicted for not Reporting Over $135K She Received From Inmates' Associates,https://www.nyc.gov/assets/doi/press-releases/2025/October/91-2025-tawanna-shackelford-tax-fraud-riker.pdf,"1 91-2025 For Immediate Release October 9, 2025 EX-NYC DEPARTMENT OF CORRECTION EMPLOYEE INDICTED FOR NOT REPORTING OVER $135K SHE RECEIVED FROM INMATES’ ASSOCIATES Defendant Charged with Filing False Tax Return and Tax Fraud Bronx District Attorney ¦ Department of Correction employee was indicted for falsifying her state personal income tax return by failing to declare over $135,000 in payments she received from associates and relatives of inmates while working as a cook on Rikers Island. District Attorney ¦ of inmates while working as a cook on Rikers Island. District Attorney Clark said, “The defendant allegedly received more than $135,000 through payment apps from associates and relatives of persons in custody while she was employed as a cook in a jail facility. She ¦ and relatives of persons in custody. Between August 4, 2022, and December 31, 2022, Shackelford received Zelle payments totaling $100,292.00, and Cash App payments totaling $34,849.71 for a total of $135,141.71. These payments are considered income but were not ¦ August 4, 2022, and December 31, 2022, Shackelford received Zelle payments totaling $100,292.00, and Cash App payments totaling $34,849.71 for a total of $135,141.71. These payments are considered income but were not reported on her New York State Personal Income Tax ¦ 31, 2022, Shackelford received Zelle payments totaling $100,292.00, and Cash App payments totaling $34,849.71 for a total of $135,141.71. These payments are considered income but were not reported on her New York State Personal Income Tax return, which she prepared",4598,,1
2025-10-09,2025,october,Former ACS Youth Development Specialist Sentenced to 12 Months and One Day in Prison for Accepting Bribes in Exchange for Smuggling Contraband Into Juvenile Detention Center,https://www.nyc.gov/assets/doi/press-releases/2025/October/39Boltonetal.Sentencing.10.09.2025.pdf,"to 12 months and one day in prison followed by two years’ post r elease supervision, and was ordered to pay forfeiture of $20,783. BOLTON is scheduled to surrender on January 5, 2026. Two other co-defendants were sentenced earlier this year: CH RISTOPHER ¦ CRAIG, 38, of Brooklyn, N.Y., was sentenced to 36 months’ probation on April 29, 2025, and ordered to pay forfeiture of $5,000. NIGEL KING, 47, of Queens, N.Y., was sentenced on June 5, 2025 to six months’ imprisonment, one year of supervised release, and ¦ was sentenced on June 5, 2025 to six months’ imprisonment, one year of supervised release, and ordered to pay forfeiture of $4,500. Two other co-defendants will be sentenced later this year: OCTAVIA NAPIER, 28, of Brooklyn, N.Y. on October 23, 2025, and ROGER ¦ ACS in March 2020 and was terminated by ACS in May 2025. At the time of his termination, his annual salary was approximately $66,173. Bolton accepted more than $20,000 in bribes from Crossroads residents or their associates in exchange for smuggling in drugs ¦ by ACS in May 2025. At the time of his termination, his annual salary was approximately $66,173. Bolton accepted more than $20,000 in bribes from Crossroads residents or their associates in exchange for smuggling in drugs and razor blades. CRAIG began his ¦ his employ ment with ACS in August 2018 and resigned in October 2025, at which time he was receiving a salary of approximately $66,173. CRAIG accepted at least $5,000 in bribes to smuggle in contraband, including marijuana and tobacco. KING began employment with ¦ 2018 and resigned in October 2025, at which time he was receiving a salary of approximately $66,173. CRAIG accepted at least $5,000 in bribes to smuggle in contraband, including marijuana and tobacco. KING began employment with ACS in October 2021 and resigned ¦ with ACS in October 2021 and resigned in August 2024, at which time he was receiving an annual salary of approximately $59,513. KING accepted $4,500 in bribes for smuggling in marijuana, prescription pills and alcohol. NAPIER began employment with ACS in",6511,,1
2025-10-09,2025,october,Principals of Fire Alarm Repair Company Sentenced to Prison Time for Decade-Long Scheme to Defraud City Agencies by Overbilling,https://www.nyc.gov/assets/doi/press-releases/2025/October/40Stanzione.Neogra.10.09.2025.pdf,"of New York by seeking payment on millions of dollars of grossly inflated fraudulent bills. STANZIONE was also ordered to pay $1.6 million in forfeiture; restitution will be determined by the Court at a later date. On Tuesday, October 7, 2025, WILLIAM NEOGRA , 65, of",6398,,1
2025-10-22,2025,october,Former CEO and Business Partner at City-Funded Nonprofit Homeless Services Provider Plead Guilty to Conspiracy to Defraud NYC of Millions of Dollars,https://www.nyc.gov/assets/doi/press-releases/2025/October/42CCSGuiltyPleas10.22.2025.pdf,"nonprofit organization and the City’s need for services for homeless New Yorkers to commit fraud, causing the City to pay over $50 million to the nonprofit that it otherwise would not have, and that included inflat ed prices and unreasonable mark-ups for goods and ¦ information, BRANSKY was the Chief Executive Officer of CCS, a not-for-profit homeless services provider that had over $900 million in contracts with the City. As CEO, BRANSKY and others engaged in a scheme to defraud the City through CCS and a group of ¦ to the City to conceal WEISER’s role and ownership of the affiliated companies. CCS, and ultimately the City, paid over $50 million to WEISER’s companies for various goods and services —many of which were provided by other, legitimate companies and then simply ¦ companies and then simply marked up as much as three times their actual cost. Through this scheme, WEISER collected more than $7 million in illicit profits, while BRANSKY earned more than $1.2 million in salary. View the release on the October 2023 indictment of ¦ their actual cost. Through this scheme, WEISER collected more than $7 million in illicit profits, while BRANSKY earned more than $1.2 million in salary. View the release on the October 2023 indictment of the defendants here:",4940,,1
2025-10-28,2025,october,DOI Begins Review of NYPD Response to Protests as Agreed to in Settlement of Lawsuit Involving Policing of Summer 2020 Demonstrations,https://www.nyc.gov/assets/doi/press-releases/2025/October/43ProUnitFAA.10.28.2025.pdf,,4250,,1
2025-10-29,2025,october,Former ACS Youth Development Specialist Charged in Contraband Smuggling Investigation at Brooklyn Juvenile Detention Center,https://www.nyc.gov/assets/doi/press-releases/2025/October/44Frazier.Arrest.10.30.2025.pdf,"of New York, and was arraigned late yesterday before United States Magistrate Judge Taryn A. Merkl . FRAZIER was released on a $100,000 unsecured bond and ordered to home det ention, with electronic monitoring. As detailed in the Complaint, FRAZ IER took bribes ¦ from November 2023 to January 2025. Between approximately February 2024 and January 2025, FRAZIER received approximately $72,356 on his Cash App account from Crossroads residents or their associates. For example, from approximately April 2024 to October ¦ For example, from approximately April 2024 to October 2024, an associate of a Crossroads resident sent FRAZIER approximately $21,0 16 over 48 transactions. Some of the subject lines written by the sender of the payments indicated the payments were in fact ¦ From approximately November 2024, to January 2025, the sibling of a Crossroads resident sent FRAZIER approximately $7,350 over 14 transactions through Cash App. Approximately 12 of these transactions, consisting of approximately $5,950, contained the ¦ approximately $7,350 over 14 transactions through Cash App. Approximately 12 of these transactions, consisting of approximately $5,950, contained the subject line “30s” listed in each subject line, which indicate that the payment was to bring in 30 mg tablets of ¦ oxycodone. Between February and June 2024, another sibling of a Crossroads resident sent the defendant a tot al of approximately $10,318 over approximately 33 transactions through Cash App. The majority of the payments include the nickname of a Crossroads resident ¦ into the facility. At the time of his termination in January 2025, FRAZIER was receiving an annual salary of approximately $51,502. Commissioner Strauber thanked Christopher G. Raia, Assistant Director in Charge of the FBI New York Field Office , and his",8000,,1
2025-10-29,2025,october,Former Correction Officer Charged With Filing Phony Documentation for Medical Treatment,https://www.nyc.gov/assets/doi/press-releases/2025/October/escalera_equanna_10_30_2025_arr.pdf,"not given the defendant permission to generate letters saying she had been seen. On the 29 dates in question, Escalera received $11,200.78 in total pay. E scalera surrendered to the Queens District Attorney’s office today. The investigation was conducted by Correction",4141,,1
2025-11-05,2025,november,Three ACS Youth Development Specialists -- Including a Supervisor -- Charged With Conspiring to Smuggle Contraband into Brooklyn Juvenile Detention Center,https://www.nyc.gov/assets/doi/press-releases/2025/November/45YDS.Arrests.11.05.2025.pdf,"February 2023 and April 2025, WHITMORE’s Cash App account received approximately 130 payments totaling approximately $11,121 from Crossroads residents or their associates. The subject lines of the payments demonstrate that WHITMORE smuggled contraband ¦ WHITMORE smuggled contraband into Crossroads in exchange for money. For example, on or about April 29, 2025, WHITMORE received $420 in WHITMORE ’s Cash App account under a subject line with letters and symbols that referred to marijuana, rolling papers , and ¦ for bribes. For example, on or about July 17, 2025, a family member of a resident received a text instructing her to send $260 to WHITMORE ’s Cash App account. Shortly after, the family member texted a screenshot to the resident showing that the money was ¦ and is expected to return to modified duty, with no contact with residents. He is receiving an annual salary of approximately $68,537. LINARD KING, an Associate YDS, has been employed at Crossroads since September 2015 and is a supervisor of other YDSs. Between ¦ approximately April 2022 and September 2022, KING’s Cash App account received approximately 88 payments totaling approximately $7,291 from Crossroads residents or their associates. Text messages on phones associated with residents at Crossroads, which were ¦ in, specifically marijuana and tobacco. KING is on active duty with ACS. He is receiving an annual salary of approximately $81,537. EVAN HAMILTON, a YDS, has been employed at Crossroads since November 2019 and supervises residents at the juvenile center . ¦ February 2022 and April 2023, HAMILTO N’s Cash App and Zelle accounts received more than 100 payments totaling approximately $5,051 from Crossroads residents or their associates. These communications and payments demonstrate that HAMILTON smuggled contraband ¦ at Crossroads. On or about January 16, 2023, a resident used a contraband phone to message HAMILTON instructing him to transfer $100 to another Crossroads staff member through Zelle. Subsequent messages suggest that HAMILTON sent the s taff member $100 and",9597,,1
2025-11-10,2025,november,"Brooklyn Man Pleads Guilty and Must Pay Restitution in Connection with Fraudulently Submitting Online Health Surveys to Illegally Obtain Nearly $8,000in City-funded Gift Cards",https://www.nyc.gov/assets/doi/press-releases/2025/November/46Chai.GP.11.10.2025updated.pdf,"GUILTY AND MUST PAY RESTITUTION IN CONNECTION WITH FRAUDULENTLY SUBMITTING ONLINE HEALTH SURVEYS TO ILLEGALLY OBTAIN NEARLY $8,000 IN CITY-FUNDED GIFT CARDS Jocelyn E. Strauber, Commissioner of the New York City Department of Investigation (“DOI”), announced ¦ a computer program that performs automatic repetitive tasks , to answer hundreds of online health surveys in order to steal $7,774 in e lectronic gift card (“e-gift card”) fund s from the C ity Department of Health and Mental Hygiene (“DOHMH”). The e-gift ¦ conduct, a violation. As part of the plea agreement, CHAI was sentenced to five days of community service and ordered to pay $7,774 in restitution. DOI Commissioner Jocelyn E. Strauber said, “Today the defendant is held accountable for stealing from a City ¦ a City program that sought to incentivize City residents to provide important public health information, and must repay over $7,000 to the City. I thank DOHMH for referring this matter to DOI and the Brooklyn District Attorney for its partnership and commitment ¦ across the five boroughs. Households were eligible to receive an e -gift card as an incentive for completing the survey -- $30 for each completed adult survey and $25 for each completed child survey -- with a cap of one adult and two children per ¦ were eligible to receive an e -gift card as an incentive for completing the survey -- $30 for each completed adult survey and $25 for each completed child survey -- with a cap of one adult and two children per household, for a p otential maximum of $80 per ¦ and $25 for each completed child survey -- with a cap of one adult and two children per household, for a p otential maximum of $80 per household. Respondents were required to enter a valid email address in the portal to receive their e -gift cards ¦ to the defendant’s Amazon and PayPal accounts and then to his personal bank accounts. Funds from 216 e-gift cards, totaling $6,417.50, were uploaded to the defendant’s Pay Pal accounts ; and funds from 61 e -gift cards were uploaded to the defendant’s Amazon.com",5494,,1
2025-11-10,2025,november,City Health + Hospitals Behavioral Health Associate Charged with Felony Assault of a Patient,https://www.nyc.gov/assets/doi/press-releases/2025/November/47Cooke.Roberts.Arrest.11.10.2025.pdf,"May 2019. She was suspended without pay on September 10, 2025 . At the time of her suspension, she received an annual salary of $62,719. 2 Commissioner Strauber thanked Manhattan District Attorney Alvin Bragg and his staff, including Assistant District Attorney",4610,,1
2025-11-11,2025,november,Former NYC DOC Officer Sentenced to 90 Days in Jail for Planting Makeshift Weapon in Rikers Island Cell,https://www.nyc.gov/assets/doi/press-releases/2025/November/106-2025-Dionisio-Rosario-sentenced--planted-evidence-Rikers%20.pdf,,4409,,1
2025-11-11,2025,november,"Keynote Remarks of DOI Commissioner Jocelyn E. Strauber for the Association of Inspectors General Conference: ""Chasing Facts, Not Headlines: Navigating Obstacles While Staying the Course""",https://www.nyc.gov/assets/doi/press-releases/2025/November/AIGRemarks11.11.2025.pdf,"administration, DOI’s work included a wide-ranging investigation of a project to install a digital payroll system, recovering $500 million for the City from the project’s prime vendor and securing eight convictions ; an in-depth inquiry into the City’s Administration ¦ the absence of guidance and standards around security details, and a settlement in which the former Mayor agreed to pay nearly $330,000 in fines. During my tenure over the past three-and-a-half years, with our prosecutorial and law enforcement partners, we arrested ¦ with pending fire prevention plans “jump the line” for plan review ; and charged a former Buildings Commissioner with accepting $150,000 worth of bribes while serving as a City Councilmember, Senior Advisor to the Mayor, and Buildings Commissioner. And our other",28423,,1
2025-11-24,2025,november,Four Individuals Plead Guilty to Conspiracies to Misappropriate Funds of Non-Profit Organization Serving the Homeless,https://www.nyc.gov/assets/doi/press-releases/2025/November/Camarena%20Guilty%20Plea%20PR.pdf,"years’ imprisonment at their respective sentencings. The defendants have also agreed as part of their pleas to pay a total of $1,025,647.78 in restitution to the Organization. Joseph Nocella, Jr., United States Attorney for the Eastern District of New York; Jocelyn E. ¦ money to companies in the names of relatives of DSilva and Velazquez. In total, DSilva and Velazquez authorized approximately $1.6 million in payments from the Organization to Camarena’s business and approximately $1.9 million from the Organization to Nigam’s ¦ and Velazquez authorized approximately $1.6 million in payments from the Organization to Camarena’s business and approximately $1.9 million from the Organization to Nigam’s business during the operation of the schemes. As part of the pleas, DSilva and Velazquez each ¦ business during the operation of the schemes. As part of the pleas, DSilva and Velazquez each agreed to forfeit approximately $714,000; Nigam agreed to forfeit approximately $413,000; and Camarena agreed to forfeit approximately $224,000. These figures correspond ¦ As part of the pleas, DSilva and Velazquez each agreed to forfeit approximately $714,000; Nigam agreed to forfeit approximately $413,000; and Camarena agreed to forfeit approximately $224,000. These figures correspond to the illicit proceeds received by the ¦ to forfeit approximately $714,000; Nigam agreed to forfeit approximately $413,000; and Camarena agreed to forfeit approximately $224,000. These figures correspond to the illicit proceeds received by the defendants from the schemes. The government’s case is being",5505,,1
2025-11-25,2025,november,"All 70 NYCHA Employees Charged in February 2024 Sweep Convicted of Bribery, Fraud, or Extortion Offenses",https://www.nyc.gov/assets/doi/press-releases/2025/November/NYCHA%20Convictions%20PR.pdf,"but sentences imposed to date range up to 48 months in prison. The defendants were collectively responsible for accepting over $2.1 million in bribes in exchange for awarding NYCHA contracts worth over $15 million. As a result of the convictions, the defendants will ¦ were collectively responsible for accepting over $2.1 million in bribes in exchange for awarding NYCHA contracts worth over $15 million. As a result of the convictions, the defendants will collectively pay over $2.1 million in restitution to NYCHA and will forfeit ¦ for awarding NYCHA contracts worth over $15 million. As a result of the convictions, the defendants will collectively pay over $2.1 million in restitution to NYCHA and will forfeit over $2 million in criminal proceeds. “Today’s plea of the 70th and final NYCHA ¦ result of the convictions, the defendants will collectively pay over $2.1 million in restitution to NYCHA and will forfeit over $2 million in criminal proceeds. “Today’s plea of the 70th and final NYCHA pay-for-play contracting scheme defendant marks an important ¦ the defendants, many of them supervisors, now have taken responsibility for separate schemes that, in total, involved more than $15 million in no -bid contracts, awarded in exchange for the payment of more than $2.1 million in bribes to employees who chose to serve ¦ schemes that, in total, involved more than $15 million in no -bid contracts, awarded in exchange for the payment of more than $2.1 million in bribes to employees who chose to serve themselves instead of the residents of NYCHA, driving up costs of maintenance and im ¦ up costs of maintenance and im provements in a public housing system dependent on scarce resources. To date, approximately $2 million in restitution to NYCHA and nearly $2 million in forfeiture has been ordered. Equally important, DOI’s 14 recommendations to ¦ in a public housing system dependent on scarce resources. To date, approximately $2 million in restitution to NYCHA and nearly $2 million in forfeiture has been ordered. Equally important, DOI’s 14 recommendations to improve controls with resp ect to NYCHA’s",9029,,1
2025-12-11,2025,december,"CEO of Telecommunications Construction Company Charged with Commercial Bribery, Fraud, and Witness Tampering Offenses",https://www.nyc.gov/assets/doi/press-releases/2025/december/TepedinoIndictmentPR.pdf,"schemes, TEPEDINO and others formed shell companies, created fake invoices, and loot ed the Construction Company of more than $5 million. TEPEDINO then used some of those proceeds to bribe an employee of the Victim Company and to make millions of dollars in ¦ Company-1. This scheme continued until at least in or about September 2024, by which time TEPEDINO and CC-1 had stolen at least $5 million from the Construction Company. From in or about 2020 through in or about September 2024, TEPEDINO used some of the money he ¦ through in or about September 2024, TEPEDINO used some of the money he stole from the Construction Company to fund more than $1 million in commercial bribe payments to a second co-conspirator (“CC-2”), who was a senior manager at the Victim Company. These bribe ¦ approving invoices submitted by the Construction Company. In total, the Victim Company paid the Construction Company more than $300 million during the approximately four years that Tepedino was bribing CC-2. 1 As the introductory phrase signifies, the entirety of the ¦ and bribing CC -2, TEPEDINO also committed bank fraud. From in or about late 2021 through early 2022, TEPEDINO sought more than $18 million in commercial credit from the Victim Bank on behalf of the Construction Company. As part of this credit application, TEPEDINO",8421,,1
2025-12-18,2025,december,Two Pharmacists Sentenced to Years in Prison for Illegal Distribution of Oxycodone,https://www.nyc.gov/assets/doi/press-releases/2025/december/Ennab%20and%20Hassan%20Oxycodone%20Sentencing%20Press%20Release.pdf,"Ennab to 30 months’ imprisonment. As part of their sentences, Mathis and Ennab were ordered to pay forfeiture in the amount of $535,989.12 and $13,472.76, respectively, and Hassan was ordered to pay forfeiture in an amount to be determined at a future date. Ennab and ¦ imprisonment. As part of their sentences, Mathis and Ennab were ordered to pay forfeiture in the amount of $535,989.12 and $13,472.76, respectively, and Hassan was ordered to pay forfeiture in an amount to be determined at a future date. Ennab and Hassan were ¦ up. In total, the scheme resulted in the illegal distribution of more than 1.6 million pills of oxycodone, worth more than $48 million in retail street value. Seven co-defendants, including Kent, Dr. Somsri Ratanaprasatporn, her receptionist Leticia Smith, and",8325,,1
2026-01-13,2026,january,Former New York City Official Charged With Bribery and Fraud,https://www.nyc.gov/assets/doi/press-releases/2026/January/Herbert%20Arrest%20PR%20nq.pdf,"DOI Commissioner Jocelyn E. Strauber. “He allegedly exploited this position of trust and influence to enrich himself, accepting $16,000 in bribes and kickbacks in return for favors, including pressuring other government officials to give City contracts to one ¦ loan application—on behalf of a fictitious baked goods company he claimed to operate—to induce a bank to issue HERBERT a $20,418 loan pursuant to the federal Paycheck Protection Program that was established in response to the COVID-19 pandemic. * * *",6404,,1
2026-01-14,2026,january,"NYC DOC Officer, Rikers Island Inmate and His Wife Indicted for Smuggling Security Tools, Other Contraband Into Jail; Officer Allegedly Took Over $5,000 in Bribes",https://www.nyc.gov/assets/doi/press-releases/2026/January/5-2026-Rikers%20CO-Inmate-wife-indicted-for-contraband.pdf,"RIKERS ISLAND INMATE AND HIS WIFE INDICTED FOR SMUGGLING SECURITY TOOLS, OTHER CONTRABAND INTO JAIL; OFFICER ALLEGEDLY TOOK OVER $5,000 IN BRIBES Bronx District Attorney Darcel D. Clark and NYC Department of Investigation Commissioner Jocelyn E. Strauber today ¦ that brought security tools, marijuana and tobacco into a Rikers Island jail. The officer is also charged with stealing nearly $8,000 in pay for hours he did not work. District Attorney Clark said, “The defendants allegedly engaged in a scheme that provided an ¦ staff and inmates. Additionally, according to the indictment, the defendant is charged with time theft —stealing approximately $7,783 in wages from the City. I thank the Bronx District Attorney’s Office for its continued commi tment to hold accountable those who ¦ inside of the 5 North housing area of OBCC. On August 15, 2024, Davis allegedly delivered a carton of cigarettes worth at least $10,000 behind bars, marijuana, a lighter, and specialized security tools to Manuel, inside of the 5 North housing area of OBCC. Those ¦ 2024. In return for smuggling contraband, Davis allegedly collected cash payments from Laing multiple times, totaling more than $5,000 in bribes. In addition to the contraband scheme, Davis also allegedly committed time theft from January 2024 through March 2025, ¦ to the contraband scheme, Davis also allegedly committed time theft from January 2024 through March 2025, stealing approximately $7,783 in taxpayer dollars. VISIT US: DARCEL D. CLARK DISTRICT ATTORNEY, BRONX COUNTY 198 EAST 161st STREET BRONX, N.Y. 10451 (718)",5615,,1
2026-01-21,2026,january,"Bronx Man Sentenced for Stealing $38,471 in City-Administered Adoption Subsidies",https://www.nyc.gov/assets/doi/press-releases/2026/January/01Travon.Taylor.Sentencing.01.21.2026.pdf,"RELEASE CONTACT: DIANE STRUZZI WEDNESDAY, JANUARY 21, 2026 CLODAGH MCGOWAN (212) 825-5931 BRONX MAN SENTENCED FOR STEALING $38,471 IN CITY-ADMINISTERED ADOPTION SUBSIDIES Christopher Ryan, Acting Commissioner of the New York City Department of Investigation ¦ sentencing today of a Bronx man who pled guilty in connection with stealing nine adoption subsidy checks valued at a total of $38,471. The benefits were administered by the City Administration for Children’s Services (“ACS”), which notified DOI that the ¦ the case. TRAVON TAYLOR, 30, of Bronx, N.Y., was sentenced today to three years’ probation, 50 days of community service, and $10,000 in restitution, as part of a plea agreement in November 2025 in which TAYLOR entered a guilty plea to Petit Larceny, a class A ¦ 1, 2021 and September 6, 2022, records from ACS showed that approximately nine adoption subsidy checks, valued at a total of $38,471.35, were issued by mail to a 68 -year-old Bronx woman who stated she had not receiv ed them and subsequently filled out nine Lost ¦ Banking Unit. A review of bank records associated with the defendant’s bank account found that the missing checks, valued at $38,471.35, were deposited into the defendant’s account between December 8, 2021 and September 6, 2022. The 68 -year-old Bronx woman",4289,,1
2026-01-23,2026,january,Former Civilian Program Counselor at City Department of Correction Sentenced to Three Months' Imprisonment for Accepting Bribes to Smuggle Contraband into Rikers Island,https://www.nyc.gov/assets/doi/press-releases/2026/January/02Henry.Sentencing.01.23.2026.pdf,"two years of supervised release, of which the first three months will be served on home detention, for accepting approximately $ 7,392 in bribes in exchange for smuggling contraband - marijuana, tobacco and drug-soaked papers - to persons in custody at the Rose M. ¦ and their associates in exchange for smuggling contraband into RESH on at least five occasions. HENRY accepted bribes of between $720 and up to $1,500 on each occasion. • The defendant smuggled contraband for Inmate -1 in exchange for bribes on at least two ¦ in exchange for smuggling contraband into RESH on at least five occasions. HENRY accepted bribes of between $720 and up to $1,500 on each occasion. • The defendant smuggled contraband for Inmate -1 in exchange for bribes on at least two occasions. First, the ¦ defendant smuggled contraband for Inmate -1 in exchange for bribes on at least two occasions. First, the defendant accepted a $1,200 bribe in exchange for smuggling tobacco and marijuana into RESH for Inmate -1. At Inmate -1’s direction, the defendant met with a ¦ direction, the defendant met with a non 2 incarcerated co-conspirator (“CC-1”) in Brooklyn, during which CC-1 paid the defendant $1,200 in cash and provided him with two vacuum -sealed packages—one containing tobacco and one containing marijuana. The defendant ¦ them on his “mid -section,” hid them inside some paperwork, and delivered them to Inmate-1. Second, the defendant accepted a $720 bribe in exchange for smuggling two additional packages of tobacco and marijuana into Inmate-1’s facility. Specifically, at ¦ provided the defendant with two packages: one containing marijuana and one containing tobacco. CC -1 also paid the defendant a $720 bribe on Cash App. The defendant then smuggled the packages into Inmate1’s facility using the same method before and provided the ¦ The package was later discovered, leading to an investigation that ultimately implicated the defendant. • The defendant accepted $1,500 in bribes in exchange for smuggling tobacco and marijuana into RESH for Inmate -2. In particular, the defendant was paid $1,500",7294,,1
2026-02-03,2026,february,Former Executive Director of Legal Services Non-Profit in Queens Pleads Guilty to Fraud,https://www.nyc.gov/assets/doi/press-releases/2026/February/Zeno%20Guilty%20Plea%20PR.pdf,"RELEASE FORMER EXECUTIVE DIRECTOR OF LEGAL SERVICES NON-PROFIT IN QUEENS PLEADS GUILTY TO FRAUD Lori Zeno Admits Embezzling Over $100,000 for Personal Vacations, Luxury Shopping, and Penthouse Apartment Earlier today, in federal court in Brooklyn, Lori Zeno, the ¦ (the Penthouse Apartment). Zeno and Ruhani made extravagant purchases with the Organization’s credit cards, spending over $10,000 on a vacation to Bali; $1,700 at a luxury resort in Santa Monica, California; $3,300 for an 85-inch smart television to be ¦ Zeno and Ruhani made extravagant purchases with the Organization’s credit cards, spending over $10,000 on a vacation to Bali; $1,700 at a luxury resort in Santa Monica, California; $3,300 for an 85-inch smart television to be installed at the Penthouse ¦ Organization’s credit cards, spending over $10,000 on a vacation to Bali; $1,700 at a luxury resort in Santa Monica, California; $3,300 for an 85-inch smart television to be installed at the Penthouse Apartment; thousands of dollars in food deliveries to the ¦ thousands of dollars at luxury retailers such as Ralph Lauren and Neiman Marcus. In one instance, Zeno and Ruhani charged over $4,000 to an Organization credit card to buy a Louis Vuitton designer handbag. As part of the conspiracy, Zeno repeatedly lied to the ¦ To pay for the Penthouse Apartment, Zeno and Ruhani fraudulently obtained reimbursements from the Organization for over $39,000 in rent by submitting lease documents that were altered to conceal Zeno’s involvement. Zeno also secured lucrative positions at ¦ hiring another woman married to Ruhani as the director of a non-existent “health and wellness” program with a salary of $60,000. As a result of Zeno’s misuse of its funds, the Organization lost its contract to provide criminal defense services to lowincome",5558,,1
2026-02-06,2026,february,"DOI Investigation Leads to Former City Correction Officer Charged with Submitting False Documents to Steal $9,332",https://www.nyc.gov/assets/doi/press-releases/2026/February/Sosa.Arrest.02.05.2026%20Corrected.pdf,"IS MELONIE S OSA. DOI INVESTIGATION LEADS TO FORMER CITY CORRECTION OFFICER CHARGED WITH SUBMITTING FALSE DOCUMENTS TO STEAL $9,332 IN SICK TIME Christopher Ryan, Acting Commissioner of the New York City Department of Investigation (“DOI”), announced the arrest ¦ Department of Correction (“DOC”) Thursday on charges of submitting fraudulent medical notes in order to collect approximately $9,332 in sick pay. DOI’s investigation was prompted by a report from DOC’s Health Management Division (“HMD”). DOI investigated this ¦ had not been generated by the medical practices for the defendant. As a result of these submissions, the defendant was paid $9,332 in sick leave that she was not entitled to receive. 2 SOSA began employment at DOC in April 2007 and was receiving an annual ¦ was not entitled to receive. 2 SOSA began employment at DOC in April 2007 and was receiving an annual salary of approximately $98,155 at the time of her retirement in October 2023. Acting Commissioner Ryan thanked Queens District Attorney Melinda Katz and her",4649,,1
2026-02-12,2026,february,Former NYPD Official and Florida Businessman Charged with Bribery Offenses,https://www.nyc.gov/assets/doi/press-releases/2026/February/Taylor%20and%20Roefaro%20Arrest%20PR.pdf,"Council of New York, to procure goods and services from Company-1. Second, TAYLOR solicited and attempted to extort as much as $75,000 from two employees (“Individual-1” and “Individual-2,” respectively) of a second company (“Company-2”) that had contracted with ¦ SSD at the Event Space in December 2023. Through that contract, TAYLOR was personally liable to pay the Event Space more than $100,000 for the holiday party. In an attempt to satisfy that personal liability, TAYLOR repeatedly solicited payments from Individual -1",9075,,1
2026-02-18,2026,february,"DOI Calendar Year 2025 by the Numbers: 174 Arrests, An Active Caseload of 1,402 Investigations; and More Than $6 Million in Financial Recoveries Collected for the City",https://www.nyc.gov/assets/doi/press-releases/2026/February/04CYend2025.02.18.2026.Visual.Release.pdf,"in total financial recoveries collected for the city $6M+ corruption@doi.nyc.gov212.3NYC.DOI nyc.gov/doi More Information At: 14 Public Reports Complaints: $5.07M in savings for the ¦ collected for the city $6M+ corruption@doi.nyc.gov212.3NYC.DOI nyc.gov/doi More Information At: 14 Public Reports Complaints: $5.07M in savings for the City recovered as a result of DOI’s Asylum Seeker Monitorship arrests active caseload of investigations ¦ (212) 825-5931 DOI CALENDAR YEAR 2025 BY THE NUMBERS: 174 ARRESTS, AN ACTIVE CASELOAD OF 1,402 INVESTIGATIONS; AND MORE THAN $6 MILLION IN FINANCIAL RECOVERIES COLLECTED FOR THE CITY Christopher Ryan, Acting Commissioner of the New York City Department of ¦ made 372* arrests. • Received 12,979 complaints, approximately 12% fewer than the 14,817* received in CY 2024. • Saved the City $5.07 million in public funds that were recovered as a result of DOI’s Asylum Seeker Monitorship, which found an array of vendor invoicing ¦ such as mistaken doublebilling, overpayment of advance deposits, and other overcharges and anomalies. • Collected more than $6 million in financial recoveries related to DOI investigations. • Referred 153 investigations for criminal prosecution, an 8.4% decrease ¦ Brooklyn charity who was sentenced to 21 months’ imprisonment for embezzlement. • A Queens man pleaded guilty to accepting over $3,000 from two undercover DOI investigators posing as City Taxi and Limousine Commission (“TLC”) license candidates in exchange for ¦ a TLC licensing exam. • A Brooklyn man who pleaded guilty and was sentenced to five days of community service and ordered to pay $7,774 in restitution, the amount he stole by using a “Bot” program to answer hundreds of online health surveys that generated thousands ¦ Specialist (“YDS”) who was charged with allegedly bringing in contraband to juveniles at Crossroads in exchange for more than $70,000.  Three ACS YDSs, including a supervisor, who were charged with allegedly conspiring to smuggle contraband into Crossroads. ",21201,,1
2026-02-27,2026,february,"Former NYC DOC Officer Sentenced for Smuggling Contraband Worth $15,000 into Rikers Island",https://www.nyc.gov/assets/doi/press-releases/2026/February/23-2026-Kendell%20Felix-sentenced-for%20bribe-receiving.pdf,"(718) 590-2234 1 23-2026 For Immediate Release February 27, 2026 FORMER NYC DOC OFFICER SENTENCED FOR SMUGGLING CONTRABAND WORTH $15,000 INTO RIKERS ISLAND Defendant Illegally Smuggled 200 Cigarettes and Cell Phone Bronx District Attorney Darcel D. Clark today ¦ by smuggling valuable commodities that fuel violence. He tarnished Correction Officers reputation and broke his oath for $3,000. Now, he’s on probation for three years and must pay restitution.” Acting NYC Department of Investigation Commissioner ¦ Felix, 38, was sentenced February 26, 2026, by Bronx Supreme Court Justice Jay Kim to three years’ probation and ordered to pay $3,000 and participate in two years of programming. The prosecution had asked for a sentence of one to three years in state prison. The ¦ CLARK DISTRICT ATTORNEY, BRONX COUNTY 198 EAST 161st STREET BRONX, N.Y. 10451 (718) 590-2234 2 and a cell phone in exchange for $3,000. Cigarettes are sold for $50 to $100 each in Rikers Island jails, and the estimated value of the contraband smuggled in by Felix ¦ COUNTY 198 EAST 161st STREET BRONX, N.Y. 10451 (718) 590-2234 2 and a cell phone in exchange for $3,000. Cigarettes are sold for $50 to $100 each in Rikers Island jails, and the estimated value of the contraband smuggled in by Felix was worth approximately ¦ 198 EAST 161st STREET BRONX, N.Y. 10451 (718) 590-2234 2 and a cell phone in exchange for $3,000. Cigarettes are sold for $50 to $100 each in Rikers Island jails, and the estimated value of the contraband smuggled in by Felix was worth approximately $15,000. The ¦ $50 to $100 each in Rikers Island jails, and the estimated value of the contraband smuggled in by Felix was worth approximately $15,000. The case was prosecuted by Assistant District Attorney Tyler Gibson , under the supervision of Cassie Perez, Supervisor in the",3364,,1
2026-03-06,2026,march,"D.A. Bragg, Acting DOI Commissioner Ryan Announce Guilty Pleas of Real Estate Developers Who Defrauded New York's 421-A Program",https://www.nyc.gov/assets/doi/press-releases/2026/March/DANY.421a.Developers.03.06.26.pdf,"New York State’s 421-a tax exemption program meant to promote affordable housing, and collectively obtaining more than $1.6 million in illegal property tax benefits. “Access to affordable housing in Manhattan is scarce. These defendants scammed the system to ¦ affordable housing opportunities for New Yorkers. Instead, these defendants enriched themselves by fraudulently obtaining over $1 million in tax credits from the City while also charging unlawful rents to tenants who did not qualify for affordable housing. Today’s ¦ a False Instrument for Filing in the Second Degree. He was sentenced on December 8, 2025, and paid restitution in the amount of $76,241. AMBROSINO EQUITIES pleaded guilty to Offering a False Instrument for Filing in the First Degree. ALVIN L. BRAGG JR., DISTRICT ¦ Filing in the First Degree. Under the terms of their pleas, PAKNOUSH will create two additional affordable units, GOLD will pay $275,000 in restitution and create one additional affordable unit, and KOHN will pay $514,818 in restitution and create one additional ¦ additional affordable units, GOLD will pay $275,000 in restitution and create one additional affordable unit, and KOHN will pay $514,818 in restitution and create one additional affordable unit. There will also be a three-year period of monitoring by DOI by an ¦ the defendants rented out the units that had been designed as affordable at higher rates for years — sometimes more than $1,000 per month above the approved affordable level — to renters who did not qualify for affordable housing. Additional information ¦ Hill, and rent it out to a subletter under false pretenses. • The indictment of a man for allegedly stealing approximately $20,000 from at least five individuals by purportedly advertising a Hell’s Kitchen apartment for rent in August 2025. • The indictment of ¦ advertising a Hell’s Kitchen apartment for rent in August 2025. • The indictment of a man for allegedly stealing over $32,000 from four individuals by falsely representing himself as the landlord of a Midtown Manhattan luxury studio apartment between",8419,,1
2026-03-12,2026,march,D.A. Bragg Announces Guilty Plea in $325K Wage Theft by School Construction Authority Subcontractor,https://www.nyc.gov/assets/doi/press-releases/2026/March/DANY.SCA.WageTheft.Guilty.Plea.03.12.2026.pdf,"more D.A. BRAGG ANNOUNCES GUILTY PLEA IN $325K WAGE THEFT BY SCHOOL CONSTRUCTION AUTHORITY SUBCONTRACTOR Manhattan District Attorney Alvin L. Bragg, Jr., today announced the ¦ HIGH VOLT ELECTRIC CORP. OF AMERICA (“HIGH VOLT”) and its president MARK ASTUDILLO, 48, for a two-year scheme to steal at least $325,000 from at least 7 workers’ wages and defraud the School Construction Authority while performing work as a subcontractor. Both ¦ in the First Degree. HIGH VOLT additionally pleaded g uilty to Grand Larceny in the Second Degree. They were required to pay $325,000 upfront and were debarred from New York City contracts for 5 years. The indictment was the result of a joint investigation ¦ false documents in an attempt to conceal the theft. Today’s guilty pleas hold accountable those responsible and also result in $325,000 in restitution that will return the stolen wages to the workers. I thank the Manhattan District Attorney’s Office and the School ¦ HIGH VOLT, in turn, paid its workers a fraction of the required prevailing wage rates. Through this scheme, they stole at least $325,000 in public works contract payments, intended for its employees who performed the labor on New York City public schools. Today’s ¦ in the past year alone: • The January 2026 indictment of an HVAC contractor for the MTA for allegedly stealing approximately $339,000 from 13 employees through a cash kickback scheme. • The November 2025 guilty plea of Raul Gutierrez-Salas, a manager of a tile ¦ scheme. • The November 2025 guilty plea of Raul Gutierrez-Salas, a manager of a tile repair company, with full restitution of $6,700 worth of wages stolen from four workers. • The July 2025 sentencing, including jail time and $110,000 in restitution, of ¦ with full restitution of $6,700 worth of wages stolen from four workers. • The July 2025 sentencing, including jail time and $110,000 in restitution, of Master-Rigger George Cole and his company for stealing from his workers who performed dangerous rigging on",6637,,1
2026-03-17,2026,march,City Correction Officer Pleads Guilty to False Statement Charge Relating to Workers' Compensation Claim,https://www.nyc.gov/assets/doi/press-releases/2026/March/06Faustin.Guilty.Plea.03.17.2026.pdf,"he is scheduled to be sentenced on July 7, 2026 . FAUSTIN agreed to pay both restitution and forfeiture, each in the amount of $370,336.79. According to the Indictment, plea agreement, and statements made in court: the New York State Worker’s Compensation Board (the ¦ at Rikers Island during incidents with incarcerated individuals requiring the use of force. In total, FAUSTIN received at least $370,336.79 in benefits to which he was not entitled. To reduce the risk of future fraud, DOI issued a May 2025 report in connection with ¦ resignation letter to DOC, effective March 17, 2026. At the time of his resignation, FAUSTIN’s annual salary was approximately $109,350. Acting Commissioner Ryan thanked Jay Clayton, U.S. Attorney for the Southern District of New York, for his office’s partnership",5912,,1
2026-03-27,2026,march,Former NYCHA Employee Indicted for Corruption in Scheme to Steal from Current and Prospective Tenants,https://www.nyc.gov/assets/doi/press-releases/2026/March/30-2026-Former-NYCHA-Employee-indicted-for-bribery.pdf,"EMPLOYEE INDICTED FOR CORRUPTION IN SCHEME TO STEAL FROM CURRENT AND PROSPECTIVE TENANTS Defendant Allegedly Took More Than $20,000 from Victims Bronx District Attorney Darcel D. Clark today announced that a former employee of New York City Housing Authority’s ¦ on Grand Larceny, Bribe Receiving and other public corruption -related charges for allegedly defrauding peop le of more than $20,000 by falsely claiming he would secure them better apartments. District Attorney Clark said, “This defendant allegedly used his ¦ 8 Voucher. As a result of this defendant’s greed, seven hard worki ng New Yorkers were allegedly scammed out of more than $20,000.” Acting DOI Commissioner Chris Ryan said, ""NYCHA Housing Assistants have a responsibility to work closely and honestly with",4589,,1
2026-03-30,2026,march,"Manhattan D.A., Department of Investigation Announce Bribery Indictment of Department of Buildings Supervisor",https://www.nyc.gov/assets/doi/press-releases/2026/March/ManDA.Udeh.03.30.2026.pdf,"indictment of JAKE UDEH, 57, a former supervisor at the New York City Department of Buildings (“DOB”), for accepting more than $75,000 worth of bribes from three construction-industry company owners: JIH YEUAN HWANG, A/K/A MIKE HWANG, 50, ANSON TSE, 40, and ¦ supervisory role at the Department of Buildings to help his co-conspirators leapfrog those abiding by the rules for as little as $500 a project,” said District Attorney Bragg . “Over the course of the alleged conspiracy, those cash bribes combined with ¦ Bragg . “Over the course of the alleged conspiracy, those cash bribes combined with international travel costs totaled more than $75,000. DOB plays a critical role in ensuring the safety of the more than 1 million buildings and construction sites in New York Cit y. ¦ approvals to his team, or directly approving projects himself, in exchange for cash and other benefits totaling more than $75,000 from HWANG, TSE, and TAM. UDEH typically coordinated the payments through text messages – many of them including specific ¦ paid UDEH to influence more than 250 construction approvals between June 2021 and March 2025. HWANG paid UDEH between $500 and $1,000 in cash for each construction project, and also paid for international travel expenses, including hotel rooms and ¦ for international travel expenses, including hotel rooms and flights to Paraguay and Japan. In total, HWANG paid UDEH more than $65,000 in benefits. TSE, the owner of HTX Building Expediting, paid UDEH to influence more than 50 construction approvals between August ¦ UDEH to influence more than 50 construction approvals between August 2021 and March 2025. TSE’s cash payments totaled more than $5,000. TAM, owner of S. M. Tam Architect, paid UDEH to influence more than 10 construction approvals between February 2024 and March ¦ more than 10 construction approvals between February 2024 and March 2025. TAM’s cash payments to UDEH totaled more than $5,000. This investigation was conducted jointly by the Manhattan D.A.’s Office and the New York City Department of Investigation",6755,,1
2026-03-31,2026,march,"Former Board Chairman and Executive Director of Healthcare Non-Profit Indicted for Embezzlement, Bribery and Kickback Schemes",https://www.nyc.gov/assets/doi/press-releases/2026/March/Tirelus%20et%20al.%20Indictment%20Press%20Release.pdf,"INDICTED FOR EMBEZZLEMENT, BRIBERY AND KICKBACK SCHEMES Defendants Allegedly Abused Their Positions to Obtain More Than $1.3 Million in Stolen Funds and Kickbacks from Vendors Earlier today, in federal court in Brooklyn, an indictment was unsealed charging Jean ¦ federal court in Brooklyn, an indictment was unsealed charging Jean Ronald Tirelus and Roberto Samedy for embezzling more than $1.3 million from a Brooklyn-based non-profit organization that provided home care services and operated homeless shelters in New York City. ¦ anyone who exploits charitable trust for private gain.” “As charged, these defendants devised a scheme that siphoned more than $1.3 million from a publicly-funded nonprofit that provided home health care services and received City homeless shelter contracts. Two of ¦ operations and finances. Between August 2020 and January 2024, Tirelus and Samedy exploited their positions, stealing more than $1.3 million from the Public Interest Organization through several forms of embezzlement and fraud. For example, in May 2023, Tirelus and ¦ embezzlement and fraud. For example, in May 2023, Tirelus and Samedy fraudulently induced the board of directors to authorize an $800,000 payment that went to a shell company controlled by Tirelus. Tirelus and Samedy falsely advised the board of directors that the ¦ board approved a proposal authorizing the Public Interest Organization to invest, Tirelus and Samedy caused Nonprofit #1 to wire $800,000 to a bank account controlled by Tirelus, who diverted the funds to the benefit of himself and Samedy. Separately, St. Fort and",5977,,1
2026-03-31,2026,march,"Joint DOI-DOB Investigative Unit Issues Violations to Unlicensed Hempstead, N.Y. Man Whose Company Illegally Hung Storefront Sign in Queens that was Part of a Collapse that Injured Three People",https://www.nyc.gov/assets/doi/press-releases/2026/March/07Barthol.03.31.2026.pdf,"records show that Rico Creative Art LLC had been hired to create a 48-by-four-foot metaland-canvas sign with LED lighting for $14,000; however, did not hold a DOB license to hang signs, did not obtain the required permits to hang the sign, and did not submit the ¦ for failing to comply with a commissioner's order. If found guilty of these violations , Barthol and his business face up to $87,500 in penalties as a result of the violations. BSIU was established in 2004 as a partnership between DOB and DOI. The unit is housed",5208,,1
2026-04-09,2026,april,Navy Reservist Pleads Guilty to Fraudulently Obtaining Tens of Thousands of Dollars of Military Leave Pay from the Department of Correction,https://www.nyc.gov/assets/doi/press-releases/2026/April/Mathieu Plea PR.pdf,"MATHIEU fraudulently obtained military leave pay from the DOC fr om December 2022 through March 2024, totaling approximately $80,297.90. * * * 2 MATHIEU, 34, of Freeport, New York, pled guilty to one count of wire fraud, which carries a maximum sentence of 20",3308,,1
2026-04-15,2026,april,"NYC DOC Captain, 10 Correction Officers Indicted for Corruption and Grand Larceny",https://www.nyc.gov/assets/doi/press-releases/2026/April/35-2026-DOC-Officers-indicted-for-corruption.pdf,"CORRECTION OFFICERS INDICTED FOR CORRUPTION AND GRAND LARCENY Defendants Allegedly Submitted Phony Timesheets, Were Paid Nearly $230,000 for Hours They Didn’t Work Bronx District Attorney Darcel D. Clark today announced th at a NYC Department of Correction Captain ¦ District Attorney Clark said, “These defendants are accused of submitting fake timesheets resulting in them being paid more than $228,000 that they did not earn . They are veteran civil servants who abused the public trust.” Acting DOI Commissioner Christopher Ryan ¦ these defendants —a Department of Correction Captain and 10 Correction Officers —submitted handwritten timesheets, claiming over $228,000 in regular and overtime hours they did not work by arriving late, leaving early or engaging in ‘no -show’ shifts. This charged ¦ they were working regular hours or overtime, when in fact they were not at work. The total allegedly stolen by the defendants is $228,989.23. The amounts allegedly stolen by each defendant are as follows: William Newlin: $50,083.46 Raymond Espino: $30, 817.17 Jason ¦ stolen by the defendants is $228,989.23. The amounts allegedly stolen by each defendant are as follows: William Newlin: $50,083.46 Raymond Espino: $30, 817.17 Jason Miller: $24,689.80 Raymond Lastra: $24, 4334.53 Odiney Brown: $22,369.50 Clifford Compton: ¦ is $228,989.23. The amounts allegedly stolen by each defendant are as follows: William Newlin: $50,083.46 Raymond Espino: $30, 817.17 Jason Miller: $24,689.80 Raymond Lastra: $24, 4334.53 Odiney Brown: $22,369.50 Clifford Compton: $17,140.42 Odette Adams: ¦ amounts allegedly stolen by each defendant are as follows: William Newlin: $50,083.46 Raymond Espino: $30, 817.17 Jason Miller: $24,689.80 Raymond Lastra: $24, 4334.53 Odiney Brown: $22,369.50 Clifford Compton: $17,140.42 Odette Adams: $15,967.43 Jason Catalanotto: ¦ each defendant are as follows: William Newlin: $50,083.46 Raymond Espino: $30, 817.17 Jason Miller: $24,689.80 Raymond Lastra: $24, 4334.53 Odiney Brown: $22,369.50 Clifford Compton: $17,140.42 Odette Adams: $15,967.43 Jason Catalanotto: $12,625.12 Kenyatta",4591,,1
2026-04-23,2026,april,DOI Commissioner Nadia I. Shihata Marks First Day at DOI,https://www.nyc.gov/assets/doi/press-releases/2026/April/09FirstDayNS.04.23.2026.Final.pdf,,6219,,1
2026-04-29,2026,april,Two NYC DOC Officers Indicted for Official Misconduct Related to Pepper Spraying Inmates,https://www.nyc.gov/assets/doi/press-releases/2026/April/37-2026-DOC-officers-Houlder-and-Hawkins-indicted.pdf,,3757,,1
2026-04-30,2026,april,Former Correction Officer Charged with Filing Phony Documentation for Medical Treatment,https://www.nyc.gov/assets/doi/press-releases/2026/April/wilson_james_04_30_2026_cmp.pdf,"had been treated on April 27 and April 30, 2022. Pizzi died on December 24, 2021. On the 43 dates in question, Wilson received $13,727.45 in total pay. The investigation was conducted by Correction Officer Investigators Anthony Palmer and Matty Lupinacci with DOI’s",5470,,1
2026-04-30,2026,april,"Leader of Brooklyn-Based ""Bully Gang"" Sentenced to 60 Years in Prison",https://www.nyc.gov/assets/doi/press-releases/2026/April/2026.04.30%20Moeleek%20Harrell%20Sentencing%20Press%20Release.pdf,,8877,,1
2026-05-06,2026,may,Attorney General James Stops Forged Temporary License Plate Scheme Operating in Brooklyn,https://www.nyc.gov/assets/doi/press-releases/2026/May/2025.05.06%20Tyheem%20Evans%20Arrest%20Release.pdf,"and sell 30-day, 60-day, and 90-day temporary license plates, which he claimed were valid in any state. Evans charged up to $210 per license plate and sold more than 50 forged temporary license plates for states including California, Georgia, Maryland, New",5920,,1
2026-05-14,2026,may,Candidate for New York City Public Advocate Charged with Wire Fraud,https://www.nyc.gov/assets/doi/press-releases/2026/May/Angela%20Aquino%20Arrest%20Press%20Release.pdf,"PUBLIC ADVOCATE CHARGED WITH WIRE FRAUD Defendant Allegedly Attempted to Defraud the New York City Campaign Finance Board of $1 Million in Public Matching Funds Earlier today in federal court in Brooklyn, a criminal complaint was unsealed charging Angela Aquino, a ¦ “The defendant, a former candidate for citywide office, allegedly engaged in a months’ long brazen scheme to obtain fraudulently $1 million in public funds, exploiting a matching funds program designed to reduce corruption in the city’s campaign finance system,” ¦ allegedly orchestrated a bold scheme to manipulate the public matching funds system in an illegal attempt to unlawfully secure $1 million for her campaign, none of which she was entitled to receive,” stated DOI Commissioner Shihata. “I thank the U.S. 2 Attorney’s ¦ funds, candidates must meet a two-part fundraising threshold: first, they must collect a minimum number of contributions of $10 or more; and second, they must raise a minimum number of qualifying contributions from residents of New York City. To be eligible ¦ of New York City. To be eligible for the matching funds program, a candidate for Public Advocate must have raised at least $125,000 from at least 500 qualifying contributors. In addition, cash contributions are capped at $100 per contributor for purposes of ¦ must have raised at least $125,000 from at least 500 qualifying contributors. In addition, cash contributions are capped at $100 per contributor for purposes of qualifying for matching funds. For a candidate to apply cash contributions toward the threshold ¦ met the eligibility requirements to join the program, the CFB would provide the campaign with public funds at a matching rate of $8 to $1. Therefore, if a candidate raised $125,000 toward the fundraising threshold, the CFB would provide that candidate with $1 ¦ eligibility requirements to join the program, the CFB would provide the campaign with public funds at a matching rate of $8 to $1. Therefore, if a candidate raised $125,000 toward the fundraising threshold, the CFB would provide that candidate with $1",7165,,1
2026-05-21,2026,may,NYC Department of Correction Officer Indicted for Taking Bribes to Smuggle Contraband,https://www.nyc.gov/assets/doi/press-releases/2026/May/46-2026-Eric-Rivera-indicted.pdf,"to the investigation, on two occasions between June 1, 2025, and September 15, 2025, Rivera accepted bribes in excess of $5,000 in exchange for bringing documents purported to be soaked in narcotics onto Rikers Island which he subsequently gave to an",3387,,1
2026-05-26,2026,may,D.A. Bragg Announces Indictment in $188K Pension Theft,https://www.nyc.gov/assets/doi/press-releases/2026/May/5.26.26%20Budreau%20NYCERS%20fraud%20SCA%20release.pdf,"ATTORNEY FOR IMMEDIATE RELEASE May 26, 2026 Contact: Emily Tuttle, tuttlee@dany.nyc.gov D.A. BRAGG ANNOUNCES INDICTMENT IN $188K PENSION THEFT Manhattan District Attorney Alvin Bragg, Jr., today announced the indictment of CHARLENE BUDREAU, 45, for ¦ Manhattan District Attorney Alvin Bragg, Jr., today announced the indictment of CHARLENE BUDREAU, 45, for allegedly stealing $187,913 in pension death benefits intended for her stepdaughter by filing falsified paperwork. BUDREAU is charged in a New York State ¦ its partnership combatting fraud.” DOI Commissioner Nadia I. Shihata said, “As charged, this defendant allegedly stole a nearly $188,000 lump sum pension payment intended for her stepdaughter, depositing the funds into a checking account. Municipal employees work ¦ Retirement System (“NYCERS”) purportedly signed by her stepdaughter to obtain a lump sum pension death benefit check for $187,913.72, which she deposited in her own Citibank checking account in May 2021. Her then-teenage stepdaughter was entitled to the",3685,,1
2026-05-28,2026,may,D.A. Bragg Announces Indictments of OCME Employees for $222K Time Theft,https://www.nyc.gov/assets/doi/press-releases/2026/May/5.28.26 OCME Time Theft DANY.pdf,"RELEASE May 28, 2026 Contact: Emily Tuttle, tuttlee@dany.nyc.gov D.A. BRAGG ANNOUNCES INDICTMENTS OF OCME EMPLOYEES FOR $222K TIME THEFT Manhattan District Attorney Alvin Bragg, Jr., today announced the indictments of three current and former employees ¦ indictments of three current and former employees of the Office of the Chief Medical Examiner for allegedly stealing more than $222,000 in wages from the City of New York by falsifying timesheets for hours they did not work between March 2020 and June 2024. The ¦ DOI Commissioner Nadia I. Shihata said, “These current and former employees of OCME allegedly defrauded the City of more than $220,000 by exploiting the City’s timekeeping system, submitting overtime requests when, in fact, they were not physically on site. This ¦ Aides responsible for the sanitation of OCME facilities. Between March 2020 and June 2024, they allegedly stole a combined $222,000 in wages by submitting CityTime webclock entries for overtime, when they were not physically on the facilities. Specifically, the ¦ entries for overtime, when they were not physically on the facilities. Specifically, the indictments allege: • DIAZ stole $60,079.94 in wages, including approximately $59,805.39 in overtime pay. • PUJOLS-BAEZ stole $72,647.21 in wages, including approximately ¦ physically on the facilities. Specifically, the indictments allege: • DIAZ stole $60,079.94 in wages, including approximately $59,805.39 in overtime pay. • PUJOLS-BAEZ stole $72,647.21 in wages, including approximately $70,815.79 in overtime pay. • HERNANDEZ stole ¦ indictments allege: • DIAZ stole $60,079.94 in wages, including approximately $59,805.39 in overtime pay. • PUJOLS-BAEZ stole $72,647.21 in wages, including approximately $70,815.79 in overtime pay. • HERNANDEZ stole approximately $90,586.26 in wages, including ¦ in wages, including approximately $59,805.39 in overtime pay. • PUJOLS-BAEZ stole $72,647.21 in wages, including approximately $70,815.79 in overtime pay. • HERNANDEZ stole approximately $90,586.26 in wages, including approximately $89,550.78 in overtime pay. OCME",5056,,1
2026-06-01,2026,june,Former City Correction Officer Pleads Guilty to False Statement Charge Relating to Workers' Compensation Claim,https://www.nyc.gov/assets/doi/press-releases/2026/June/11Concepcion.Guilty.Plea.06.01.2026.pdf,"is held accountable for falsely stating he had an on-the-job injury caused by a use-of-force incident, and must forfeit over $200,000 in workers’ compensation benefits he was not entitl ed to receive. This conviction, and DOI’s public report and recommendations ¦ of New York; he is scheduled to be sentenced on September 10, 2026 . CONCEPCION agreed to pay forfeiture in the amount of $232,427, which represents proceeds from the commission of the offense; and restitution in the amount of $232,427. According to the ¦ in the amount of $232,427, which represents proceeds from the commission of the offense; and restitution in the amount of $232,427. According to the Indictment, plea agreement, and statements made in court: the New York State Worker’s Compensation Board (the ¦ their own physicians, and independent medical examiners claiming these fake injuries. In total, CONCEPCION received at least $232,427 in benefits to which he was not entitled. To reduce the risk of future fraud, DOI issued a May 2025 report in connection with ¦ at DOC in June 2017 and at the time of his resignation in April 2021, CONCEPCION was receiving an annual salary of approximately $60,355. Commissioner Shihata thanked Jay Clayton, U.S. Attorney for the Southern District of New York, for his office’s partnership on",6534,,1
2026-06-02,2026,june,Former Staff Member Charged with Smuggling Contraband into Juvenile Detention Center in Exchange for Bribes,https://www.nyc.gov/assets/doi/press-releases/2026/June/Smith%20Arrest%20PR.pdf,,4466,,1
2026-06-03,2026,june,Bronx Landlord Indicted for Filing False Permit Request,https://www.nyc.gov/assets/doi/press-releases/2026/June/BXDA%20Letter%20Head%202026%20joel%20grunbaum%20indicted%20filing%20false%20building%20permit.pdf,,4628,,1
2026-06-08,2026,june,"NYS Legislature Passes Bill that Will Provide Full, Independent Oversight of the NYC Administration for Children's Services (ACS) by Granting DOI Access to Critical ACS Records",https://www.nyc.gov/assets/doi/press-releases/2026/June/12ACSBill06.08.2026.pdf,,2882,,1
2026-06-11,2026,june,New York City Department of Correction Captain Indicted for Extortion and Wage Fraud Scheme,https://www.nyc.gov/assets/doi/press-releases/2026/June/Latanya%20Brown%20Indictment%20Press%20Release.pdf,"for non-work-related purposes, such as visits to restaurants, bars, and a casino. In 2024 and 2025, Brown received more than $250,000 in regular pay and more than $400,000 in overtime pay. However, on more than 100 occasions during this time period, Brown ¦ as visits to restaurants, bars, and a casino. In 2024 and 2025, Brown received more than $250,000 in regular pay and more than $400,000 in overtime pay. However, on more than 100 occasions during this time period, Brown submitted documentation to the DOC claiming",5901,,1
2026-06-22,2026,june,Former CEO at City-Funded Nonprofit Homeless Services Provider Sentenced to Six Months in Prison,https://www.nyc.gov/assets/doi/press-releases/2026/June/14Bransky.Sentencing.06.22.2026.pdf,"BRANSKY today to six months in prison, followed by three years supervised release. BRANSKY was also ordered to pay approximately $7.69 million in r estitution and $1.2 million in forfeiture. He is scheduled to surrender on September 29, 2026. In October 2025, BRANSKY ¦ followed by three years supervised release. BRANSKY was also ordered to pay approximately $7.69 million in r estitution and $1.2 million in forfeiture. He is scheduled to surrender on September 29, 2026. In October 2025, BRANSKY pled guilty to one count of ¦ DOI Commissioner Nadia I. Shihata said, “These defendants used false statements to defraud the City of New York of more than $50 million, money that went toward paying inflated prices and unreasonable mark-ups for goods and services that should have been used to ¦ information, BRANSKY was the Chief Executive Officer of CCS, a not-for-profit homeless services provider that had over $900 million in contracts with the City. As CEO, BRANSKY and others engaged in a scheme to defraud the City through CCS and a group of ¦ to the City to conceal WEISER’s role and ownership of the affiliated companies. CCS, and ultimately the City, paid over $50 million to WEISER’s companies for various goods and services —many of which were provided by other, legitimate companies and then simply ¦ companies and then simply marked up as much as three times their actual cost. Through this scheme, WEISER collected more than $7 million in illicit profits, while BRANSKY earned more than $1.2 million in salary. 2 View the release on the October 2023 indictment of ¦ their actual cost. Through this scheme, WEISER collected more than $7 million in illicit profits, while BRANSKY earned more than $1.2 million in salary. 2 View the release on the October 2023 indictment of the defendants here: Weiser and Bransky Arrest PR.pdf",5134,,1
2026-06-24,2026,june,Former NYC Mayoral Chief-of-Staff and Three Others Charged in Bribery Scheme Related to NYC Migrant Shelter Contract,https://www.nyc.gov/assets/doi/press-releases/2026/June/FC et al. Indictment Press Release.pdf,"certain local hotels. To fund the Emergency Shelter Contracts and other asylum services, the City received over approximately $1.8 billion of federal grant money in 2022. As the City’s migrant crisis reached its peak in 2022, Frank Carone accepted a series of bribe ¦ Frank Carone, however, used his official position as Chief of Staff to intercede on the Microtel’s behalf in exchange for $120,000 of bribe payments from Zhu and Chen. Despite DSS’s prior independent assessment that the Microtel was not a suitable location for ¦ to DSS to consider the Microtel for such a contract. The Microtel ultimately received an Emergency Shelter Contract worth $6,825,000, which inured to the financial benefit of Zhu and Chen. To conceal the criminal nature of the bribe payments, Zhu and Chen ¦ while Frank Carone was Chief of Staff. The sham retainer agreement called for Zhu and Chen to make bribe payments totaling $120,000. After those payments were made, Chen emailed Anthony Carone and requested to terminate the sham retainer agreement. Despite the",10543,,1
2026-06-24,2026,june,"NYC Health + Hospitals Electrician Charged with Stealing High-Grade Copper Wire From South Brooklyn Health and Selling It For More Than $63,000",https://www.nyc.gov/assets/doi/press-releases/2026/June/15Bacchus06.24.2026.pdf,"+ HOSPITALS ELECTRICIAN CHARGED WITH STEALING HIGH- GRADE COPPER WIRE FROM SOUTH BROOKLYN HEALTH AND SELLING IT FOR MORE THAN $63,000 --Defendant received approximately $254,000 in wages in 2025-- Nadia I. Shihata, Commissioner of the New York City Department of ¦ HIGH- GRADE COPPER WIRE FROM SOUTH BROOKLYN HEALTH AND SELLING IT FOR MORE THAN $63,000 --Defendant received approximately $254,000 in wages in 2025-- Nadia I. Shihata, Commissioner of the New York City Department of Investigation (“DOI”), in partnership with ¦ at South Brooklyn Health on charges of stealing highgrade copper wire belonging to NYC H+H and selling it, receiving more than $63 ,000. DOI began investigating this matter upon a report from NYC H+H that the defendant was seen removing boxes and bags from the ¦ afternoon and released on his own recognizance. DOI Commissioner Nadia I. Shihata said, “ Notwithstanding his earning more than $250,000 in 2025, this City employee allegedly chose to exploit his access to a n expensive industrial metal owned by NYC Health + ¦ industrial metal owned by NYC Health + Hospitals, stealing and then selling it for his own personal gain, pocketing more than $63,000, according to the charges. Misconduct by City employees undermines the public’s trust in all City employees, the vast majority of ¦ company, the investigation found that the defendant sold copper wire to that company on 47 separate occasions and received over $63,000 for those sales between March 2025 and March 2026. In addition, on at least one occasion, the defendant was observed on video ¦ in October 2019 and became an electrician with South Brooklyn Health in July 2022. He receives an hourly wage of approximately $70 and in 2025 received annual earnings of $254,176. As a result of this investigation, BACCHUS was suspended earlier this month. ¦ with South Brooklyn Health in July 2022. He receives an hourly wage of approximately $70 and in 2025 received annual earnings of $254,176. As a result of this investigation, BACCHUS was suspended earlier this month. Commissioner Shihata thanked Brooklyn District",5972,,1
2026-06-25,2026,june,NYC Correction Officer Charged with Allegedly Filing Fraudulent Sick Leave Documentation for Medical Treatment She Did Not Receive,https://www.nyc.gov/assets/doi/press-releases/2026/June/16Coakley.Arrest.06.25.2026.pdf,"the City Department of Correction (“DOC”) on charges of submitting fraudulent medical notes in order to collect approximately $5,400 in sick pay she was not entitled to receive. DOI’s investigation was prompted by a report from DOC’s Health Management Division ¦ question and that the letters were not generated by the practice. As a result of these alleged actions, the defendant received $5,407 in sick pay she was not entitled to receive. COAKLEY began employment at DOC in September 2012 and currently has an annual base ¦ entitled to receive. COAKLEY began employment at DOC in September 2012 and currently has an annual base salary of approximately $101,590. Commissioner Shihata thanked Queens District Attorney Melinda Katz and her staff for their partnership on this investigation,",6160,,1
2026-07-01,2026,july,Brooklyn Woman Charged with Using False Information to Receive Affordable Housing,https://www.nyc.gov/assets/doi/press-releases/2026/July/18Hodges07.01.2026.pdf,,4274,,1
2026-07-01,2026,july,"NYC Supervising Probation Officer Charged with Allegedly Filing a Fraudulent Loan Application Through the SBA's Paycheck Protection Program (""PPP"") to Illegally Obtain a $592K Government Loan",https://www.nyc.gov/assets/doi/press-releases/2026/July/17Copeland.Arrest.07.01.2026.pdf,"WITH ALLEGEDLY FILING A FRAUD ULENT LOAN APPLICATION THROUGH THE SBA’S PAYCHECK PROTECTION PROGRAM (“PPP”) TO ILLEGALLY OBTAIN A $592K GOVERNMENT LOAN Nadia I. Shihata, Commissioner of the New York City Department of Investigation (“DOI”), issued the following ¦ of her business, through the Small Business Administration (“SBA”) COVID-19 Paycheck Protection Program (“PPP”) , to gain a $592,000 government-guaranteed loan, which she was not entitled to receive. The loan was forgiven based on fraudulent representations made ¦ of 18 U.S.C. § 1343 . COPELAND was arraigned today before United States Magistrate Judge Stewart D. Aaron and released on $70,000 bond. Her next court date is scheduled for July 31, 2026. DOI Commissioner Nadia I. Shihata said, “As charged, this Probation ¦ and 2020. Based on that fraudulent application, COPELAND was issued an SBA-guaranteed loan in the total amount of approximately $592,500. The loan was forgiven on June 23, 2021, based on alleged fraudulent representations made by COPELAND regarding AHC’s payroll ¦ fraudulent bank records. COPELAND began employment at DOP in April 2018 and currently has an annual base salary of approximately $86,500. Commissioner Shihata thanked Jay Clayton, U.S. Attorney for the Southern District of New York, for his office’s partnership on",5605,,1
2026-07-10,2026,july,Four Defendants Ordered to Pay Over $3 Million in Restitution and Forfeiture for Participating in Kickback Schemes Involving a City-Funded Nonprofit,https://www.nyc.gov/assets/doi/press-releases/2026/July/19nfp.kickback.07.10.2026.pdf,"FOR IMMEDIATE RELEASE CONTACT: DIANE STRUZZI FRIDAY, JULY 10, 2026 CLODAGH MCGOWAN FOUR DEFENDANTS ORDERED TO PAY OVER $3 MILLION IN RESTITUTION AND FORFEITURE FOR PARTICIPATING IN KICKBACK SCHEMES INVOLVING A CITY-FUNDED NONPROFIT Nadia I. Shihata, ¦ two preferred vendors owned by the remaining defendants, in return for more than a million dollars in kickbacks. The more than $3 million that these defendants have been ordered to pay in restitution and forfeiture demonstrates the significant impact of the criminal ¦ District Judge Hector Gonzalez presided over the sentencings of the four individuals , who collectively have been ordered to pay $1,025,647 in restitution on a joint and several basis: • July 9, 2026:CAMARENA, the fourth and final defendant, was sentenced to two years’ ¦ with the first six months to be served on home detention, along with 50 hours of community service; and he was ordered to pay $199,073 in restitution and $224,161 in forfeiture. • July 6, 2026: DSILVA was sentenced to one year and a day in prison and one year of ¦ to be served on home detention, along with 50 hours of community service; and he was ordered to pay $199,073 in restitution and $224,161 in forfeiture. • July 6, 2026: DSILVA was sentenced to one year and a day in prison and one year of supervised release; and was ¦ • July 6, 2026: DSILVA was sentenced to one year and a day in prison and one year of supervised release; and was ordered to pay $1,025,647 in restitution and $714,913 in forfeiture. • June 30, 2026: VELAZQUEZ was sentenced to two years ’ probation, with the first six ¦ to one year and a day in prison and one year of supervised release; and was ordered to pay $1,025,647 in restitution and $714,913 in forfeiture. • June 30, 2026: VELAZQUEZ was sentenced to two years ’ probation, with the first six months to be served on home ¦ was sentenced to two years ’ probation, with the first six months to be served on home detention; and he was ordered to pay $1,025,647 in restitution and $714,913 in forfeiture. • May 21, 2026: NIGAM was sentenced to two years’ probation and 200 hours of community",5808,,1
2026-07-14,2026,july,Former City Correction Officer Sentenced to 15 Months in Prison for Submitting False Information Related to a Workers' Compensation Claim,https://www.nyc.gov/assets/doi/press-releases/2026/July/20.FaustinSentencing07.14.2026.pdf,"supervised release and as part of his plea agreement was ordered to pay both restitution and forfeiture, each in the amount of $370,336.79. He is scheduled to surrender on September 22, 2026. DOI Commissioner Nadia I. Shihata said, “This defendant betrayed his ¦ Rikers 2 Island during incidents with incarcerated individuals requiring the use of force. In total, FAUSTIN received at least $370,336.79 in benefits to which he was not entitled. To reduce the risk of future fraud, DOI issued a May 2025 report in connection with ¦ resignation letter to DOC, effective March 17, 2026. At the time of his resignation, FAUSTIN’s annual salary was approximately $10 5,146. Commissioner Shihata thanked Jay Clayton, U.S. Attorney for the Southern District of New York, for his office’s",6283,,1
2026-07-20,2026,july,"Eight Defendants, Including Current and Former New York City Correction Officers, a Texas Parole Officer, and a New York City Transit Authority Employee, Charged in Check Fraud Scheme",https://www.nyc.gov/assets/doi/press-releases/2026/July/Vieux%20et%20al.%20Indictment%20Press%20Release.pdf,"message that he was in the business of “fraudulent federal documents.” In total, the defendants created and/or deposited over $3 million worth of fictitious checks and obtained over $500,000 in fraudulent proceeds. The defendants spent their stolen cash on luxury ¦ documents.” In total, the defendants created and/or deposited over $3 million worth of fictitious checks and obtained over $500,000 in fraudulent proceeds. The defendants spent their stolen cash on luxury handbags, plastic surgery, and tropical vacations, among",5451,,1
2026-07-22,2026,july,"Enforcer for Brooklyn-Based ""Bully Gang"" Sentenced to 52 Years in Prison",https://www.nyc.gov/assets/doi/press-releases/2026/July/Gillespie%20Bully%20Gang%20Sentencing%20Press%20Release.pdf,,11228,,1
2026-07-28,2026,july,Former Executive Director and Former Employee of Queens Defenders Legal Services Non-Profit Sentenced to Prison for Embezzling Funds,https://www.nyc.gov/assets/doi/press-releases/2026/July/Zeno Ruhani Sentencings Press Release.pdf,"DEFENDERS LEGAL SERVICES NON-PROFIT SENTENCED TO PRISON FOR EMBEZZLING FUNDS Defendants Lori Zeno and Rashad Ruhani Stole Over $400,000 for Personal Vacations, Luxury Shopping, and a Penthouse Apartment Earlier today, in federal court in Brooklyn, Lori Zeno, the ¦ Kovner sentenced Zeno to 43 months’ imprisonment and Ruhani to 57 months’ imprisonment. The defendants were also ordered to pay $656,349.57 in restitution to Queens Defenders and forfeiture money judgments of $187,014.24 (Zeno) and $102,534.27 (Ruhani). Joseph Nocella, ¦ The defendants were also ordered to pay $656,349.57 in restitution to Queens Defenders and forfeiture money judgments of $187,014.24 (Zeno) and $102,534.27 (Ruhani). Joseph Nocella, Jr., United States Attorney for the Eastern District of New York, James C. ¦ were also ordered to pay $656,349.57 in restitution to Queens Defenders and forfeiture money judgments of $187,014.24 (Zeno) and $102,534.27 (Ruhani). Joseph Nocella, Jr., United States Attorney for the Eastern District of New York, James C. Barnacle, Jr., Assistant ¦ (the Penthouse Apartment). Zeno and Ruhani made extravagant purchases with the Queens Defenders’ credit cards, spending over $10,000 on a vacation to Bali; $1,700 at a luxury resort in Santa Monica, California; $3,300 for an 85-inch smart television to be ¦ Zeno and Ruhani made extravagant purchases with the Queens Defenders’ credit cards, spending over $10,000 on a vacation to Bali; $1,700 at a luxury resort in Santa Monica, California; $3,300 for an 85-inch smart television to be installed at the Penthouse ¦ Defenders’ credit cards, spending over $10,000 on a vacation to Bali; $1,700 at a luxury resort in Santa Monica, California; $3,300 for an 85-inch smart television to be installed at the Penthouse Apartment; thousands of dollars in food deliveries to the ¦ thousands of dollars at luxury retailers such as Ralph Lauren and Neiman Marcus. In one instance, Zeno and Ruhani charged over $4,000 to a Queens Defenders credit card to buy a Louis Vuitton designer handbag. As part of the conspiracy, Zeno and Ruhani repeatedly",5919,,1
2026-08-03,2026,august,NYCHA Waste Management Superintendent Charged with Time Theft After Allegedly Going Home When She Should Have Been Working at a NYCHA Facility,https://www.nyc.gov/assets/doi/press-releases/2026/August/21Watson.Arrest.08.03.2026.pdf,"for the New York City Housing Authority (“NYCHA”) on charges of allegedly stealing time from the City valued at a total of $4, 380 between April and July 2026. DOI received a n anonymous complaint, which prompted this investigation. The Office of Brooklyn ¦ in, went home and returned to Glenwood Houses to clock out for a total of 56 hours and 16 minutes, valued at approximately $4,380.90. The investigation found that the defendant was not authorized to work from home nor had she applied to work from home. The ¦ out of Glenwood Houses. 2 WATSON began employment with NYCHA in August 2001 and receives an annual base salary of approximately $108,000. DOI Commissioner Shihata thanked Brooklyn District Attorney Eric Gonzalez and his staff for their partnership on this",5113,,1
2026-08-13,2026,august,"Manhattan D.A., DOI Commissioner Announce Indictment of Former IBO Employee For Computer Trespass, File Theft",https://www.nyc.gov/assets/doi/press-releases/2026/August/Fernandez.IBO.DANY.08.13.2026.pdf,,3579,,1
2026-08-20,2026,august,Candidate for New York City Public Advocate Pleads Guilty to Wire Fraud,https://www.nyc.gov/assets/doi/press-releases/2026/August/Aquino%20Guilty%20Plea%20PR.pdf,"CITY PUBLIC ADVOCATE PLEADS GUILTY TO WIRE FRAUD Angela Aquino Attempted to Defraud the New York City Campaign Finance Board of $1 Million in Public Matching Funds Earlier today in federal court in Brooklyn, Angela Aquino, a 2025 candidate for New York City Public ¦ guilty plea. “The defendant, a former candidate for city office, admitted today that she attempted to defraud New York City of $1 million in public funds,” stated United States Attorney Nocella. “Her brazen efforts threaten the integrity of our local democratic ¦ stated DOI Commissioner Shihata. “As a candidate for NYC Public Advocate, this defendant attempted to fraudulently obtain $1 million in public matching funds by obscuring the true source of the funds flowing into her campaign committee’s bank account. The ¦ funds, candidates must meet a two-part fundraising threshold: first, they must collect a minimum number of contributions of $10 or more; and, second, they must raise a minimum amount of qualifying contributions from residents of New York City. To be ¦ of New York City. To be eligible for the matching funds program, a candidate for Public Advocate must have raised at least $125,000 from at least 500 qualifying contributors. In addition, cash contributions are capped at $100 per contributor for purposes of ¦ must have raised at least $125,000 from at least 500 qualifying contributors. In addition, cash contributions are capped at $100 per contributor for purposes of qualifying for matching funds. For a candidate to apply cash contributions toward the threshold ¦ met the eligibility requirements to join the program, the CFB would provide the campaign with public funds at a matching rate of $8 to $1. In other words, if a candidate raised $125,000 toward the fundraising threshold, the CFB would provide that candidate with ¦ eligibility requirements to join the program, the CFB would provide the campaign with public funds at a matching rate of $8 to $1. In other words, if a candidate raised $125,000 toward the fundraising threshold, the CFB would provide that candidate with $1",6972,,1
2026-08-20,2026,august,DOI's Workers' Compensation Investigation Involving City Correction Officers' Claims Contributes to $175 Million in Cost Savings for the City Over Last Two Fiscal Years,https://www.nyc.gov/assets/doi/press-releases/2026/August/22LawDeptWCEval08.20.2026FINAL.pdf,"MCGOWAN (212) 825-5931 DOI’S WORKERS’ COMPENSATION INVESTIGATION INVOLVING CITY CORRECTION OFFICER S’ CLAIMS CONTRIBUTES TO $175 MILLION IN COST SAVINGS FOR THE CITY OVER LAST TWO FISCAL YEARS —Investigation exemplifies how DOI partners with City agencies to ¦ three City Correction Officers for defrauding the City’s workers’ compensation program, and contributed to an approximately $175 million decrease in the City’s workers’ compensation indemnification costs over the last two fiscal years. The investigation was ¦ findings are based on DOI’s analysis of recent data from the Law Department , which shows that the City has saved approximately $175 million on the indemnification of DOC employee workers’ compensation claims in the past two fiscal years, when measured against a Fiscal ¦ cost to the City of indemnifying DOC workers’ compensation claims dropped by 16.7% from a FY 2024 high, or from approximately $311 million to approximately $259 million. • FY 2026 saw an even larger decrease of 27.3%, bringing the City’s annual indemnification cost ¦ DOC workers’ compensation claims dropped by 16.7% from a FY 2024 high, or from approximately $311 million to approximately $259 million. • FY 2026 saw an even larger decrease of 27.3%, bringing the City’s annual indemnification cost to approximately $188 million, ¦ $259 million. • FY 2026 saw an even larger decrease of 27.3%, bringing the City’s annual indemnification cost to approximately $188 million, almost $123 million per year less than it had been only two years earlier. • Annual claim numbers followed a similar trend—the ¦ 2026 saw an even larger decrease of 27.3%, bringing the City’s annual indemnification cost to approximately $188 million, almost $123 million per year less than it had been only two years earlier. • Annual claim numbers followed a similar trend—the number of workers’",10657,,1
2026-09-01,2026,september,"Co-Defendant in Multi-Million-Dollar Fraud Scheme Involving a Former NYC-Funded Nonprofit Homeless Services Provider Sentenced to Three Years of Supervised Release, Including Two Years of Home Confinement",https://www.nyc.gov/assets/doi/press-releases/2026/September/24Weiser.Sentencing.09.01.2026.pdf,"sentenced WEISER to three years of supervised release, including two years of home confinement, and ordered WEISER to pay $7,687,583 in forfeiture and $7,687,583 in restitution. Judge Broderick sentenced BRANSKY on June 22, 2026 to six months in prison, followed ¦ years of supervised release, including two years of home confinement, and ordered WEISER to pay $7,687,583 in forfeiture and $7,687,583 in restitution. Judge Broderick sentenced BRANSKY on June 22, 2026 to six months in prison, followed by three years of supervised ¦ on June 22, 2026 to six months in prison, followed by three years of supervised release, and ordered him to pay approximately $7.69 million in restitution and $1.2 million in forfeiture. Bransky is scheduled to surrender to prison on November 17, 2026. In October ¦ in prison, followed by three years of supervised release, and ordered him to pay approximately $7.69 million in restitution and $1.2 million in forfeiture. Bransky is scheduled to surrender to prison on November 17, 2026. In October 2025, WEISER pled guilty to one ¦ information, BRANSKY was the Chief Executive Officer of CCS, a not-for-profit homeless services provider that had over $900 million in contracts with the City. As CEO, BRANSKY and others engaged in a scheme to defraud the City through CCS and a group of ¦ to the City to conceal WEISER’s role and ownership of the affiliated companies. CCS, and ultimately the City, paid over $50 million to WEISER’s companies for various goods and services —many of which were provided by other, legitimate companies and then simply ¦ companies and then simply marked up as much as three times their actual cost. Through this scheme, WEISER collected more than $7 m illion in illicit profits, while BRANSKY earned more than $1.2 million in salary. 2 View the release on the October 2023 ¦ actual cost. Through this scheme, WEISER collected more than $7 m illion in illicit profits, while BRANSKY earned more than $1.2 million in salary. 2 View the release on the October 2023 indictment of the defendants here:",5506,,1
2026-09-01,2026,september,DOI Commissioner Nadia I. Shihata Updates the Public on the City Council-Mandated Investigation into What the City May Have Known About the Toxins Produced by the September 11th Terrorist Attacks,https://www.nyc.gov/assets/doi/press-releases/2026/September/23Sept11Inv09.01.2026.pdf,"the investigation, and I want to update everyone on its status: • I am very pleased to report the City has allocated a budget of $3.81 million over this fiscal year -- and next -- to support an investigative firm with public health experience that will assist DOI in the",4141,,1
2026-09-08,2026,september,Two Individuals and Company Indicted for Making and Selling Fake OSHA and Buildings Department Site Safety Cards,https://www.nyc.gov/assets/doi/press-releases/2026/September/KCDA%20Redcode%2009082026.pdf,"and Tushar, an associate, who agreed to provide the undercovers with site safety training (SST) cards and OSHA cards for $500 each without the undercovers completing the required training. The undercovers were allegedly asked to sign attendance sheets,",5856,,1
2026-09-09,2026,september,Joseph and Anthony Livreri Guilty Pleas,https://www.nyc.gov/assets/doi/press-releases/2026/September/25guiltypleas09.09.2026.pdf,,2719,,1
2026-09-15,2026,september,"Former City Correction Officer Sentenced to Two Years' Probation and $80,297 in Restitution for Fraudulently Collecting Tens of Thousands of Dollars of Military Leave Pay From The City She Was Not Entitled to Receive",https://www.nyc.gov/assets/doi/press-releases/2026/September/27Mathieu.Sentencing.09.15.2026.pdf,"TUESDAY, SEPTEMBER 15, 2026 CLODAGH MCGOWAN (212) 825-5931 FORMER CITY CORRECTION OFFICER SENTENCED TO TWO YEARS’ PROBATION AND $80,297 IN RESTITUTION FOR FRAUDULENTLY COLLECTING TENS OF THOUSANDS OF DOLLARS OF MILITARY LEAVE PAY FROM THE CITY SHE WAS NOT ENTITLED ¦ who was also a Sailor in the United States Navy Reserve and New York Naval Militia, for fraudulently obtaining approximately $80,297 in military leave pay from the DOC between December 2022 and March 2024. DOI began its investigation after a referral from the ¦ to two years’ probation and 100 hours of community service. The defendant was also ordered to pay restitution in the amount of $80,297.90. DOI Commissioner Nadia I. Shihata said, “ Paid military leave is a benefit intended to support City employees who are actively ¦ , illegally obtained military leave pay from the DOC between December 2022 and March 2024, totaling approximately $80,297.90. MATHIEU was employed by DOC beginning in December 2016. As a result of this investigation, MATHIEU was suspended on April 9, ¦ terminated on April 22, 2026. At the time of termination, MATHIEU was receiving an annual base salary of approximately $109,352. 2 Commissioner Shihata thanked Jamie McDonald, U.S. Attorney for the Southern District of New York, for his Office’s",5257,,1
2026-09-17,2026,september,"D.A. Bragg: Final ""Valor Security"" Defendant Pleads Guilty for Operating Sham Safety School with Approx. 20K 'Students'",https://www.nyc.gov/assets/doi/press-releases/2026/September/Marini.Valor.DANY.09.17.2026.pdf,"is the final defendant to be convicted in this case . On June 11, 2025, Instructor ELLIOT SOSINOV was sentenced to forfeiture of $100,000. On October 3, 2025, President ALEXANDER SHAPOROV was sentenced to 1 year in jail, 100 hours of community service, and ¦ October 3, 2025, President ALEXANDER SHAPOROV was sentenced to 1 year in jail, 100 hours of community service, and forfeiture of $100,000. VALOR SECURITY & INVESTIGATIONS lost its security license. On April 30, 2026, Director of Business Development RIMMA",5158,,1
2026-09-23,2026,september,"Manhattan D.A., D.O.I, Announce Indictment In $128K NYCERS Theft",https://www.nyc.gov/assets/doi/press-releases/2026/September/Rumley.DANY.09.23.2026.pdf,"IMMEDIATE RELEASE September 23, 2026 Contact: Emily Tuttle, tuttlee@dany.nyc.gov Manhattan D.A., D.O.I, Announce Indictment In $128K NYCERS Theft Manhattan District Attorney Alvin L. Bragg, Jr., and NYC Department of Investigation Commissioner Nadia I. Shihata ¦ of Investigation Commissioner Nadia I. Shihata today announced the indictment of YAKIK RUMLEY, 51, for allegedly stealing $128,142.12 from the NYC Employees’ Retirement System (“NYCERS”) b y depositing his mother’s pension checks for two years after her death. ¦ his deceased mother’s signature on pension checks, and impersonated her on phone calls, so he could illegally obtain more than $128,000 in pension funds. Exploiting the City pension system for personal gai n undermines the system’s integrity and drains essential ¦ to receive. In total, bet ween September 2023 and April 2025, RUMLEY deposited 20 NYCERS pension benefits checks totaling $128,142.12 into his personal accounts. 2 To further his theft, RUMLEY allegedly submitted forms purporting to be his mother to NYCERS and",4276,,1
